year,practice_code,practice_name,region_ods_code,region_name,icb_ods_code,icb_name
2025-26,A81005,SPRINGWOOD SURGERY,Y63,NORTH EAST AND YORKSHIRE COMMISSIONING REGION,QHM,NHS NORTH EAST AND NORTH CUMBRIA INTEGRATED CARE BOARD
2025-26,A81009,VILLAGE MEDICAL CENTRE,Y63,NORTH EAST AND YORKSHIRE COMMISSIONING REGION,QHM,NHS NORTH EAST AND NORTH CUMBRIA INTEGRATED CARE BOARD
2025-26,A81012,WESTBOURNE MEDICAL CENTRE,Y63,NORTH EAST AND YORKSHIRE COMMISSIONING REGION,QHM,NHS NORTH EAST AND NORTH CUMBRIA INTEGRATED CARE BOARD
2025-26,A81013,BROTTON SURGERY,Y63,NORTH EAST AND YORKSHIRE COMMISSIONING REGION,QHM,NHS NORTH EAST AND NORTH CUMBRIA INTEGRATED CARE BOARD
2025-26,A81017,WOODBRIDGE PRACTICE,Y63,NORTH EAST AND YORKSHIRE COMMISSIONING REGION,QHM,NHS NORTH EAST AND NORTH CUMBRIA INTEGRATED CARE BOARD
2025-26,A81020,MARTONSIDE MEDICAL CENTRE,Y63,NORTH EAST AND YORKSHIRE COMMISSIONING REGION,QHM,NHS NORTH EAST AND NORTH CUMBRIA INTEGRATED CARE BOARD
2025-26,A81021,NORMANBY MEDICAL CENTRE,Y63,NORTH EAST AND YORKSHIRE COMMISSIONING REGION,QHM,NHS NORTH EAST AND NORTH CUMBRIA INTEGRATED CARE BOARD
2025-26,A81023,THE ENDEAVOUR PRACTICE,Y63,NORTH EAST AND YORKSHIRE COMMISSIONING REGION,QHM,NHS NORTH EAST AND NORTH CUMBRIA INTEGRATED CARE BOARD
2025-26,A81036,NORTON MEDICAL CENTRE,Y63,NORTH EAST AND YORKSHIRE COMMISSIONING REGION,QHM,NHS NORTH EAST AND NORTH CUMBRIA INTEGRATED CARE BOARD
2025-26,A81037,THE ERIMUS PRACTICE,Y63,NORTH EAST AND YORKSHIRE COMMISSIONING REGION,QHM,NHS NORTH EAST AND NORTH CUMBRIA INTEGRATED CARE BOARD
2025-26,A81044,MCKENZIE HOUSE SURGERY,Y63,NORTH EAST AND YORKSHIRE COMMISSIONING REGION,QHM,NHS NORTH EAST AND NORTH CUMBRIA INTEGRATED CARE BOARD
2025-26,A81046,WOODLANDS FAMILY MEDICAL CENTRE,Y63,NORTH EAST AND YORKSHIRE COMMISSIONING REGION,QHM,NHS NORTH EAST AND NORTH CUMBRIA INTEGRATED CARE BOARD
2025-26,A81052,THE GREEN HOUSE SURGERY,Y63,NORTH EAST AND YORKSHIRE COMMISSIONING REGION,QHM,NHS NORTH EAST AND NORTH CUMBRIA INTEGRATED CARE BOARD
2025-26,A81602,DR RASOOL,Y63,NORTH EAST AND YORKSHIRE COMMISSIONING REGION,QHM,NHS NORTH EAST AND NORTH CUMBRIA INTEGRATED CARE BOARD
2025-26,A81004,ACKLAM MEDICAL CENTRE,Y63,NORTH EAST AND YORKSHIRE COMMISSIONING REGION,QHM,NHS NORTH EAST AND NORTH CUMBRIA INTEGRATED CARE BOARD
2025-26,A81006,TENNANT STREET MEDICAL PRACTICE,Y63,NORTH EAST AND YORKSHIRE COMMISSIONING REGION,QHM,NHS NORTH EAST AND NORTH CUMBRIA INTEGRATED CARE BOARD
2025-26,A81007,BANKHOUSE SURGERY,Y63,NORTH EAST AND YORKSHIRE COMMISSIONING REGION,QHM,NHS NORTH EAST AND NORTH CUMBRIA INTEGRATED CARE BOARD
2025-26,A81011,CHADWICK PRACTICE,Y63,NORTH EAST AND YORKSHIRE COMMISSIONING REGION,QHM,NHS NORTH EAST AND NORTH CUMBRIA INTEGRATED CARE BOARD
2025-26,A81014,QUEENSTREE PRACTICE,Y63,NORTH EAST AND YORKSHIRE COMMISSIONING REGION,QHM,NHS NORTH EAST AND NORTH CUMBRIA INTEGRATED CARE BOARD
2025-26,A81016,PARK SURGERY,Y63,NORTH EAST AND YORKSHIRE COMMISSIONING REGION,QHM,NHS NORTH EAST AND NORTH CUMBRIA INTEGRATED CARE BOARD
2025-26,A81019,CROSSFELL HEALTH CENTRE,Y63,NORTH EAST AND YORKSHIRE COMMISSIONING REGION,QHM,NHS NORTH EAST AND NORTH CUMBRIA INTEGRATED CARE BOARD
2025-26,A81022,HILLSIDE PRACTICE,Y63,NORTH EAST AND YORKSHIRE COMMISSIONING REGION,QHM,NHS NORTH EAST AND NORTH CUMBRIA INTEGRATED CARE BOARD
2025-26,A81027,YARM MEDICAL PRACTICE,Y63,NORTH EAST AND YORKSHIRE COMMISSIONING REGION,QHM,NHS NORTH EAST AND NORTH CUMBRIA INTEGRATED CARE BOARD
2025-26,A81034,THORNABY & BARWICK MEDICAL GROUP,Y63,NORTH EAST AND YORKSHIRE COMMISSIONING REGION,QHM,NHS NORTH EAST AND NORTH CUMBRIA INTEGRATED CARE BOARD
2025-26,A81035,NEWLANDS MEDICAL CENTRE,Y63,NORTH EAST AND YORKSHIRE COMMISSIONING REGION,QHM,NHS NORTH EAST AND NORTH CUMBRIA INTEGRATED CARE BOARD
2025-26,A81042,SOUTH GRANGE MEDICAL GROUP PRACTICE,Y63,NORTH EAST AND YORKSHIRE COMMISSIONING REGION,QHM,NHS NORTH EAST AND NORTH CUMBRIA INTEGRATED CARE BOARD
2025-26,A81049,KINGS MEDICAL CENTRE,Y63,NORTH EAST AND YORKSHIRE COMMISSIONING REGION,QHM,NHS NORTH EAST AND NORTH CUMBRIA INTEGRATED CARE BOARD
2025-26,A81051,CAMBRIDGE MEDICAL GROUP,Y63,NORTH EAST AND YORKSHIRE COMMISSIONING REGION,QHM,NHS NORTH EAST AND NORTH CUMBRIA INTEGRATED CARE BOARD
2025-26,A81001,THE DENSHAM SURGERY,Y63,NORTH EAST AND YORKSHIRE COMMISSIONING REGION,QHM,NHS NORTH EAST AND NORTH CUMBRIA INTEGRATED CARE BOARD
2025-26,A81002,QUEENS PARK MEDICAL CENTRE,Y63,NORTH EAST AND YORKSHIRE COMMISSIONING REGION,QHM,NHS NORTH EAST AND NORTH CUMBRIA INTEGRATED CARE BOARD
2025-26,A81018,BENTLEY MEDICAL PRACTICE,Y63,NORTH EAST AND YORKSHIRE COMMISSIONING REGION,QHM,NHS NORTH EAST AND NORTH CUMBRIA INTEGRATED CARE BOARD
2025-26,A81029,PROSPECT SURGERY,Y63,NORTH EAST AND YORKSHIRE COMMISSIONING REGION,QHM,NHS NORTH EAST AND NORTH CUMBRIA INTEGRATED CARE BOARD
2025-26,A81030,BOROUGH ROAD & NUNTHORPE MEDICAL GROUP,Y63,NORTH EAST AND YORKSHIRE COMMISSIONING REGION,QHM,NHS NORTH EAST AND NORTH CUMBRIA INTEGRATED CARE BOARD
2025-26,A81038,HIRSEL MEDICAL CENTRE,Y63,NORTH EAST AND YORKSHIRE COMMISSIONING REGION,QHM,NHS NORTH EAST AND NORTH CUMBRIA INTEGRATED CARE BOARD
2025-26,A81040,MARSH HOUSE MEDICAL PRACTICE,Y63,NORTH EAST AND YORKSHIRE COMMISSIONING REGION,QHM,NHS NORTH EAST AND NORTH CUMBRIA INTEGRATED CARE BOARD
2025-26,A81045,THE COATHAM ROAD SURGERY,Y63,NORTH EAST AND YORKSHIRE COMMISSIONING REGION,QHM,NHS NORTH EAST AND NORTH CUMBRIA INTEGRATED CARE BOARD
2025-26,A81048,ZETLAND MEDICAL PRACTICE,Y63,NORTH EAST AND YORKSHIRE COMMISSIONING REGION,QHM,NHS NORTH EAST AND NORTH CUMBRIA INTEGRATED CARE BOARD
2025-26,A81056,MELROSE SURGERY,Y63,NORTH EAST AND YORKSHIRE COMMISSIONING REGION,QHM,NHS NORTH EAST AND NORTH CUMBRIA INTEGRATED CARE BOARD
2025-26,A81063,THE HEADLAND MEDICAL CENTRE,Y63,NORTH EAST AND YORKSHIRE COMMISSIONING REGION,QHM,NHS NORTH EAST AND NORTH CUMBRIA INTEGRATED CARE BOARD
2025-26,A81064,THE DISCOVERY PRACTICE,Y63,NORTH EAST AND YORKSHIRE COMMISSIONING REGION,QHM,NHS NORTH EAST AND NORTH CUMBRIA INTEGRATED CARE BOARD
2025-26,A81070,MCKENZIE GROUP PRACTICE,Y63,NORTH EAST AND YORKSHIRE COMMISSIONING REGION,QHM,NHS NORTH EAST AND NORTH CUMBRIA INTEGRATED CARE BOARD
2025-26,A81608,ELM TREE SURGERY,Y63,NORTH EAST AND YORKSHIRE COMMISSIONING REGION,QHM,NHS NORTH EAST AND NORTH CUMBRIA INTEGRATED CARE BOARD
2025-26,A82003,ULVERSTON MEDICAL PRACTICE,Y62,NORTH WEST COMMISSIONING REGION,QE1,NHS LANCASHIRE AND SOUTH CUMBRIA INTEGRATED CARE BOARD
2025-26,A82007,DUKE STREET SURGERY,Y62,NORTH WEST COMMISSIONING REGION,QE1,NHS LANCASHIRE AND SOUTH CUMBRIA INTEGRATED CARE BOARD
2025-26,A82009,BRIDGEGATE MEDICAL CENTRE,Y62,NORTH WEST COMMISSIONING REGION,QE1,NHS LANCASHIRE AND SOUTH CUMBRIA INTEGRATED CARE BOARD
2025-26,A82012,BRAMPTON MEDICAL PRACTICE,Y63,NORTH EAST AND YORKSHIRE COMMISSIONING REGION,QHM,NHS NORTH EAST AND NORTH CUMBRIA INTEGRATED CARE BOARD
2025-26,A82024,SEASCALE HEALTH CENTRE,Y63,NORTH EAST AND YORKSHIRE COMMISSIONING REGION,QHM,NHS NORTH EAST AND NORTH CUMBRIA INTEGRATED CARE BOARD
2025-26,A82027,STATION HOUSE SURGERY,Y62,NORTH WEST COMMISSIONING REGION,QE1,NHS LANCASHIRE AND SOUTH CUMBRIA INTEGRATED CARE BOARD
2025-26,A82047,JAMES STREET GROUP PRACT,Y63,NORTH EAST AND YORKSHIRE COMMISSIONING REGION,QHM,NHS NORTH EAST AND NORTH CUMBRIA INTEGRATED CARE BOARD
2025-26,A82053,NUTWOOD MEDICAL PRACTICE,Y62,NORTH WEST COMMISSIONING REGION,QE1,NHS LANCASHIRE AND SOUTH CUMBRIA INTEGRATED CARE BOARD
2025-26,A82071,BURNETT EDGAR MEDICAL CTR,Y62,NORTH WEST COMMISSIONING REGION,QE1,NHS LANCASHIRE AND SOUTH CUMBRIA INTEGRATED CARE BOARD
2025-26,A82617,KIRKOSWALD SURGERY,Y63,NORTH EAST AND YORKSHIRE COMMISSIONING REGION,QHM,NHS NORTH EAST AND NORTH CUMBRIA INTEGRATED CARE BOARD
2025-26,A82629,THE FAMILY PRACTICE,Y62,NORTH WEST COMMISSIONING REGION,QE1,NHS LANCASHIRE AND SOUTH CUMBRIA INTEGRATED CARE BOARD
2025-26,A82650,HAVERTHWAITE SURGERY,Y62,NORTH WEST COMMISSIONING REGION,QE1,NHS LANCASHIRE AND SOUTH CUMBRIA INTEGRATED CARE BOARD
2025-26,A82651,DUDDON VALLEY MEDICAL PRACTICE,Y62,NORTH WEST COMMISSIONING REGION,QE1,NHS LANCASHIRE AND SOUTH CUMBRIA INTEGRATED CARE BOARD
2025-26,A83005,WHINFIELD MEDICAL PRACTICE,Y63,NORTH EAST AND YORKSHIRE COMMISSIONING REGION,QHM,NHS NORTH EAST AND NORTH CUMBRIA INTEGRATED CARE BOARD
2025-26,A81025,THE DOVECOT SURGERY,Y63,NORTH EAST AND YORKSHIRE COMMISSIONING REGION,QHM,NHS NORTH EAST AND NORTH CUMBRIA INTEGRATED CARE BOARD
2025-26,A81026,LINTHORPE SURGERY,Y63,NORTH EAST AND YORKSHIRE COMMISSIONING REGION,QHM,NHS NORTH EAST AND NORTH CUMBRIA INTEGRATED CARE BOARD
2025-26,A81031,HAVELOCK GRANGE PRACTICE,Y63,NORTH EAST AND YORKSHIRE COMMISSIONING REGION,QHM,NHS NORTH EAST AND NORTH CUMBRIA INTEGRATED CARE BOARD
2025-26,A81032,THE GARTH,Y63,NORTH EAST AND YORKSHIRE COMMISSIONING REGION,QHM,NHS NORTH EAST AND NORTH CUMBRIA INTEGRATED CARE BOARD
2025-26,A81039,EAGLESCLIFFE MEDICAL PRACTICE,Y63,NORTH EAST AND YORKSHIRE COMMISSIONING REGION,QHM,NHS NORTH EAST AND NORTH CUMBRIA INTEGRATED CARE BOARD
2025-26,A81041,HART MEDICAL PRACTICE,Y63,NORTH EAST AND YORKSHIRE COMMISSIONING REGION,QHM,NHS NORTH EAST AND NORTH CUMBRIA INTEGRATED CARE BOARD
2025-26,A81053,WOODSIDE SURGERY,Y63,NORTH EAST AND YORKSHIRE COMMISSIONING REGION,QHM,NHS NORTH EAST AND NORTH CUMBRIA INTEGRATED CARE BOARD
2025-26,A81057,KINGSWAY MEDICAL CENTRE,Y63,NORTH EAST AND YORKSHIRE COMMISSIONING REGION,QHM,NHS NORTH EAST AND NORTH CUMBRIA INTEGRATED CARE BOARD
2025-26,A81058,COULBY MEDICAL PRACTICE,Y63,NORTH EAST AND YORKSHIRE COMMISSIONING REGION,QHM,NHS NORTH EAST AND NORTH CUMBRIA INTEGRATED CARE BOARD
2025-26,A81060,WEST QUAY MEDICAL PRACTICE,Y63,NORTH EAST AND YORKSHIRE COMMISSIONING REGION,QHM,NHS NORTH EAST AND NORTH CUMBRIA INTEGRATED CARE BOARD
2025-26,A81066,PARK LANE SURGERY,Y63,NORTH EAST AND YORKSHIRE COMMISSIONING REGION,QHM,NHS NORTH EAST AND NORTH CUMBRIA INTEGRATED CARE BOARD
2025-26,A81621,THORNTREE SURGERY,Y63,NORTH EAST AND YORKSHIRE COMMISSIONING REGION,QHM,NHS NORTH EAST AND NORTH CUMBRIA INTEGRATED CARE BOARD
2025-26,A81631,WEST VIEW MILLENIUM SURGERY A,Y63,NORTH EAST AND YORKSHIRE COMMISSIONING REGION,QHM,NHS NORTH EAST AND NORTH CUMBRIA INTEGRATED CARE BOARD
2025-26,A82010,ABBEY ROAD SURGERY,Y62,NORTH WEST COMMISSIONING REGION,QE1,NHS LANCASHIRE AND SOUTH CUMBRIA INTEGRATED CARE BOARD
2025-26,A81629,RIVERSIDE MEDICAL PRACTICE,Y63,NORTH EAST AND YORKSHIRE COMMISSIONING REGION,QHM,NHS NORTH EAST AND NORTH CUMBRIA INTEGRATED CARE BOARD
2025-26,A82004,ALSTON MEDICAL PRACTICE,Y63,NORTH EAST AND YORKSHIRE COMMISSIONING REGION,QHM,NHS NORTH EAST AND NORTH CUMBRIA INTEGRATED CARE BOARD
2025-26,A82006,APPLEBY MEDICAL PRACTICE,Y63,NORTH EAST AND YORKSHIRE COMMISSIONING REGION,QHM,NHS NORTH EAST AND NORTH CUMBRIA INTEGRATED CARE BOARD
2025-26,A82008,NORWOOD MEDICAL CENTRE,Y62,NORTH WEST COMMISSIONING REGION,QE1,NHS LANCASHIRE AND SOUTH CUMBRIA INTEGRATED CARE BOARD
2025-26,A82013,UPPER EDEN MEDICAL PRACTICE,Y63,NORTH EAST AND YORKSHIRE COMMISSIONING REGION,QHM,NHS NORTH EAST AND NORTH CUMBRIA INTEGRATED CARE BOARD
2025-26,A82020,EDEN MEDICAL GROUP,Y63,NORTH EAST AND YORKSHIRE COMMISSIONING REGION,QHM,NHS NORTH EAST AND NORTH CUMBRIA INTEGRATED CARE BOARD
2025-26,A82021,CASTLEGATE AND DERWENT SURGERY,Y63,NORTH EAST AND YORKSHIRE COMMISSIONING REGION,QHM,NHS NORTH EAST AND NORTH CUMBRIA INTEGRATED CARE BOARD
2025-26,A82022,DALSTON MEDICAL GROUP,Y63,NORTH EAST AND YORKSHIRE COMMISSIONING REGION,QHM,NHS NORTH EAST AND NORTH CUMBRIA INTEGRATED CARE BOARD
2025-26,A82026,THE JAMES COCHRANE PRACT.,Y62,NORTH WEST COMMISSIONING REGION,QE1,NHS LANCASHIRE AND SOUTH CUMBRIA INTEGRATED CARE BOARD
2025-26,A82028,CASTLEHEAD MEDICAL CENTRE,Y63,NORTH EAST AND YORKSHIRE COMMISSIONING REGION,QHM,NHS NORTH EAST AND NORTH CUMBRIA INTEGRATED CARE BOARD
2025-26,A82029,THE CROFT SURGERY,Y63,NORTH EAST AND YORKSHIRE COMMISSIONING REGION,QHM,NHS NORTH EAST AND NORTH CUMBRIA INTEGRATED CARE BOARD
2025-26,A82038,TEMPLE SOWERBY MEDICAL PRACTICE,Y63,NORTH EAST AND YORKSHIRE COMMISSIONING REGION,QHM,NHS NORTH EAST AND NORTH CUMBRIA INTEGRATED CARE BOARD
2025-26,A82039,DALTON SURGERY,Y62,NORTH WEST COMMISSIONING REGION,QE1,NHS LANCASHIRE AND SOUTH CUMBRIA INTEGRATED CARE BOARD
2025-26,A82045,WIGTON GROUP MEDICAL PRACTICE,Y63,NORTH EAST AND YORKSHIRE COMMISSIONING REGION,QHM,NHS NORTH EAST AND NORTH CUMBRIA INTEGRATED CARE BOARD
2025-26,A81054,THE SALTSCAR SURGERY,Y63,NORTH EAST AND YORKSHIRE COMMISSIONING REGION,QHM,NHS NORTH EAST AND NORTH CUMBRIA INTEGRATED CARE BOARD
2025-26,A81067,ALMA MEDICAL CENTRE,Y63,NORTH EAST AND YORKSHIRE COMMISSIONING REGION,QHM,NHS NORTH EAST AND NORTH CUMBRIA INTEGRATED CARE BOARD
2025-26,A81610,THE ROSEBERRY PRACTICE,Y63,NORTH EAST AND YORKSHIRE COMMISSIONING REGION,QHM,NHS NORTH EAST AND NORTH CUMBRIA INTEGRATED CARE BOARD
2025-26,A81611,PARKWAY MEDICAL CENTRE,Y63,NORTH EAST AND YORKSHIRE COMMISSIONING REGION,QHM,NHS NORTH EAST AND NORTH CUMBRIA INTEGRATED CARE BOARD
2025-26,A81612,THE PATEL PRACTICE,Y63,NORTH EAST AND YORKSHIRE COMMISSIONING REGION,QHM,NHS NORTH EAST AND NORTH CUMBRIA INTEGRATED CARE BOARD
2025-26,A81618,HUNTCLIFF SURGERY,Y63,NORTH EAST AND YORKSHIRE COMMISSIONING REGION,QHM,NHS NORTH EAST AND NORTH CUMBRIA INTEGRATED CARE BOARD
2025-26,A81622,GLADSTONE HOUSE SURGERY,Y63,NORTH EAST AND YORKSHIRE COMMISSIONING REGION,QHM,NHS NORTH EAST AND NORTH CUMBRIA INTEGRATED CARE BOARD
2025-26,A82005,AMBLESIDE HEALTH CENTRE,Y62,NORTH WEST COMMISSIONING REGION,QE1,NHS LANCASHIRE AND SOUTH CUMBRIA INTEGRATED CARE BOARD
2025-26,A82014,CALDBECK SURGERY,Y63,NORTH EAST AND YORKSHIRE COMMISSIONING REGION,QHM,NHS NORTH EAST AND NORTH CUMBRIA INTEGRATED CARE BOARD
2025-26,A82015,CARLISLE CENTRAL PRACTICE,Y63,NORTH EAST AND YORKSHIRE COMMISSIONING REGION,QHM,NHS NORTH EAST AND NORTH CUMBRIA INTEGRATED CARE BOARD
2025-26,A82030,LUNESDALE SURGERY,Y62,NORTH WEST COMMISSIONING REGION,QE1,NHS LANCASHIRE AND SOUTH CUMBRIA INTEGRATED CARE BOARD
2025-26,A82033,WATERLOO HOUSE SURGERY,Y62,NORTH WEST COMMISSIONING REGION,QE1,NHS LANCASHIRE AND SOUTH CUMBRIA INTEGRATED CARE BOARD
2025-26,A82035,BIRBECK MEDICAL GROUP,Y63,NORTH EAST AND YORKSHIRE COMMISSIONING REGION,QHM,NHS NORTH EAST AND NORTH CUMBRIA INTEGRATED CARE BOARD
2025-26,A82041,LOWTHER MEDICAL CENTRE,Y63,NORTH EAST AND YORKSHIRE COMMISSIONING REGION,QHM,NHS NORTH EAST AND NORTH CUMBRIA INTEGRATED CARE BOARD
2025-26,A82016,CARLISLE HEALTHCARE,Y63,NORTH EAST AND YORKSHIRE COMMISSIONING REGION,QHM,NHS NORTH EAST AND NORTH CUMBRIA INTEGRATED CARE BOARD
2025-26,A82018,SPENCER ST SURGERY,Y63,NORTH EAST AND YORKSHIRE COMMISSIONING REGION,QHM,NHS NORTH EAST AND NORTH CUMBRIA INTEGRATED CARE BOARD
2025-26,A82023,DISTINGTON SURGERY,Y63,NORTH EAST AND YORKSHIRE COMMISSIONING REGION,QHM,NHS NORTH EAST AND NORTH CUMBRIA INTEGRATED CARE BOARD
2025-26,A82025,CAPTAIN FRENCH SURGERY,Y62,NORTH WEST COMMISSIONING REGION,QE1,NHS LANCASHIRE AND SOUTH CUMBRIA INTEGRATED CARE BOARD
2025-26,A82031,SHAP MEDICAL PRACTICE,Y63,NORTH EAST AND YORKSHIRE COMMISSIONING REGION,QHM,NHS NORTH EAST AND NORTH CUMBRIA INTEGRATED CARE BOARD
2025-26,A82032,MARYPORT HEALTH SERVICES,Y63,NORTH EAST AND YORKSHIRE COMMISSIONING REGION,QHM,NHS NORTH EAST AND NORTH CUMBRIA INTEGRATED CARE BOARD
2025-26,A82036,THE LAKES MEDICAL PRACTICE,Y63,NORTH EAST AND YORKSHIRE COMMISSIONING REGION,QHM,NHS NORTH EAST AND NORTH CUMBRIA INTEGRATED CARE BOARD
2025-26,A82037,SILLOTH GROUP MEDICAL PRACTICE,Y63,NORTH EAST AND YORKSHIRE COMMISSIONING REGION,QHM,NHS NORTH EAST AND NORTH CUMBRIA INTEGRATED CARE BOARD
2025-26,A82044,FELLVIEW HEALTHCARE,Y63,NORTH EAST AND YORKSHIRE COMMISSIONING REGION,QHM,NHS NORTH EAST AND NORTH CUMBRIA INTEGRATED CARE BOARD
2025-26,A82064,WESTCROFT HOUSE SURGERY,Y63,NORTH EAST AND YORKSHIRE COMMISSIONING REGION,QHM,NHS NORTH EAST AND NORTH CUMBRIA INTEGRATED CARE BOARD
2025-26,A82068,ULVERSTON COMMUNITY HEALTH CENTRE,Y62,NORTH WEST COMMISSIONING REGION,QE1,NHS LANCASHIRE AND SOUTH CUMBRIA INTEGRATED CARE BOARD
2025-26,A82072,RISEDALE SURGERY,Y62,NORTH WEST COMMISSIONING REGION,QE1,NHS LANCASHIRE AND SOUTH CUMBRIA INTEGRATED CARE BOARD
2025-26,A82646,LONGTOWN MEDICAL CENTRE,Y63,NORTH EAST AND YORKSHIRE COMMISSIONING REGION,QHM,NHS NORTH EAST AND NORTH CUMBRIA INTEGRATED CARE BOARD
2025-26,A83008,HALLGARTH SURGERY,Y63,NORTH EAST AND YORKSHIRE COMMISSIONING REGION,QHM,NHS NORTH EAST AND NORTH CUMBRIA INTEGRATED CARE BOARD
2025-26,A83022,THE MEDICAL GROUP,Y63,NORTH EAST AND YORKSHIRE COMMISSIONING REGION,QHM,NHS NORTH EAST AND NORTH CUMBRIA INTEGRATED CARE BOARD
2025-26,A83027,COXHOE MEDICAL PRACTICE,Y63,NORTH EAST AND YORKSHIRE COMMISSIONING REGION,QHM,NHS NORTH EAST AND NORTH CUMBRIA INTEGRATED CARE BOARD
2025-26,A83028,MIDDLE CHARE MEDICAL GROUP,Y63,NORTH EAST AND YORKSHIRE COMMISSIONING REGION,QHM,NHS NORTH EAST AND NORTH CUMBRIA INTEGRATED CARE BOARD
2025-26,A83031,CARMEL MEDICAL PRACTICE,Y63,NORTH EAST AND YORKSHIRE COMMISSIONING REGION,QHM,NHS NORTH EAST AND NORTH CUMBRIA INTEGRATED CARE BOARD
2025-26,A83034,BLACKETTS MEDICAL PRACTICE,Y63,NORTH EAST AND YORKSHIRE COMMISSIONING REGION,QHM,NHS NORTH EAST AND NORTH CUMBRIA INTEGRATED CARE BOARD
2025-26,A83036,CHASTLETON MEDICAL GROUP,Y63,NORTH EAST AND YORKSHIRE COMMISSIONING REGION,QHM,NHS NORTH EAST AND NORTH CUMBRIA INTEGRATED CARE BOARD
2025-26,A83043,OLD FORGE SURGERY,Y63,NORTH EAST AND YORKSHIRE COMMISSIONING REGION,QHM,NHS NORTH EAST AND NORTH CUMBRIA INTEGRATED CARE BOARD
2025-26,A83044,THE HORDEN GROUP PRACTICE,Y63,NORTH EAST AND YORKSHIRE COMMISSIONING REGION,QHM,NHS NORTH EAST AND NORTH CUMBRIA INTEGRATED CARE BOARD
2025-26,A83060,PINFOLD MEDICAL PRACTICE,Y63,NORTH EAST AND YORKSHIRE COMMISSIONING REGION,QHM,NHS NORTH EAST AND NORTH CUMBRIA INTEGRATED CARE BOARD
2025-26,A83066,JUBILEE MEDICAL GROUP,Y63,NORTH EAST AND YORKSHIRE COMMISSIONING REGION,QHM,NHS NORTH EAST AND NORTH CUMBRIA INTEGRATED CARE BOARD
2025-26,A83072,LANCHESTER MEDICAL CENTRE,Y63,NORTH EAST AND YORKSHIRE COMMISSIONING REGION,QHM,NHS NORTH EAST AND NORTH CUMBRIA INTEGRATED CARE BOARD
2025-26,A83634,WEST CORNFORTH MEDICAL CENTRE,Y63,NORTH EAST AND YORKSHIRE COMMISSIONING REGION,QHM,NHS NORTH EAST AND NORTH CUMBRIA INTEGRATED CARE BOARD
2025-26,A83635,BOWBURN MEDICAL CENTRE,Y63,NORTH EAST AND YORKSHIRE COMMISSIONING REGION,QHM,NHS NORTH EAST AND NORTH CUMBRIA INTEGRATED CARE BOARD
2025-26,A84002,THE ROTHBURY PRACTICE,Y63,NORTH EAST AND YORKSHIRE COMMISSIONING REGION,QHM,NHS NORTH EAST AND NORTH CUMBRIA INTEGRATED CARE BOARD
2025-26,A82046,WINDERMERE HEALTH CENTRE,Y62,NORTH WEST COMMISSIONING REGION,QE1,NHS LANCASHIRE AND SOUTH CUMBRIA INTEGRATED CARE BOARD
2025-26,A82055,ASPATRIA MEDICAL GROUP,Y63,NORTH EAST AND YORKSHIRE COMMISSIONING REGION,QHM,NHS NORTH EAST AND NORTH CUMBRIA INTEGRATED CARE BOARD
2025-26,A82070,ST. MARY'S SURGERY,Y62,NORTH WEST COMMISSIONING REGION,QE1,NHS LANCASHIRE AND SOUTH CUMBRIA INTEGRATED CARE BOARD
2025-26,A82613,WRAYSDALE HOUSE SURGERY,Y62,NORTH WEST COMMISSIONING REGION,QE1,NHS LANCASHIRE AND SOUTH CUMBRIA INTEGRATED CARE BOARD
2025-26,A82620,GLENRIDDING HEALTH CENTRE,Y63,NORTH EAST AND YORKSHIRE COMMISSIONING REGION,QHM,NHS NORTH EAST AND NORTH CUMBRIA INTEGRATED CARE BOARD
2025-26,A82631,COURT THORN SURGERY,Y63,NORTH EAST AND YORKSHIRE COMMISSIONING REGION,QHM,NHS NORTH EAST AND NORTH CUMBRIA INTEGRATED CARE BOARD
2025-26,A83003,WILLINGTON MEDICAL GROUP,Y63,NORTH EAST AND YORKSHIRE COMMISSIONING REGION,QHM,NHS NORTH EAST AND NORTH CUMBRIA INTEGRATED CARE BOARD
2025-26,A83010,MOORLANDS SURGERY,Y63,NORTH EAST AND YORKSHIRE COMMISSIONING REGION,QHM,NHS NORTH EAST AND NORTH CUMBRIA INTEGRATED CARE BOARD
2025-26,A83011,CLAYPATH & UNIVERSITY MEDICAL GROUP,Y63,NORTH EAST AND YORKSHIRE COMMISSIONING REGION,QHM,NHS NORTH EAST AND NORTH CUMBRIA INTEGRATED CARE BOARD
2025-26,A83014,BELMONT & SHERBURN MEDICAL GROUP,Y63,NORTH EAST AND YORKSHIRE COMMISSIONING REGION,QHM,NHS NORTH EAST AND NORTH CUMBRIA INTEGRATED CARE BOARD
2025-26,A83021,AUCKLAND MEDICAL GROUP,Y63,NORTH EAST AND YORKSHIRE COMMISSIONING REGION,QHM,NHS NORTH EAST AND NORTH CUMBRIA INTEGRATED CARE BOARD
2025-26,A83026,SACRISTON MEDICAL CENTRE,Y63,NORTH EAST AND YORKSHIRE COMMISSIONING REGION,QHM,NHS NORTH EAST AND NORTH CUMBRIA INTEGRATED CARE BOARD
2025-26,A83029,GREAT LUMLEY SURGERY,Y63,NORTH EAST AND YORKSHIRE COMMISSIONING REGION,QHM,NHS NORTH EAST AND NORTH CUMBRIA INTEGRATED CARE BOARD
2025-26,A83035,THE WEARDALE PRACTICE,Y63,NORTH EAST AND YORKSHIRE COMMISSIONING REGION,QHM,NHS NORTH EAST AND NORTH CUMBRIA INTEGRATED CARE BOARD
2025-26,A82062,ATKINSON HEALTH CENTRE,Y62,NORTH WEST COMMISSIONING REGION,QE1,NHS LANCASHIRE AND SOUTH CUMBRIA INTEGRATED CARE BOARD
2025-26,A82075,MANSION HOUSE SURGERY,Y63,NORTH EAST AND YORKSHIRE COMMISSIONING REGION,QHM,NHS NORTH EAST AND NORTH CUMBRIA INTEGRATED CARE BOARD
2025-26,A82608,SEDBERGH MEDICAL PRACTICE,Y62,NORTH WEST COMMISSIONING REGION,QE1,NHS LANCASHIRE AND SOUTH CUMBRIA INTEGRATED CARE BOARD
2025-26,A82647,CARTMEL SURGERY,Y62,NORTH WEST COMMISSIONING REGION,QE1,NHS LANCASHIRE AND SOUTH CUMBRIA INTEGRATED CARE BOARD
2025-26,A82654,WARWICK SQUARE GROUP PRACTICE,Y63,NORTH EAST AND YORKSHIRE COMMISSIONING REGION,QHM,NHS NORTH EAST AND NORTH CUMBRIA INTEGRATED CARE BOARD
2025-26,A83001,ST ANDREW'S MEDICAL PRACTICE,Y63,NORTH EAST AND YORKSHIRE COMMISSIONING REGION,QHM,NHS NORTH EAST AND NORTH CUMBRIA INTEGRATED CARE BOARD
2025-26,A83006,ORCHARD COURT SURGERY,Y63,NORTH EAST AND YORKSHIRE COMMISSIONING REGION,QHM,NHS NORTH EAST AND NORTH CUMBRIA INTEGRATED CARE BOARD
2025-26,A83007,BLACKHALL AND PETERLEE PRACTICE,Y63,NORTH EAST AND YORKSHIRE COMMISSIONING REGION,QHM,NHS NORTH EAST AND NORTH CUMBRIA INTEGRATED CARE BOARD
2025-26,A83009,BRIDGE END SURGERY,Y63,NORTH EAST AND YORKSHIRE COMMISSIONING REGION,QHM,NHS NORTH EAST AND NORTH CUMBRIA INTEGRATED CARE BOARD
2025-26,A83012,WILLIAM BROWN CENTRE,Y63,NORTH EAST AND YORKSHIRE COMMISSIONING REGION,QHM,NHS NORTH EAST AND NORTH CUMBRIA INTEGRATED CARE BOARD
2025-26,A83013,NEASHAM ROAD SURGERY,Y63,NORTH EAST AND YORKSHIRE COMMISSIONING REGION,QHM,NHS NORTH EAST AND NORTH CUMBRIA INTEGRATED CARE BOARD
2025-26,A83015,STATION VIEW MEDICAL CENTRE,Y63,NORTH EAST AND YORKSHIRE COMMISSIONING REGION,QHM,NHS NORTH EAST AND NORTH CUMBRIA INTEGRATED CARE BOARD
2025-26,A83024,WEST RAINTON SURGERY,Y63,NORTH EAST AND YORKSHIRE COMMISSIONING REGION,QHM,NHS NORTH EAST AND NORTH CUMBRIA INTEGRATED CARE BOARD
2025-26,A83030,DUNELM MEDICAL PRACTICE,Y63,NORTH EAST AND YORKSHIRE COMMISSIONING REGION,QHM,NHS NORTH EAST AND NORTH CUMBRIA INTEGRATED CARE BOARD
2025-26,A84005,BEDLINGTONSHIRE MED.GROUP,Y63,NORTH EAST AND YORKSHIRE COMMISSIONING REGION,QHM,NHS NORTH EAST AND NORTH CUMBRIA INTEGRATED CARE BOARD
2025-26,A84014,MARINE MEDICAL GROUP,Y63,NORTH EAST AND YORKSHIRE COMMISSIONING REGION,QHM,NHS NORTH EAST AND NORTH CUMBRIA INTEGRATED CARE BOARD
2025-26,A84025,CRAMLINGTON MEDICAL GROUP,Y63,NORTH EAST AND YORKSHIRE COMMISSIONING REGION,QHM,NHS NORTH EAST AND NORTH CUMBRIA INTEGRATED CARE BOARD
2025-26,A84026,WELL CLOSE MEDICAL GROUP,Y63,NORTH EAST AND YORKSHIRE COMMISSIONING REGION,QHM,NHS NORTH EAST AND NORTH CUMBRIA INTEGRATED CARE BOARD
2025-26,A84034,HALTWHISTLE MEDICAL GROUP,Y63,NORTH EAST AND YORKSHIRE COMMISSIONING REGION,QHM,NHS NORTH EAST AND NORTH CUMBRIA INTEGRATED CARE BOARD
2025-26,A84040,HUMSHAUGH & WARK MED GRP,Y63,NORTH EAST AND YORKSHIRE COMMISSIONING REGION,QHM,NHS NORTH EAST AND NORTH CUMBRIA INTEGRATED CARE BOARD
2025-26,A84044,UNION BRAE & NORHAM PRAC,Y63,NORTH EAST AND YORKSHIRE COMMISSIONING REGION,QHM,NHS NORTH EAST AND NORTH CUMBRIA INTEGRATED CARE BOARD
2025-26,A84047,BRANCH END SURGERY,Y63,NORTH EAST AND YORKSHIRE COMMISSIONING REGION,QHM,NHS NORTH EAST AND NORTH CUMBRIA INTEGRATED CARE BOARD
2025-26,A84619,ELSDON AVENUE SURGERY,Y63,NORTH EAST AND YORKSHIRE COMMISSIONING REGION,QHM,NHS NORTH EAST AND NORTH CUMBRIA INTEGRATED CARE BOARD
2025-26,A85005,OXFORD TCE & RAWLING RD MEDICAL GROUP,Y63,NORTH EAST AND YORKSHIRE COMMISSIONING REGION,QHM,NHS NORTH EAST AND NORTH CUMBRIA INTEGRATED CARE BOARD
2025-26,A85013,MILLENNIUM FAMILY PRACTICE,Y63,NORTH EAST AND YORKSHIRE COMMISSIONING REGION,QHM,NHS NORTH EAST AND NORTH CUMBRIA INTEGRATED CARE BOARD
2025-26,A85016,WREKENTON MEDICAL GROUP,Y63,NORTH EAST AND YORKSHIRE COMMISSIONING REGION,QHM,NHS NORTH EAST AND NORTH CUMBRIA INTEGRATED CARE BOARD
2025-26,A85026,BEACON VIEW MEDICAL CENTRE,Y63,NORTH EAST AND YORKSHIRE COMMISSIONING REGION,QHM,NHS NORTH EAST AND NORTH CUMBRIA INTEGRATED CARE BOARD
2025-26,A85614,THE BRIDGES MEDICAL PRACTICE,Y63,NORTH EAST AND YORKSHIRE COMMISSIONING REGION,QHM,NHS NORTH EAST AND NORTH CUMBRIA INTEGRATED CARE BOARD
2025-26,A85616,HOLLYHURST MEDICAL CENTRE,Y63,NORTH EAST AND YORKSHIRE COMMISSIONING REGION,QHM,NHS NORTH EAST AND NORTH CUMBRIA INTEGRATED CARE BOARD
2025-26,A86010,BIDDLESTONE HEALTH GROUP,Y63,NORTH EAST AND YORKSHIRE COMMISSIONING REGION,QHM,NHS NORTH EAST AND NORTH CUMBRIA INTEGRATED CARE BOARD
2025-26,A86020,JESMOND HEALTH PARTNERSHIP,Y63,NORTH EAST AND YORKSHIRE COMMISSIONING REGION,QHM,NHS NORTH EAST AND NORTH CUMBRIA INTEGRATED CARE BOARD
2025-26,A86023,BENFIELD PARK MEDICAL GROUP,Y63,NORTH EAST AND YORKSHIRE COMMISSIONING REGION,QHM,NHS NORTH EAST AND NORTH CUMBRIA INTEGRATED CARE BOARD
2025-26,A86027,NEWCASTLE MEDICAL CENTRE,Y63,NORTH EAST AND YORKSHIRE COMMISSIONING REGION,QHM,NHS NORTH EAST AND NORTH CUMBRIA INTEGRATED CARE BOARD
2025-26,A86031,FENHAM HALL SURGERY,Y63,NORTH EAST AND YORKSHIRE COMMISSIONING REGION,QHM,NHS NORTH EAST AND NORTH CUMBRIA INTEGRATED CARE BOARD
2025-26,A86038,NEWBURN SURGERY,Y63,NORTH EAST AND YORKSHIRE COMMISSIONING REGION,QHM,NHS NORTH EAST AND NORTH CUMBRIA INTEGRATED CARE BOARD
2025-26,A86040,ST. ANTHONY'S HEALTH CENTRE,Y63,NORTH EAST AND YORKSHIRE COMMISSIONING REGION,QHM,NHS NORTH EAST AND NORTH CUMBRIA INTEGRATED CARE BOARD
2025-26,A86041,SWARLAND AVENUE SURGERY,Y63,NORTH EAST AND YORKSHIRE COMMISSIONING REGION,QHM,NHS NORTH EAST AND NORTH CUMBRIA INTEGRATED CARE BOARD
2025-26,A87004,COLLINGWOOD HEALTH GROUP,Y63,NORTH EAST AND YORKSHIRE COMMISSIONING REGION,QHM,NHS NORTH EAST AND NORTH CUMBRIA INTEGRATED CARE BOARD
2025-26,A87008,MARINE AVENUE MEDICAL CTR,Y63,NORTH EAST AND YORKSHIRE COMMISSIONING REGION,QHM,NHS NORTH EAST AND NORTH CUMBRIA INTEGRATED CARE BOARD
2025-26,A87013,BEWICKE MEDICAL CENTRE,Y63,NORTH EAST AND YORKSHIRE COMMISSIONING REGION,QHM,NHS NORTH EAST AND NORTH CUMBRIA INTEGRATED CARE BOARD
2025-26,A87020,BRIDGE AND MONKSEATON MEDICAL PRACTICE,Y63,NORTH EAST AND YORKSHIRE COMMISSIONING REGION,QHM,NHS NORTH EAST AND NORTH CUMBRIA INTEGRATED CARE BOARD
2025-26,A87022,NORTHUMBERLAND PARK MEDICAL GROUP,Y63,NORTH EAST AND YORKSHIRE COMMISSIONING REGION,QHM,NHS NORTH EAST AND NORTH CUMBRIA INTEGRATED CARE BOARD
2025-26,A83041,MURTON MEDICAL CENTRE,Y63,NORTH EAST AND YORKSHIRE COMMISSIONING REGION,QHM,NHS NORTH EAST AND NORTH CUMBRIA INTEGRATED CARE BOARD
2025-26,A83047,DENMARK STREET SURGERY,Y63,NORTH EAST AND YORKSHIRE COMMISSIONING REGION,QHM,NHS NORTH EAST AND NORTH CUMBRIA INTEGRATED CARE BOARD
2025-26,A83051,MARLBOROUGH SURGERY,Y63,NORTH EAST AND YORKSHIRE COMMISSIONING REGION,QHM,NHS NORTH EAST AND NORTH CUMBRIA INTEGRATED CARE BOARD
2025-26,A83071,THE NEW SEAHAM MEDICAL GROUP,Y63,NORTH EAST AND YORKSHIRE COMMISSIONING REGION,QHM,NHS NORTH EAST AND NORTH CUMBRIA INTEGRATED CARE BOARD
2025-26,A83075,BYRON MEDICAL PRACTICE,Y63,NORTH EAST AND YORKSHIRE COMMISSIONING REGION,QHM,NHS NORTH EAST AND NORTH CUMBRIA INTEGRATED CARE BOARD
2025-26,A83627,SILVERDALE FAMILY PRACTICE,Y63,NORTH EAST AND YORKSHIRE COMMISSIONING REGION,QHM,NHS NORTH EAST AND NORTH CUMBRIA INTEGRATED CARE BOARD
2025-26,A83641,PARKGATE SURGERY,Y63,NORTH EAST AND YORKSHIRE COMMISSIONING REGION,QHM,NHS NORTH EAST AND NORTH CUMBRIA INTEGRATED CARE BOARD
2025-26,A84006,ALNWICK MEDICAL GROUP,Y63,NORTH EAST AND YORKSHIRE COMMISSIONING REGION,QHM,NHS NORTH EAST AND NORTH CUMBRIA INTEGRATED CARE BOARD
2025-26,A84007,PONTELAND MEDICAL GROUP,Y63,NORTH EAST AND YORKSHIRE COMMISSIONING REGION,QHM,NHS NORTH EAST AND NORTH CUMBRIA INTEGRATED CARE BOARD
2025-26,A84008,BELFORD MEDICAL PRACTICE,Y63,NORTH EAST AND YORKSHIRE COMMISSIONING REGION,QHM,NHS NORTH EAST AND NORTH CUMBRIA INTEGRATED CARE BOARD
2025-26,A84009,RAILWAY MEDICAL GROUP,Y63,NORTH EAST AND YORKSHIRE COMMISSIONING REGION,QHM,NHS NORTH EAST AND NORTH CUMBRIA INTEGRATED CARE BOARD
2025-26,A84013,THE GABLES MEDICAL GROUP,Y63,NORTH EAST AND YORKSHIRE COMMISSIONING REGION,QHM,NHS NORTH EAST AND NORTH CUMBRIA INTEGRATED CARE BOARD
2025-26,A84018,CORBRIDGE HEALTH CENTRE,Y63,NORTH EAST AND YORKSHIRE COMMISSIONING REGION,QHM,NHS NORTH EAST AND NORTH CUMBRIA INTEGRATED CARE BOARD
2025-26,A84020,GUIDEPOST MEDICAL GROUP,Y63,NORTH EAST AND YORKSHIRE COMMISSIONING REGION,QHM,NHS NORTH EAST AND NORTH CUMBRIA INTEGRATED CARE BOARD
2025-26,A88005,WENLOCK ROAD SURGERY,Y63,NORTH EAST AND YORKSHIRE COMMISSIONING REGION,QHM,NHS NORTH EAST AND NORTH CUMBRIA INTEGRATED CARE BOARD
2025-26,A88012,ELLISON VIEW SURGERY,Y63,NORTH EAST AND YORKSHIRE COMMISSIONING REGION,QHM,NHS NORTH EAST AND NORTH CUMBRIA INTEGRATED CARE BOARD
2025-26,A88014,WEST VIEW SURGERY,Y63,NORTH EAST AND YORKSHIRE COMMISSIONING REGION,QHM,NHS NORTH EAST AND NORTH CUMBRIA INTEGRATED CARE BOARD
2025-26,A88015,ST GEORGE & RIVERSIDE MEDICAL PRACTICE,Y63,NORTH EAST AND YORKSHIRE COMMISSIONING REGION,QHM,NHS NORTH EAST AND NORTH CUMBRIA INTEGRATED CARE BOARD
2025-26,A88016,COLLIERY COURT MEDICAL GROUP,Y63,NORTH EAST AND YORKSHIRE COMMISSIONING REGION,QHM,NHS NORTH EAST AND NORTH CUMBRIA INTEGRATED CARE BOARD
2025-26,A88025,THE G.P.SUITE,Y63,NORTH EAST AND YORKSHIRE COMMISSIONING REGION,QHM,NHS NORTH EAST AND NORTH CUMBRIA INTEGRATED CARE BOARD
2025-26,A89008,RED HOUSE MEDICAL CENTRE,Y63,NORTH EAST AND YORKSHIRE COMMISSIONING REGION,QHM,NHS NORTH EAST AND NORTH CUMBRIA INTEGRATED CARE BOARD
2025-26,A89009,HERRINGTON MEDICAL CENTRE,Y63,NORTH EAST AND YORKSHIRE COMMISSIONING REGION,QHM,NHS NORTH EAST AND NORTH CUMBRIA INTEGRATED CARE BOARD
2025-26,A89013,THE NEW CITY MEDICAL GROUP,Y63,NORTH EAST AND YORKSHIRE COMMISSIONING REGION,QHM,NHS NORTH EAST AND NORTH CUMBRIA INTEGRATED CARE BOARD
2025-26,A89018,ASHBURN MEDICAL CENTRE,Y63,NORTH EAST AND YORKSHIRE COMMISSIONING REGION,QHM,NHS NORTH EAST AND NORTH CUMBRIA INTEGRATED CARE BOARD
2025-26,A89021,KEPIER MEDICAL PRACTICE,Y63,NORTH EAST AND YORKSHIRE COMMISSIONING REGION,QHM,NHS NORTH EAST AND NORTH CUMBRIA INTEGRATED CARE BOARD
2025-26,A89022,CONCORD MEDICAL PRACTICE,Y63,NORTH EAST AND YORKSHIRE COMMISSIONING REGION,QHM,NHS NORTH EAST AND NORTH CUMBRIA INTEGRATED CARE BOARD
2025-26,A89023,"HOUGHTON MEDICAL GROUP,",Y63,NORTH EAST AND YORKSHIRE COMMISSIONING REGION,QHM,NHS NORTH EAST AND NORTH CUMBRIA INTEGRATED CARE BOARD
2025-26,A89024,THE BROADWAY MEDICAL PRACTICE,Y63,NORTH EAST AND YORKSHIRE COMMISSIONING REGION,QHM,NHS NORTH EAST AND NORTH CUMBRIA INTEGRATED CARE BOARD
2025-26,A89026,NEW WASHINGTON MEDICAL GROUP,Y63,NORTH EAST AND YORKSHIRE COMMISSIONING REGION,QHM,NHS NORTH EAST AND NORTH CUMBRIA INTEGRATED CARE BOARD
2025-26,A89028,GRANGEWOOD SURGERY,Y63,NORTH EAST AND YORKSHIRE COMMISSIONING REGION,QHM,NHS NORTH EAST AND NORTH CUMBRIA INTEGRATED CARE BOARD
2025-26,B81003,BEACON MEDICAL,Y63,NORTH EAST AND YORKSHIRE COMMISSIONING REGION,QOQ,NHS HUMBER AND NORTH YORKSHIRE INTEGRATED CARE BOARD
2025-26,B81008,HULL FAMILY PRACTICE,Y63,NORTH EAST AND YORKSHIRE COMMISSIONING REGION,QOQ,NHS HUMBER AND NORTH YORKSHIRE INTEGRATED CARE BOARD
2025-26,B81009,MARKET WEIGHTON GROUP PRACTICE,Y63,NORTH EAST AND YORKSHIRE COMMISSIONING REGION,QOQ,NHS HUMBER AND NORTH YORKSHIRE INTEGRATED CARE BOARD
2025-26,B81013,MONTAGUE MEDICAL PRACTICE,Y63,NORTH EAST AND YORKSHIRE COMMISSIONING REGION,QOQ,NHS HUMBER AND NORTH YORKSHIRE INTEGRATED CARE BOARD
2025-26,B81022,CAMBRIDGE AVENUE & MESSINGHAM MC,Y63,NORTH EAST AND YORKSHIRE COMMISSIONING REGION,QOQ,NHS HUMBER AND NORTH YORKSHIRE INTEGRATED CARE BOARD
2025-26,B81025,HOLDERNESS HEALTH,Y63,NORTH EAST AND YORKSHIRE COMMISSIONING REGION,QOQ,NHS HUMBER AND NORTH YORKSHIRE INTEGRATED CARE BOARD
2025-26,B81031,WOODFIELD MEDICAL,Y63,NORTH EAST AND YORKSHIRE COMMISSIONING REGION,QOQ,NHS HUMBER AND NORTH YORKSHIRE INTEGRATED CARE BOARD
2025-26,B81036,POCKLINGTON GROUP PRACTICE,Y63,NORTH EAST AND YORKSHIRE COMMISSIONING REGION,QOQ,NHS HUMBER AND NORTH YORKSHIRE INTEGRATED CARE BOARD
2025-26,B81039,THE ROXTON PRACTICE,Y63,NORTH EAST AND YORKSHIRE COMMISSIONING REGION,QOQ,NHS HUMBER AND NORTH YORKSHIRE INTEGRATED CARE BOARD
2025-26,B81043,SOUTH AXHOLME PRACTICE,Y63,NORTH EAST AND YORKSHIRE COMMISSIONING REGION,QOQ,NHS HUMBER AND NORTH YORKSHIRE INTEGRATED CARE BOARD
2025-26,B81046,THE BRIDGE GROUP PRACTICE,Y63,NORTH EAST AND YORKSHIRE COMMISSIONING REGION,QOQ,NHS HUMBER AND NORTH YORKSHIRE INTEGRATED CARE BOARD
2025-26,B81054,CLIFTON HOUSE MEDICAL CENTRE,Y63,NORTH EAST AND YORKSHIRE COMMISSIONING REGION,QOQ,NHS HUMBER AND NORTH YORKSHIRE INTEGRATED CARE BOARD
2025-26,A84029,NORTHUMBERLAND HEALTH,Y63,NORTH EAST AND YORKSHIRE COMMISSIONING REGION,QHM,NHS NORTH EAST AND NORTH CUMBRIA INTEGRATED CARE BOARD
2025-26,A84030,VILLAGE MEDICAL GROUP,Y63,NORTH EAST AND YORKSHIRE COMMISSIONING REGION,QHM,NHS NORTH EAST AND NORTH CUMBRIA INTEGRATED CARE BOARD
2025-26,A84031,GREYSTOKE SURGERY,Y63,NORTH EAST AND YORKSHIRE COMMISSIONING REGION,QHM,NHS NORTH EAST AND NORTH CUMBRIA INTEGRATED CARE BOARD
2025-26,A84038,FORUM FAMILY PRACTICE,Y63,NORTH EAST AND YORKSHIRE COMMISSIONING REGION,QHM,NHS NORTH EAST AND NORTH CUMBRIA INTEGRATED CARE BOARD
2025-26,A84039,GAS HOUSE LANE SURGERY,Y63,NORTH EAST AND YORKSHIRE COMMISSIONING REGION,QHM,NHS NORTH EAST AND NORTH CUMBRIA INTEGRATED CARE BOARD
2025-26,A84045,HAYDON BRIDGE & ALLENDALE MEDICAL PRACT,Y63,NORTH EAST AND YORKSHIRE COMMISSIONING REGION,QHM,NHS NORTH EAST AND NORTH CUMBRIA INTEGRATED CARE BOARD
2025-26,A85001,FELL TOWER MEDICAL CENTRE,Y63,NORTH EAST AND YORKSHIRE COMMISSIONING REGION,QHM,NHS NORTH EAST AND NORTH CUMBRIA INTEGRATED CARE BOARD
2025-26,A85002,BENSHAM FAMILY PRACTICE,Y63,NORTH EAST AND YORKSHIRE COMMISSIONING REGION,QHM,NHS NORTH EAST AND NORTH CUMBRIA INTEGRATED CARE BOARD
2025-26,A85007,FELL COTTAGE SURGERY,Y63,NORTH EAST AND YORKSHIRE COMMISSIONING REGION,QHM,NHS NORTH EAST AND NORTH CUMBRIA INTEGRATED CARE BOARD
2025-26,A85008,BIRTLEY MEDICAL GROUP,Y63,NORTH EAST AND YORKSHIRE COMMISSIONING REGION,QHM,NHS NORTH EAST AND NORTH CUMBRIA INTEGRATED CARE BOARD
2025-26,A85010,CHAINBRIDGE MEDICAL PARTNERSHIP,Y63,NORTH EAST AND YORKSHIRE COMMISSIONING REGION,QHM,NHS NORTH EAST AND NORTH CUMBRIA INTEGRATED CARE BOARD
2025-26,A85018,OLDWELL SURGERY,Y63,NORTH EAST AND YORKSHIRE COMMISSIONING REGION,QHM,NHS NORTH EAST AND NORTH CUMBRIA INTEGRATED CARE BOARD
2025-26,A85617,SUNNISIDE SURGERY,Y63,NORTH EAST AND YORKSHIRE COMMISSIONING REGION,QHM,NHS NORTH EAST AND NORTH CUMBRIA INTEGRATED CARE BOARD
2025-26,A86003,SAVILLE MEDICAL GROUP,Y63,NORTH EAST AND YORKSHIRE COMMISSIONING REGION,QHM,NHS NORTH EAST AND NORTH CUMBRIA INTEGRATED CARE BOARD
2025-26,A86005,WEST FARM SURGERY,Y63,NORTH EAST AND YORKSHIRE COMMISSIONING REGION,QHM,NHS NORTH EAST AND NORTH CUMBRIA INTEGRATED CARE BOARD
2025-26,A86006,ROSEWORTH SURGERY,Y63,NORTH EAST AND YORKSHIRE COMMISSIONING REGION,QHM,NHS NORTH EAST AND NORTH CUMBRIA INTEGRATED CARE BOARD
2025-26,A86008,PARK MEDICAL GROUP,Y63,NORTH EAST AND YORKSHIRE COMMISSIONING REGION,QHM,NHS NORTH EAST AND NORTH CUMBRIA INTEGRATED CARE BOARD
2025-26,A86012,WEST ROAD MEDICAL CENTRE,Y63,NORTH EAST AND YORKSHIRE COMMISSIONING REGION,QHM,NHS NORTH EAST AND NORTH CUMBRIA INTEGRATED CARE BOARD
2025-26,A86013,DENTON PARK MEDICAL GROUP,Y63,NORTH EAST AND YORKSHIRE COMMISSIONING REGION,QHM,NHS NORTH EAST AND NORTH CUMBRIA INTEGRATED CARE BOARD
2025-26,A86016,LANE END SURGERY,Y63,NORTH EAST AND YORKSHIRE COMMISSIONING REGION,QHM,NHS NORTH EAST AND NORTH CUMBRIA INTEGRATED CARE BOARD
2025-26,A86018,THE GROVE MEDICAL GROUP,Y63,NORTH EAST AND YORKSHIRE COMMISSIONING REGION,QHM,NHS NORTH EAST AND NORTH CUMBRIA INTEGRATED CARE BOARD
2025-26,A86022,PARKWAY MEDICAL GROUP,Y63,NORTH EAST AND YORKSHIRE COMMISSIONING REGION,QHM,NHS NORTH EAST AND NORTH CUMBRIA INTEGRATED CARE BOARD
2025-26,A86028,REGENT MEDICAL CENTRE,Y63,NORTH EAST AND YORKSHIRE COMMISSIONING REGION,QHM,NHS NORTH EAST AND NORTH CUMBRIA INTEGRATED CARE BOARD
2025-26,A87002,SPRING TERRACE HEALTH CENTRE,Y63,NORTH EAST AND YORKSHIRE COMMISSIONING REGION,QHM,NHS NORTH EAST AND NORTH CUMBRIA INTEGRATED CARE BOARD
2025-26,A87007,STEPHENSON PARK HEALTH GROUP,Y63,NORTH EAST AND YORKSHIRE COMMISSIONING REGION,QHM,NHS NORTH EAST AND NORTH CUMBRIA INTEGRATED CARE BOARD
2025-26,A87011,BEAUMONT PARK SURGERY,Y63,NORTH EAST AND YORKSHIRE COMMISSIONING REGION,QHM,NHS NORTH EAST AND NORTH CUMBRIA INTEGRATED CARE BOARD
2025-26,A87029,HADRIAN HEALTH CENTRE,Y63,NORTH EAST AND YORKSHIRE COMMISSIONING REGION,QHM,NHS NORTH EAST AND NORTH CUMBRIA INTEGRATED CARE BOARD
2025-26,A87615,MALLARD MEDICAL PRACTICE,Y63,NORTH EAST AND YORKSHIRE COMMISSIONING REGION,QHM,NHS NORTH EAST AND NORTH CUMBRIA INTEGRATED CARE BOARD
2025-26,B81064,CHURCH LANE MEDICAL CENTRE,Y63,NORTH EAST AND YORKSHIRE COMMISSIONING REGION,QOQ,NHS HUMBER AND NORTH YORKSHIRE INTEGRATED CARE BOARD
2025-26,B81068,BARTHOLOMEW MEDICAL GROUP,Y63,NORTH EAST AND YORKSHIRE COMMISSIONING REGION,QOQ,NHS HUMBER AND NORTH YORKSHIRE INTEGRATED CARE BOARD
2025-26,B81069,DRS REDDY AND NUNN,Y63,NORTH EAST AND YORKSHIRE COMMISSIONING REGION,QOQ,NHS HUMBER AND NORTH YORKSHIRE INTEGRATED CARE BOARD
2025-26,B81097,DELTA HEALTHCARE,Y63,NORTH EAST AND YORKSHIRE COMMISSIONING REGION,QOQ,NHS HUMBER AND NORTH YORKSHIRE INTEGRATED CARE BOARD
2025-26,B81104,CAMPUS HEALTH CENTRE,Y63,NORTH EAST AND YORKSHIRE COMMISSIONING REGION,QOQ,NHS HUMBER AND NORTH YORKSHIRE INTEGRATED CARE BOARD
2025-26,B81108,DR A SINHA,Y63,NORTH EAST AND YORKSHIRE COMMISSIONING REGION,QOQ,NHS HUMBER AND NORTH YORKSHIRE INTEGRATED CARE BOARD
2025-26,B81109,RIVERSIDE SURGERY,Y63,NORTH EAST AND YORKSHIRE COMMISSIONING REGION,QOQ,NHS HUMBER AND NORTH YORKSHIRE INTEGRATED CARE BOARD
2025-26,B81606,STIRLING MEDICAL CENTRE (MATHEWS),Y63,NORTH EAST AND YORKSHIRE COMMISSIONING REGION,QOQ,NHS HUMBER AND NORTH YORKSHIRE INTEGRATED CARE BOARD
2025-26,B81616,DR GT HENDOW'S PRACTICE,Y63,NORTH EAST AND YORKSHIRE COMMISSIONING REGION,QOQ,NHS HUMBER AND NORTH YORKSHIRE INTEGRATED CARE BOARD
2025-26,B81665,HEALING PARTNERSHIP,Y63,NORTH EAST AND YORKSHIRE COMMISSIONING REGION,QOQ,NHS HUMBER AND NORTH YORKSHIRE INTEGRATED CARE BOARD
2025-26,B81697,DR P SURESH BABU,Y63,NORTH EAST AND YORKSHIRE COMMISSIONING REGION,QOQ,NHS HUMBER AND NORTH YORKSHIRE INTEGRATED CARE BOARD
2025-26,B82010,RIPON SPA SURGERY,Y63,NORTH EAST AND YORKSHIRE COMMISSIONING REGION,QOQ,NHS HUMBER AND NORTH YORKSHIRE INTEGRATED CARE BOARD
2025-26,B82019,TOPCLIFFE SURGERY,Y63,NORTH EAST AND YORKSHIRE COMMISSIONING REGION,QOQ,NHS HUMBER AND NORTH YORKSHIRE INTEGRATED CARE BOARD
2025-26,B82035,SCORTON MEDICAL CENTRE,Y63,NORTH EAST AND YORKSHIRE COMMISSIONING REGION,QOQ,NHS HUMBER AND NORTH YORKSHIRE INTEGRATED CARE BOARD
2025-26,A88013,CENTRAL SURGERY,Y63,NORTH EAST AND YORKSHIRE COMMISSIONING REGION,QHM,NHS NORTH EAST AND NORTH CUMBRIA INTEGRATED CARE BOARD
2025-26,A88023,WHITBURN SURGERY,Y63,NORTH EAST AND YORKSHIRE COMMISSIONING REGION,QHM,NHS NORTH EAST AND NORTH CUMBRIA INTEGRATED CARE BOARD
2025-26,A89001,DEERNESS PARK MEDICAL GROUP,Y63,NORTH EAST AND YORKSHIRE COMMISSIONING REGION,QHM,NHS NORTH EAST AND NORTH CUMBRIA INTEGRATED CARE BOARD
2025-26,A89004,HETTON GROUP PRACTICE,Y63,NORTH EAST AND YORKSHIRE COMMISSIONING REGION,QHM,NHS NORTH EAST AND NORTH CUMBRIA INTEGRATED CARE BOARD
2025-26,A89007,PALLION FAMILY PRACTICE,Y63,NORTH EAST AND YORKSHIRE COMMISSIONING REGION,QHM,NHS NORTH EAST AND NORTH CUMBRIA INTEGRATED CARE BOARD
2025-26,A89017,MILLFIELD MEDICAL GROUP,Y63,NORTH EAST AND YORKSHIRE COMMISSIONING REGION,QHM,NHS NORTH EAST AND NORTH CUMBRIA INTEGRATED CARE BOARD
2025-26,A89020,FORGE MEDICAL PRACTICE,Y63,NORTH EAST AND YORKSHIRE COMMISSIONING REGION,QHM,NHS NORTH EAST AND NORTH CUMBRIA INTEGRATED CARE BOARD
2025-26,B81004,"EASTGATE MEDICAL GROUP, HORNSEA",Y63,NORTH EAST AND YORKSHIRE COMMISSIONING REGION,QOQ,NHS HUMBER AND NORTH YORKSHIRE INTEGRATED CARE BOARD
2025-26,B81005,THE CENTRAL SURGERY BARTON,Y63,NORTH EAST AND YORKSHIRE COMMISSIONING REGION,QOQ,NHS HUMBER AND NORTH YORKSHIRE INTEGRATED CARE BOARD
2025-26,B81006,HUMBER PRIMARY CARE,Y63,NORTH EAST AND YORKSHIRE COMMISSIONING REGION,QOQ,NHS HUMBER AND NORTH YORKSHIRE INTEGRATED CARE BOARD
2025-26,B81017,THE QUAYS MEDICAL PRACTICE,Y63,NORTH EAST AND YORKSHIRE COMMISSIONING REGION,QOQ,NHS HUMBER AND NORTH YORKSHIRE INTEGRATED CARE BOARD
2025-26,B81030,SLC MEDICAL GROUP,Y63,NORTH EAST AND YORKSHIRE COMMISSIONING REGION,QOQ,NHS HUMBER AND NORTH YORKSHIRE INTEGRATED CARE BOARD
2025-26,B81035,THE AVENUES MEDICAL CENTRE,Y63,NORTH EAST AND YORKSHIRE COMMISSIONING REGION,QOQ,NHS HUMBER AND NORTH YORKSHIRE INTEGRATED CARE BOARD
2025-26,B81042,MANOR ROAD SURGERY,Y63,NORTH EAST AND YORKSHIRE COMMISSIONING REGION,QOQ,NHS HUMBER AND NORTH YORKSHIRE INTEGRATED CARE BOARD
2025-26,B81047,WOLSELEY MEDICAL CENTRE,Y63,NORTH EAST AND YORKSHIRE COMMISSIONING REGION,QOQ,NHS HUMBER AND NORTH YORKSHIRE INTEGRATED CARE BOARD
2025-26,B81048,MODALITY PARTNERSHIP (HULL),Y63,NORTH EAST AND YORKSHIRE COMMISSIONING REGION,QOQ,NHS HUMBER AND NORTH YORKSHIRE INTEGRATED CARE BOARD
2025-26,B81061,THE RIDINGS MEDICAL GROUP,Y63,NORTH EAST AND YORKSHIRE COMMISSIONING REGION,QOQ,NHS HUMBER AND NORTH YORKSHIRE INTEGRATED CARE BOARD
2025-26,B81075,HASTINGS MEDICAL CENTRE,Y63,NORTH EAST AND YORKSHIRE COMMISSIONING REGION,QOQ,NHS HUMBER AND NORTH YORKSHIRE INTEGRATED CARE BOARD
2025-26,B81085,HAXBY GROUP HULL,Y63,NORTH EAST AND YORKSHIRE COMMISSIONING REGION,QOQ,NHS HUMBER AND NORTH YORKSHIRE INTEGRATED CARE BOARD
2025-26,B81088,HOWDEN MEDICAL PRACTICE,Y63,NORTH EAST AND YORKSHIRE COMMISSIONING REGION,QOQ,NHS HUMBER AND NORTH YORKSHIRE INTEGRATED CARE BOARD
2025-26,B81091,LITTLEFIELD SURGERY,Y63,NORTH EAST AND YORKSHIRE COMMISSIONING REGION,QOQ,NHS HUMBER AND NORTH YORKSHIRE INTEGRATED CARE BOARD
2025-26,B81092,"THE MEDICAL CENTRE, DRIFFIELD",Y63,NORTH EAST AND YORKSHIRE COMMISSIONING REGION,QOQ,NHS HUMBER AND NORTH YORKSHIRE INTEGRATED CARE BOARD
2025-26,B81119,GOODHEART SURGERY,Y63,NORTH EAST AND YORKSHIRE COMMISSIONING REGION,QOQ,NHS HUMBER AND NORTH YORKSHIRE INTEGRATED CARE BOARD
2025-26,B81631,DRS RAUT AND THOUFEEQ,Y63,NORTH EAST AND YORKSHIRE COMMISSIONING REGION,QOQ,NHS HUMBER AND NORTH YORKSHIRE INTEGRATED CARE BOARD
2025-26,B81648,THE KILLINGHOLME SURGERY,Y63,NORTH EAST AND YORKSHIRE COMMISSIONING REGION,QOQ,NHS HUMBER AND NORTH YORKSHIRE INTEGRATED CARE BOARD
2025-26,B81655,GREENLANDS SURGERY,Y63,NORTH EAST AND YORKSHIRE COMMISSIONING REGION,QOQ,NHS HUMBER AND NORTH YORKSHIRE INTEGRATED CARE BOARD
2025-26,B81663,CORE CARE FAMILY PRACTICE,Y63,NORTH EAST AND YORKSHIRE COMMISSIONING REGION,QOQ,NHS HUMBER AND NORTH YORKSHIRE INTEGRATED CARE BOARD
2025-26,B82002,MILLFIELD SURGERY,Y63,NORTH EAST AND YORKSHIRE COMMISSIONING REGION,QOQ,NHS HUMBER AND NORTH YORKSHIRE INTEGRATED CARE BOARD
2025-26,B82004,NIDDERDALE GROUP PRACTICE,Y63,NORTH EAST AND YORKSHIRE COMMISSIONING REGION,QOQ,NHS HUMBER AND NORTH YORKSHIRE INTEGRATED CARE BOARD
2025-26,B82012,THE LEEDS ROAD PRACTICE,Y63,NORTH EAST AND YORKSHIRE COMMISSIONING REGION,QOQ,NHS HUMBER AND NORTH YORKSHIRE INTEGRATED CARE BOARD
2025-26,B82014,KINGSWOOD SURGERY,Y63,NORTH EAST AND YORKSHIRE COMMISSIONING REGION,QOQ,NHS HUMBER AND NORTH YORKSHIRE INTEGRATED CARE BOARD
2025-26,B82018,ESCRICK SURGERY,Y63,NORTH EAST AND YORKSHIRE COMMISSIONING REGION,QOQ,NHS HUMBER AND NORTH YORKSHIRE INTEGRATED CARE BOARD
2025-26,B82032,CHURCH LANE SURGERY,Y63,NORTH EAST AND YORKSHIRE COMMISSIONING REGION,QOQ,NHS HUMBER AND NORTH YORKSHIRE INTEGRATED CARE BOARD
2025-26,B82034,QUAKERS LANE SURGERY,Y63,NORTH EAST AND YORKSHIRE COMMISSIONING REGION,QOQ,NHS HUMBER AND NORTH YORKSHIRE INTEGRATED CARE BOARD
2025-26,B82037,FILEY SURGERY,Y63,NORTH EAST AND YORKSHIRE COMMISSIONING REGION,QOQ,NHS HUMBER AND NORTH YORKSHIRE INTEGRATED CARE BOARD
2025-26,B82041,BEECH TREE SURGERY,Y63,NORTH EAST AND YORKSHIRE COMMISSIONING REGION,QOQ,NHS HUMBER AND NORTH YORKSHIRE INTEGRATED CARE BOARD
2025-26,B82050,MOWBRAY HOUSE SURGERY,Y63,NORTH EAST AND YORKSHIRE COMMISSIONING REGION,QOQ,NHS HUMBER AND NORTH YORKSHIRE INTEGRATED CARE BOARD
2025-26,B82054,SCARBOROUGH MEDICAL GROUP,Y63,NORTH EAST AND YORKSHIRE COMMISSIONING REGION,QOQ,NHS HUMBER AND NORTH YORKSHIRE INTEGRATED CARE BOARD
2025-26,B82074,POSTERNGATE SURGERY,Y63,NORTH EAST AND YORKSHIRE COMMISSIONING REGION,QOQ,NHS HUMBER AND NORTH YORKSHIRE INTEGRATED CARE BOARD
2025-26,B82075,MAYFORD HOUSE SURGERY,Y63,NORTH EAST AND YORKSHIRE COMMISSIONING REGION,QOQ,NHS HUMBER AND NORTH YORKSHIRE INTEGRATED CARE BOARD
2025-26,B82077,KIRKBYMOORSIDE SURGERY,Y63,NORTH EAST AND YORKSHIRE COMMISSIONING REGION,QOQ,NHS HUMBER AND NORTH YORKSHIRE INTEGRATED CARE BOARD
2025-26,B82080,MY HEALTH GROUP,Y63,NORTH EAST AND YORKSHIRE COMMISSIONING REGION,QOQ,NHS HUMBER AND NORTH YORKSHIRE INTEGRATED CARE BOARD
2025-26,B82098,JORVIK GILLYGATE PRACTICE,Y63,NORTH EAST AND YORKSHIRE COMMISSIONING REGION,QOQ,NHS HUMBER AND NORTH YORKSHIRE INTEGRATED CARE BOARD
2025-26,B82100,FRONT STREET SURGERY,Y63,NORTH EAST AND YORKSHIRE COMMISSIONING REGION,QOQ,NHS HUMBER AND NORTH YORKSHIRE INTEGRATED CARE BOARD
2025-26,B83002,ILKLEY & WHARFEDALE MEDICAL PRACTICE,Y63,NORTH EAST AND YORKSHIRE COMMISSIONING REGION,QWO,NHS WEST YORKSHIRE INTEGRATED CARE BOARD
2025-26,B83015,TONG MEDICAL PRACTICE,Y63,NORTH EAST AND YORKSHIRE COMMISSIONING REGION,QWO,NHS WEST YORKSHIRE INTEGRATED CARE BOARD
2025-26,B83016,FARROW MEDICAL CENTRE,Y63,NORTH EAST AND YORKSHIRE COMMISSIONING REGION,QWO,NHS WEST YORKSHIRE INTEGRATED CARE BOARD
2025-26,B83029,LOW MOOR SURGERY,Y63,NORTH EAST AND YORKSHIRE COMMISSIONING REGION,QWO,NHS WEST YORKSHIRE INTEGRATED CARE BOARD
2025-26,B83031,OAK GLEN SURGERY,Y63,NORTH EAST AND YORKSHIRE COMMISSIONING REGION,QWO,NHS WEST YORKSHIRE INTEGRATED CARE BOARD
2025-26,B83033,MODALITY PARTNERSHIP (AWC),Y63,NORTH EAST AND YORKSHIRE COMMISSIONING REGION,QWO,NHS WEST YORKSHIRE INTEGRATED CARE BOARD
2025-26,B83041,BOWLING HALL MED PRACTICE,Y63,NORTH EAST AND YORKSHIRE COMMISSIONING REGION,QWO,NHS WEST YORKSHIRE INTEGRATED CARE BOARD
2025-26,B83045,HOLLYNS HEALTH & WELLBEING,Y63,NORTH EAST AND YORKSHIRE COMMISSIONING REGION,QWO,NHS WEST YORKSHIRE INTEGRATED CARE BOARD
2025-26,B83058,THE AVICENNA MEDICAL PRACTICE,Y63,NORTH EAST AND YORKSHIRE COMMISSIONING REGION,QWO,NHS WEST YORKSHIRE INTEGRATED CARE BOARD
2025-26,B83062,ASHCROFT SURGERY,Y63,NORTH EAST AND YORKSHIRE COMMISSIONING REGION,QWO,NHS WEST YORKSHIRE INTEGRATED CARE BOARD
2025-26,B83063,SHIPLEY MEDICAL PRACTICE-AFFINITY CARE,Y63,NORTH EAST AND YORKSHIRE COMMISSIONING REGION,QWO,NHS WEST YORKSHIRE INTEGRATED CARE BOARD
2025-26,B83064,THE ROCKWELL AND WROSE PRACTICE,Y63,NORTH EAST AND YORKSHIRE COMMISSIONING REGION,QWO,NHS WEST YORKSHIRE INTEGRATED CARE BOARD
2025-26,B83604,THE LISTER SURGERY,Y63,NORTH EAST AND YORKSHIRE COMMISSIONING REGION,QWO,NHS WEST YORKSHIRE INTEGRATED CARE BOARD
2025-26,B83622,DR IA GILKAR & PARTNERS,Y63,NORTH EAST AND YORKSHIRE COMMISSIONING REGION,QWO,NHS WEST YORKSHIRE INTEGRATED CARE BOARD
2025-26,B83624,I G MEDICAL,Y63,NORTH EAST AND YORKSHIRE COMMISSIONING REGION,QWO,NHS WEST YORKSHIRE INTEGRATED CARE BOARD
2025-26,B83626,VALLEY VIEW SURGERY,Y63,NORTH EAST AND YORKSHIRE COMMISSIONING REGION,QWO,NHS WEST YORKSHIRE INTEGRATED CARE BOARD
2025-26,B83641,ASHWELL MEDICAL CENTRE,Y63,NORTH EAST AND YORKSHIRE COMMISSIONING REGION,QWO,NHS WEST YORKSHIRE INTEGRATED CARE BOARD
2025-26,B83660,BILTON MEDICAL CENTRE,Y63,NORTH EAST AND YORKSHIRE COMMISSIONING REGION,QWO,NHS WEST YORKSHIRE INTEGRATED CARE BOARD
2025-26,B84623,LONGROYDE SURGERY,Y63,NORTH EAST AND YORKSHIRE COMMISSIONING REGION,QWO,NHS WEST YORKSHIRE INTEGRATED CARE BOARD
2025-26,B85005,SHEPLEY PRIMARY CARE LIMITED,Y63,NORTH EAST AND YORKSHIRE COMMISSIONING REGION,QWO,NHS WEST YORKSHIRE INTEGRATED CARE BOARD
2025-26,B85009,"NORTH ROAD SUITE,RAVENSTHORPE HEALTH CTR",Y63,NORTH EAST AND YORKSHIRE COMMISSIONING REGION,QWO,NHS WEST YORKSHIRE INTEGRATED CARE BOARD
2025-26,B85010,DALTON SURGERY,Y63,NORTH EAST AND YORKSHIRE COMMISSIONING REGION,QWO,NHS WEST YORKSHIRE INTEGRATED CARE BOARD
2025-26,B85015,WELLINGTON HOUSE,Y63,NORTH EAST AND YORKSHIRE COMMISSIONING REGION,QWO,NHS WEST YORKSHIRE INTEGRATED CARE BOARD
2025-26,B85025,BLACKBURN RD.MEDICAL CTR.,Y63,NORTH EAST AND YORKSHIRE COMMISSIONING REGION,QWO,NHS WEST YORKSHIRE INTEGRATED CARE BOARD
2025-26,B85027,LINDLEY GROUP PRACTICE LTD,Y63,NORTH EAST AND YORKSHIRE COMMISSIONING REGION,QWO,NHS WEST YORKSHIRE INTEGRATED CARE BOARD
2025-26,B85031,LEPTON AND KIRKHEATON SURGERIES,Y63,NORTH EAST AND YORKSHIRE COMMISSIONING REGION,QWO,NHS WEST YORKSHIRE INTEGRATED CARE BOARD
2025-26,B85037,NEWSOME SURGERY LIMITED,Y63,NORTH EAST AND YORKSHIRE COMMISSIONING REGION,QWO,NHS WEST YORKSHIRE INTEGRATED CARE BOARD
2025-26,B85054,COLNE VALLEY GROUP PRACTICE,Y63,NORTH EAST AND YORKSHIRE COMMISSIONING REGION,QWO,NHS WEST YORKSHIRE INTEGRATED CARE BOARD
2025-26,B85058,ROSE MEDICAL PRACTICE,Y63,NORTH EAST AND YORKSHIRE COMMISSIONING REGION,QWO,NHS WEST YORKSHIRE INTEGRATED CARE BOARD
2025-26,B85636,WESTBOURNE SURGERY,Y63,NORTH EAST AND YORKSHIRE COMMISSIONING REGION,QWO,NHS WEST YORKSHIRE INTEGRATED CARE BOARD
2025-26,B85640,KIRKGATE SURGERY,Y63,NORTH EAST AND YORKSHIRE COMMISSIONING REGION,QWO,NHS WEST YORKSHIRE INTEGRATED CARE BOARD
2025-26,B85650,DR MAHMOOD & PARTNERS,Y63,NORTH EAST AND YORKSHIRE COMMISSIONING REGION,QWO,NHS WEST YORKSHIRE INTEGRATED CARE BOARD
2025-26,B85652,SIDINGS HEALTHCARE CENTRE,Y63,NORTH EAST AND YORKSHIRE COMMISSIONING REGION,QWO,NHS WEST YORKSHIRE INTEGRATED CARE BOARD
2025-26,B86003,DR G LEES & PARTNERS,Y63,NORTH EAST AND YORKSHIRE COMMISSIONING REGION,QWO,NHS WEST YORKSHIRE INTEGRATED CARE BOARD
2025-26,B86015,MANOR PARK SURGERY,Y63,NORTH EAST AND YORKSHIRE COMMISSIONING REGION,QWO,NHS WEST YORKSHIRE INTEGRATED CARE BOARD
2025-26,B86016,SHAFTESBURY MEDICAL CTR.,Y63,NORTH EAST AND YORKSHIRE COMMISSIONING REGION,QWO,NHS WEST YORKSHIRE INTEGRATED CARE BOARD
2025-26,B86022,OAKWOOD LANE MEDICAL PRACTICE,Y63,NORTH EAST AND YORKSHIRE COMMISSIONING REGION,QWO,NHS WEST YORKSHIRE INTEGRATED CARE BOARD
2025-26,B86025,HYDE PARK SURGERY,Y63,NORTH EAST AND YORKSHIRE COMMISSIONING REGION,QWO,NHS WEST YORKSHIRE INTEGRATED CARE BOARD
2025-26,B86028,SOUTH QUEEN MEDICAL CENTRE,Y63,NORTH EAST AND YORKSHIRE COMMISSIONING REGION,QWO,NHS WEST YORKSHIRE INTEGRATED CARE BOARD
2025-26,B86030,BURTON CROFT SURGERY,Y63,NORTH EAST AND YORKSHIRE COMMISSIONING REGION,QWO,NHS WEST YORKSHIRE INTEGRATED CARE BOARD
2025-26,B86033,CROSSLEY STREET SURGERY,Y63,NORTH EAST AND YORKSHIRE COMMISSIONING REGION,QWO,NHS WEST YORKSHIRE INTEGRATED CARE BOARD
2025-26,B86034,SPA SURGERY,Y63,NORTH EAST AND YORKSHIRE COMMISSIONING REGION,QWO,NHS WEST YORKSHIRE INTEGRATED CARE BOARD
2025-26,A83038,CEDARS MEDICAL GROUP,Y63,NORTH EAST AND YORKSHIRE COMMISSIONING REGION,QHM,NHS NORTH EAST AND NORTH CUMBRIA INTEGRATED CARE BOARD
2025-26,A83040,CLIFTON COURT MEDICAL PRACTICE,Y63,NORTH EAST AND YORKSHIRE COMMISSIONING REGION,QHM,NHS NORTH EAST AND NORTH CUMBRIA INTEGRATED CARE BOARD
2025-26,A83046,BARNARD CASTLE SURGERY,Y63,NORTH EAST AND YORKSHIRE COMMISSIONING REGION,QHM,NHS NORTH EAST AND NORTH CUMBRIA INTEGRATED CARE BOARD
2025-26,A83054,SKERNE MEDICAL GROUP,Y63,NORTH EAST AND YORKSHIRE COMMISSIONING REGION,QHM,NHS NORTH EAST AND NORTH CUMBRIA INTEGRATED CARE BOARD
2025-26,A83055,CHEVELEY PARK MEDICAL CTR,Y63,NORTH EAST AND YORKSHIRE COMMISSIONING REGION,QHM,NHS NORTH EAST AND NORTH CUMBRIA INTEGRATED CARE BOARD
2025-26,A83061,GAINFORD SURGERY,Y63,NORTH EAST AND YORKSHIRE COMMISSIONING REGION,QHM,NHS NORTH EAST AND NORTH CUMBRIA INTEGRATED CARE BOARD
2025-26,A83073,DRS LAMBERT & NG,Y63,NORTH EAST AND YORKSHIRE COMMISSIONING REGION,QHM,NHS NORTH EAST AND NORTH CUMBRIA INTEGRATED CARE BOARD
2025-26,A83074,PEASE WAY MEDICAL CENTRE,Y63,NORTH EAST AND YORKSHIRE COMMISSIONING REGION,QHM,NHS NORTH EAST AND NORTH CUMBRIA INTEGRATED CARE BOARD
2025-26,A83616,BEVAN MEDICAL GROUP,Y63,NORTH EAST AND YORKSHIRE COMMISSIONING REGION,QHM,NHS NORTH EAST AND NORTH CUMBRIA INTEGRATED CARE BOARD
2025-26,A83619,SOUTHDENE MEDICAL CENTRE,Y63,NORTH EAST AND YORKSHIRE COMMISSIONING REGION,QHM,NHS NORTH EAST AND NORTH CUMBRIA INTEGRATED CARE BOARD
2025-26,A83622,THE HAVEN SURGERY,Y63,NORTH EAST AND YORKSHIRE COMMISSIONING REGION,QHM,NHS NORTH EAST AND NORTH CUMBRIA INTEGRATED CARE BOARD
2025-26,A83636,LEADGATE SURGERY,Y63,NORTH EAST AND YORKSHIRE COMMISSIONING REGION,QHM,NHS NORTH EAST AND NORTH CUMBRIA INTEGRATED CARE BOARD
2025-26,A83637,VILLAGES MEDICAL GROUP,Y63,NORTH EAST AND YORKSHIRE COMMISSIONING REGION,QHM,NHS NORTH EAST AND NORTH CUMBRIA INTEGRATED CARE BOARD
2025-26,A84022,COQUET MEDICAL GROUP,Y63,NORTH EAST AND YORKSHIRE COMMISSIONING REGION,QHM,NHS NORTH EAST AND NORTH CUMBRIA INTEGRATED CARE BOARD
2025-26,B82042,LAMBERT MEDICAL CENTRE,Y63,NORTH EAST AND YORKSHIRE COMMISSIONING REGION,QOQ,NHS HUMBER AND NORTH YORKSHIRE INTEGRATED CARE BOARD
2025-26,B82045,CENTRAL DALES PRACTICE,Y63,NORTH EAST AND YORKSHIRE COMMISSIONING REGION,QOQ,NHS HUMBER AND NORTH YORKSHIRE INTEGRATED CARE BOARD
2025-26,B82049,THIRSK DOCTORS SURGERY,Y63,NORTH EAST AND YORKSHIRE COMMISSIONING REGION,QOQ,NHS HUMBER AND NORTH YORKSHIRE INTEGRATED CARE BOARD
2025-26,B82053,DYNELEY HOUSE SURGERY,Y63,NORTH EAST AND YORKSHIRE COMMISSIONING REGION,QWO,NHS WEST YORKSHIRE INTEGRATED CARE BOARD
2025-26,B82057,SPRINGBANK SURGERY,Y63,NORTH EAST AND YORKSHIRE COMMISSIONING REGION,QOQ,NHS HUMBER AND NORTH YORKSHIRE INTEGRATED CARE BOARD
2025-26,B82066,GLEBE HOUSE SURGERY,Y63,NORTH EAST AND YORKSHIRE COMMISSIONING REGION,QOQ,NHS HUMBER AND NORTH YORKSHIRE INTEGRATED CARE BOARD
2025-26,B82072,THE FRIARY SURGERY,Y63,NORTH EAST AND YORKSHIRE COMMISSIONING REGION,QOQ,NHS HUMBER AND NORTH YORKSHIRE INTEGRATED CARE BOARD
2025-26,B82073,SOUTH MILFORD SURGERY,Y63,NORTH EAST AND YORKSHIRE COMMISSIONING REGION,QOQ,NHS HUMBER AND NORTH YORKSHIRE INTEGRATED CARE BOARD
2025-26,B82083,YORK MEDICAL GROUP,Y63,NORTH EAST AND YORKSHIRE COMMISSIONING REGION,QOQ,NHS HUMBER AND NORTH YORKSHIRE INTEGRATED CARE BOARD
2025-26,B82088,BROOK SQUARE SURGERY,Y63,NORTH EAST AND YORKSHIRE COMMISSIONING REGION,QOQ,NHS HUMBER AND NORTH YORKSHIRE INTEGRATED CARE BOARD
2025-26,B82097,SCOTT ROAD MEDICAL CENTRE,Y63,NORTH EAST AND YORKSHIRE COMMISSIONING REGION,QOQ,NHS HUMBER AND NORTH YORKSHIRE INTEGRATED CARE BOARD
2025-26,B82101,SLEIGHTS AND SANDSEND MEDICAL PRACTICE,Y63,NORTH EAST AND YORKSHIRE COMMISSIONING REGION,QOQ,NHS HUMBER AND NORTH YORKSHIRE INTEGRATED CARE BOARD
2025-26,B82628,HUNMANBY SURGERY,Y63,NORTH EAST AND YORKSHIRE COMMISSIONING REGION,QOQ,NHS HUMBER AND NORTH YORKSHIRE INTEGRATED CARE BOARD
2025-26,B83008,LING HOUSE MEDICAL CENTRE,Y63,NORTH EAST AND YORKSHIRE COMMISSIONING REGION,QWO,NHS WEST YORKSHIRE INTEGRATED CARE BOARD
2025-26,A84024,BURN BRAE MEDICAL GROUP,Y63,NORTH EAST AND YORKSHIRE COMMISSIONING REGION,QHM,NHS NORTH EAST AND NORTH CUMBRIA INTEGRATED CARE BOARD
2025-26,A84027,BELLINGHAM PRACTICE,Y63,NORTH EAST AND YORKSHIRE COMMISSIONING REGION,QHM,NHS NORTH EAST AND NORTH CUMBRIA INTEGRATED CARE BOARD
2025-26,A84042,SCOTS GAP MEDICAL GROUP,Y63,NORTH EAST AND YORKSHIRE COMMISSIONING REGION,QHM,NHS NORTH EAST AND NORTH CUMBRIA INTEGRATED CARE BOARD
2025-26,A84614,THE ADDERLANE SURGERY,Y63,NORTH EAST AND YORKSHIRE COMMISSIONING REGION,QHM,NHS NORTH EAST AND NORTH CUMBRIA INTEGRATED CARE BOARD
2025-26,A85004,LONGRIGG MEDICAL CENTRE,Y63,NORTH EAST AND YORKSHIRE COMMISSIONING REGION,QHM,NHS NORTH EAST AND NORTH CUMBRIA INTEGRATED CARE BOARD
2025-26,A85009,CROWHALL MEDICAL CENTRE,Y63,NORTH EAST AND YORKSHIRE COMMISSIONING REGION,QHM,NHS NORTH EAST AND NORTH CUMBRIA INTEGRATED CARE BOARD
2025-26,A85014,CRAWCROOK MEDICAL CENTRE,Y63,NORTH EAST AND YORKSHIRE COMMISSIONING REGION,QHM,NHS NORTH EAST AND NORTH CUMBRIA INTEGRATED CARE BOARD
2025-26,A85021,SECOND STREET SURGERY,Y63,NORTH EAST AND YORKSHIRE COMMISSIONING REGION,QHM,NHS NORTH EAST AND NORTH CUMBRIA INTEGRATED CARE BOARD
2025-26,A86017,CRUDDAS PARK SURGERY,Y63,NORTH EAST AND YORKSHIRE COMMISSIONING REGION,QHM,NHS NORTH EAST AND NORTH CUMBRIA INTEGRATED CARE BOARD
2025-26,A86021,HOLMSIDE MEDICAL GROUP,Y63,NORTH EAST AND YORKSHIRE COMMISSIONING REGION,QHM,NHS NORTH EAST AND NORTH CUMBRIA INTEGRATED CARE BOARD
2025-26,A86024,HEATON ROAD SURGERY,Y63,NORTH EAST AND YORKSHIRE COMMISSIONING REGION,QHM,NHS NORTH EAST AND NORTH CUMBRIA INTEGRATED CARE BOARD
2025-26,A86025,WESTERHOPE MEDICAL GROUP,Y63,NORTH EAST AND YORKSHIRE COMMISSIONING REGION,QHM,NHS NORTH EAST AND NORTH CUMBRIA INTEGRATED CARE BOARD
2025-26,A86026,THROCKLEY PRIMARY CARE CENTRE,Y63,NORTH EAST AND YORKSHIRE COMMISSIONING REGION,QHM,NHS NORTH EAST AND NORTH CUMBRIA INTEGRATED CARE BOARD
2025-26,A86029,THORNFIELD MEDICAL GROUP,Y63,NORTH EAST AND YORKSHIRE COMMISSIONING REGION,QHM,NHS NORTH EAST AND NORTH CUMBRIA INTEGRATED CARE BOARD
2025-26,A86030,BETTS AVENUE MEDICAL GROUP,Y63,NORTH EAST AND YORKSHIRE COMMISSIONING REGION,QHM,NHS NORTH EAST AND NORTH CUMBRIA INTEGRATED CARE BOARD
2025-26,A87012,WIDEOPEN MEDICAL CENTRE,Y63,NORTH EAST AND YORKSHIRE COMMISSIONING REGION,QHM,NHS NORTH EAST AND NORTH CUMBRIA INTEGRATED CARE BOARD
2025-26,A87612,WELLSPRING MEDICAL PRACT.,Y63,NORTH EAST AND YORKSHIRE COMMISSIONING REGION,QHM,NHS NORTH EAST AND NORTH CUMBRIA INTEGRATED CARE BOARD
2025-26,A88003,MARSDEN MEDICAL GROUP,Y63,NORTH EAST AND YORKSHIRE COMMISSIONING REGION,QHM,NHS NORTH EAST AND NORTH CUMBRIA INTEGRATED CARE BOARD
2025-26,A88004,MAYFIELD MEDICAL GROUP,Y63,NORTH EAST AND YORKSHIRE COMMISSIONING REGION,QHM,NHS NORTH EAST AND NORTH CUMBRIA INTEGRATED CARE BOARD
2025-26,A88010,ALBERT ROAD SURGERY,Y63,NORTH EAST AND YORKSHIRE COMMISSIONING REGION,QHM,NHS NORTH EAST AND NORTH CUMBRIA INTEGRATED CARE BOARD
2025-26,A88022,THE GLEN MEDICAL GROUP,Y63,NORTH EAST AND YORKSHIRE COMMISSIONING REGION,QHM,NHS NORTH EAST AND NORTH CUMBRIA INTEGRATED CARE BOARD
2025-26,A88601,IMEARY MEDICAL GROUP,Y63,NORTH EAST AND YORKSHIRE COMMISSIONING REGION,QHM,NHS NORTH EAST AND NORTH CUMBRIA INTEGRATED CARE BOARD
2025-26,A88608,RAVENSWORTH SURGERY,Y63,NORTH EAST AND YORKSHIRE COMMISSIONING REGION,QHM,NHS NORTH EAST AND NORTH CUMBRIA INTEGRATED CARE BOARD
2025-26,A88613,EAST WING PRACTICE,Y63,NORTH EAST AND YORKSHIRE COMMISSIONING REGION,QHM,NHS NORTH EAST AND NORTH CUMBRIA INTEGRATED CARE BOARD
2025-26,A89006,WEARSIDE MEDICAL PRACTICE - PALLION,Y63,NORTH EAST AND YORKSHIRE COMMISSIONING REGION,QHM,NHS NORTH EAST AND NORTH CUMBRIA INTEGRATED CARE BOARD
2025-26,A89011,VILLAGE SURGERY PARTNERSHIP,Y63,NORTH EAST AND YORKSHIRE COMMISSIONING REGION,QHM,NHS NORTH EAST AND NORTH CUMBRIA INTEGRATED CARE BOARD
2025-26,A89012,GALLERIES MEDICAL PRACTICE,Y63,NORTH EAST AND YORKSHIRE COMMISSIONING REGION,QHM,NHS NORTH EAST AND NORTH CUMBRIA INTEGRATED CARE BOARD
2025-26,A89019,BRIDGE VIEW MEDICAL GROUP,Y63,NORTH EAST AND YORKSHIRE COMMISSIONING REGION,QHM,NHS NORTH EAST AND NORTH CUMBRIA INTEGRATED CARE BOARD
2025-26,A89025,SUNDERLAND GP ALLIANCE MEDICAL PRACTICE,Y63,NORTH EAST AND YORKSHIRE COMMISSIONING REGION,QHM,NHS NORTH EAST AND NORTH CUMBRIA INTEGRATED CARE BOARD
2025-26,A89027,SPRINGWELL MEDICAL GROUP,Y63,NORTH EAST AND YORKSHIRE COMMISSIONING REGION,QHM,NHS NORTH EAST AND NORTH CUMBRIA INTEGRATED CARE BOARD
2025-26,A89032,NEW SILKSWORTH MEDICAL PRACTICE,Y63,NORTH EAST AND YORKSHIRE COMMISSIONING REGION,QHM,NHS NORTH EAST AND NORTH CUMBRIA INTEGRATED CARE BOARD
2025-26,A89034,PARK LANE PRACTICE,Y63,NORTH EAST AND YORKSHIRE COMMISSIONING REGION,QHM,NHS NORTH EAST AND NORTH CUMBRIA INTEGRATED CARE BOARD
2025-26,A89035,SOUTHLANDS MEDICAL GROUP,Y63,NORTH EAST AND YORKSHIRE COMMISSIONING REGION,QHM,NHS NORTH EAST AND NORTH CUMBRIA INTEGRATED CARE BOARD
2025-26,A89041,HAPPY HOUSE SURGERY,Y63,NORTH EAST AND YORKSHIRE COMMISSIONING REGION,QHM,NHS NORTH EAST AND NORTH CUMBRIA INTEGRATED CARE BOARD
2025-26,A89614,SUNDERLAND GP ALLIANCE SOUTH HYLTON SURG,Y63,NORTH EAST AND YORKSHIRE COMMISSIONING REGION,QHM,NHS NORTH EAST AND NORTH CUMBRIA INTEGRATED CARE BOARD
2025-26,A89623,CHESTER SURGERY,Y63,NORTH EAST AND YORKSHIRE COMMISSIONING REGION,QHM,NHS NORTH EAST AND NORTH CUMBRIA INTEGRATED CARE BOARD
2025-26,B81020,THE SUTTON MANOR SURGERY,Y63,NORTH EAST AND YORKSHIRE COMMISSIONING REGION,QOQ,NHS HUMBER AND NORTH YORKSHIRE INTEGRATED CARE BOARD
2025-26,B81026,ANCORA MEDICAL PRACTICE,Y63,NORTH EAST AND YORKSHIRE COMMISSIONING REGION,QOQ,NHS HUMBER AND NORTH YORKSHIRE INTEGRATED CARE BOARD
2025-26,B81029,THE SNAITH AND RAWCLIFFE MEDICAL GROUP,Y63,NORTH EAST AND YORKSHIRE COMMISSIONING REGION,QOQ,NHS HUMBER AND NORTH YORKSHIRE INTEGRATED CARE BOARD
2025-26,B81034,LEVEN & BEEFORD MEDICAL PRACTICE,Y63,NORTH EAST AND YORKSHIRE COMMISSIONING REGION,QOQ,NHS HUMBER AND NORTH YORKSHIRE INTEGRATED CARE BOARD
2025-26,B81037,THE PARK SURGERY,Y63,NORTH EAST AND YORKSHIRE COMMISSIONING REGION,QOQ,NHS HUMBER AND NORTH YORKSHIRE INTEGRATED CARE BOARD
2025-26,B81038,THE OAKS MEDICAL CENTRE,Y63,NORTH EAST AND YORKSHIRE COMMISSIONING REGION,QOQ,NHS HUMBER AND NORTH YORKSHIRE INTEGRATED CARE BOARD
2025-26,B81040,DR JAD WEIR & PARTNERS,Y63,NORTH EAST AND YORKSHIRE COMMISSIONING REGION,QOQ,NHS HUMBER AND NORTH YORKSHIRE INTEGRATED CARE BOARD
2025-26,B81041,GILBERDYKE HEALTH CENTRE,Y63,NORTH EAST AND YORKSHIRE COMMISSIONING REGION,QOQ,NHS HUMBER AND NORTH YORKSHIRE INTEGRATED CARE BOARD
2025-26,B81063,BRIDGE STREET SURGERY,Y63,NORTH EAST AND YORKSHIRE COMMISSIONING REGION,QOQ,NHS HUMBER AND NORTH YORKSHIRE INTEGRATED CARE BOARD
2025-26,B81087,BIRKWOOD MEDICAL CENTRE,Y63,NORTH EAST AND YORKSHIRE COMMISSIONING REGION,QOQ,NHS HUMBER AND NORTH YORKSHIRE INTEGRATED CARE BOARD
2025-26,B81090,THE OSWALD ROAD MEDICAL SURGERY,Y63,NORTH EAST AND YORKSHIRE COMMISSIONING REGION,QOQ,NHS HUMBER AND NORTH YORKSHIRE INTEGRATED CARE BOARD
2025-26,B81099,THE KIRTON LINDSEY AND SCOTTER SURGERY,Y63,NORTH EAST AND YORKSHIRE COMMISSIONING REGION,QOQ,NHS HUMBER AND NORTH YORKSHIRE INTEGRATED CARE BOARD
2025-26,B81101,GREENGATES MEDICAL GROUP,Y63,NORTH EAST AND YORKSHIRE COMMISSIONING REGION,QOQ,NHS HUMBER AND NORTH YORKSHIRE INTEGRATED CARE BOARD
2025-26,B81619,PARK VIEW SURGERY,Y63,NORTH EAST AND YORKSHIRE COMMISSIONING REGION,QOQ,NHS HUMBER AND NORTH YORKSHIRE INTEGRATED CARE BOARD
2025-26,B81628,BARNETBY MEDICAL CENTRE,Y63,NORTH EAST AND YORKSHIRE COMMISSIONING REGION,QOQ,NHS HUMBER AND NORTH YORKSHIRE INTEGRATED CARE BOARD
2025-26,B81635,LAURBEL SURGERY,Y63,NORTH EAST AND YORKSHIRE COMMISSIONING REGION,QOQ,NHS HUMBER AND NORTH YORKSHIRE INTEGRATED CARE BOARD
2025-26,B81642,DR OZ QURESHI,Y63,NORTH EAST AND YORKSHIRE COMMISSIONING REGION,QOQ,NHS HUMBER AND NORTH YORKSHIRE INTEGRATED CARE BOARD
2025-26,B81653,KING STREET MEDICAL CENTRE,Y63,NORTH EAST AND YORKSHIRE COMMISSIONING REGION,QOQ,NHS HUMBER AND NORTH YORKSHIRE INTEGRATED CARE BOARD
2025-26,B81656,RAJ MEDICAL CENTRE,Y63,NORTH EAST AND YORKSHIRE COMMISSIONING REGION,QOQ,NHS HUMBER AND NORTH YORKSHIRE INTEGRATED CARE BOARD
2025-26,B81666,DR MITCHELL,Y63,NORTH EAST AND YORKSHIRE COMMISSIONING REGION,QOQ,NHS HUMBER AND NORTH YORKSHIRE INTEGRATED CARE BOARD
2025-26,B82007,TOWNHEAD SURGERY,Y63,NORTH EAST AND YORKSHIRE COMMISSIONING REGION,QWO,NHS WEST YORKSHIRE INTEGRATED CARE BOARD
2025-26,B82008,NORTH HOUSE SURGERY,Y63,NORTH EAST AND YORKSHIRE COMMISSIONING REGION,QOQ,NHS HUMBER AND NORTH YORKSHIRE INTEGRATED CARE BOARD
2025-26,B82022,GREAT AYTON SURGERY,Y63,NORTH EAST AND YORKSHIRE COMMISSIONING REGION,QOQ,NHS HUMBER AND NORTH YORKSHIRE INTEGRATED CARE BOARD
2025-26,B82023,CATTERICK VILLAGE SURGERY,Y63,NORTH EAST AND YORKSHIRE COMMISSIONING REGION,QOQ,NHS HUMBER AND NORTH YORKSHIRE INTEGRATED CARE BOARD
2025-26,B82024,EASTFIELD MEDICAL CENTRE,Y63,NORTH EAST AND YORKSHIRE COMMISSIONING REGION,QOQ,NHS HUMBER AND NORTH YORKSHIRE INTEGRATED CARE BOARD
2025-26,B82029,DOCTORS LANE SURGERY,Y63,NORTH EAST AND YORKSHIRE COMMISSIONING REGION,QOQ,NHS HUMBER AND NORTH YORKSHIRE INTEGRATED CARE BOARD
2025-26,B82030,MASHAM & KIRKBY MALZEARD SURGERY,Y63,NORTH EAST AND YORKSHIRE COMMISSIONING REGION,QOQ,NHS HUMBER AND NORTH YORKSHIRE INTEGRATED CARE BOARD
2025-26,B82038,HAXBY GROUP SCARBOROUGH,Y63,NORTH EAST AND YORKSHIRE COMMISSIONING REGION,QOQ,NHS HUMBER AND NORTH YORKSHIRE INTEGRATED CARE BOARD
2025-26,B82044,STOKESLEY SURGERY,Y63,NORTH EAST AND YORKSHIRE COMMISSIONING REGION,QOQ,NHS HUMBER AND NORTH YORKSHIRE INTEGRATED CARE BOARD
2025-26,B82046,STAITHES SURGERY,Y63,NORTH EAST AND YORKSHIRE COMMISSIONING REGION,QOQ,NHS HUMBER AND NORTH YORKSHIRE INTEGRATED CARE BOARD
2025-26,B82047,UNITY HEALTH,Y63,NORTH EAST AND YORKSHIRE COMMISSIONING REGION,QOQ,NHS HUMBER AND NORTH YORKSHIRE INTEGRATED CARE BOARD
2025-26,B82060,EASTGATE MEDICAL GROUP,Y63,NORTH EAST AND YORKSHIRE COMMISSIONING REGION,QOQ,NHS HUMBER AND NORTH YORKSHIRE INTEGRATED CARE BOARD
2025-26,B82063,AYTON AND SNAINTON MEDICAL PRACTICE,Y63,NORTH EAST AND YORKSHIRE COMMISSIONING REGION,QOQ,NHS HUMBER AND NORTH YORKSHIRE INTEGRATED CARE BOARD
2025-26,B82071,THE OLD SCHOOL MEDICAL PRACTICE,Y63,NORTH EAST AND YORKSHIRE COMMISSIONING REGION,QOQ,NHS HUMBER AND NORTH YORKSHIRE INTEGRATED CARE BOARD
2025-26,B82078,LEYBURN MEDICAL PRACTICE,Y63,NORTH EAST AND YORKSHIRE COMMISSIONING REGION,QOQ,NHS HUMBER AND NORTH YORKSHIRE INTEGRATED CARE BOARD
2025-26,B82081,ELVINGTON MEDICAL PRACTICE,Y63,NORTH EAST AND YORKSHIRE COMMISSIONING REGION,QOQ,NHS HUMBER AND NORTH YORKSHIRE INTEGRATED CARE BOARD
2025-26,B82104,HAREWOOD MEDICAL PRACTICE,Y63,NORTH EAST AND YORKSHIRE COMMISSIONING REGION,QOQ,NHS HUMBER AND NORTH YORKSHIRE INTEGRATED CARE BOARD
2025-26,B82105,TADCASTER MEDICAL CENTRE,Y63,NORTH EAST AND YORKSHIRE COMMISSIONING REGION,QOQ,NHS HUMBER AND NORTH YORKSHIRE INTEGRATED CARE BOARD
2025-26,B82609,AMPLEFORTH SURGERY,Y63,NORTH EAST AND YORKSHIRE COMMISSIONING REGION,QOQ,NHS HUMBER AND NORTH YORKSHIRE INTEGRATED CARE BOARD
2025-26,B82619,TERRINGTON SURGERY,Y63,NORTH EAST AND YORKSHIRE COMMISSIONING REGION,QOQ,NHS HUMBER AND NORTH YORKSHIRE INTEGRATED CARE BOARD
2025-26,B82622,REETH MEDICAL CENTRE,Y63,NORTH EAST AND YORKSHIRE COMMISSIONING REGION,QOQ,NHS HUMBER AND NORTH YORKSHIRE INTEGRATED CARE BOARD
2025-26,B83005,THORNBURY MEDICAL PRACTICE,Y63,NORTH EAST AND YORKSHIRE COMMISSIONING REGION,QWO,NHS WEST YORKSHIRE INTEGRATED CARE BOARD
2025-26,B83009,SUNNYBANK & COWGILL MEDICAL PRACTICE,Y63,NORTH EAST AND YORKSHIRE COMMISSIONING REGION,QWO,NHS WEST YORKSHIRE INTEGRATED CARE BOARD
2025-26,B83010,PARKLANDS MEDICAL PRACTICE,Y63,NORTH EAST AND YORKSHIRE COMMISSIONING REGION,QWO,NHS WEST YORKSHIRE INTEGRATED CARE BOARD
2025-26,B83026,PRIMROSE SURGERY,Y63,NORTH EAST AND YORKSHIRE COMMISSIONING REGION,QWO,NHS WEST YORKSHIRE INTEGRATED CARE BOARD
2025-26,B83039,THE SALTAIRE & WINDHILL MEDICAL P'SHIP,Y63,NORTH EAST AND YORKSHIRE COMMISSIONING REGION,QWO,NHS WEST YORKSHIRE INTEGRATED CARE BOARD
2025-26,B83056,MOORSIDE SURGERY,Y63,NORTH EAST AND YORKSHIRE COMMISSIONING REGION,QWO,NHS WEST YORKSHIRE INTEGRATED CARE BOARD
2025-26,B83067,THE SPRINGFIELD SURGERY (BINGLEY),Y63,NORTH EAST AND YORKSHIRE COMMISSIONING REGION,QWO,NHS WEST YORKSHIRE INTEGRATED CARE BOARD
2025-26,B86061,HAREHILLS CORNER SURGERY,Y63,NORTH EAST AND YORKSHIRE COMMISSIONING REGION,QWO,NHS WEST YORKSHIRE INTEGRATED CARE BOARD
2025-26,B86071,WHITEHALL SURGERY,Y63,NORTH EAST AND YORKSHIRE COMMISSIONING REGION,QWO,NHS WEST YORKSHIRE INTEGRATED CARE BOARD
2025-26,B86081,BELLBROOKE SURGERY,Y63,NORTH EAST AND YORKSHIRE COMMISSIONING REGION,QWO,NHS WEST YORKSHIRE INTEGRATED CARE BOARD
2025-26,B86096,ARTHINGTON MEDICAL CENTRE,Y63,NORTH EAST AND YORKSHIRE COMMISSIONING REGION,QWO,NHS WEST YORKSHIRE INTEGRATED CARE BOARD
2025-26,B86109,KIRKSTALL LANE MEDICAL CENTRE,Y63,NORTH EAST AND YORKSHIRE COMMISSIONING REGION,QWO,NHS WEST YORKSHIRE INTEGRATED CARE BOARD
2025-26,B86655,BEECH TREE MEDICAL CENTRE,Y63,NORTH EAST AND YORKSHIRE COMMISSIONING REGION,QWO,NHS WEST YORKSHIRE INTEGRATED CARE BOARD
2025-26,B86658,MOORFIELD HOUSE SURGERY,Y63,NORTH EAST AND YORKSHIRE COMMISSIONING REGION,QWO,NHS WEST YORKSHIRE INTEGRATED CARE BOARD
2025-26,B86672,HAWTHORN SURGERY,Y63,NORTH EAST AND YORKSHIRE COMMISSIONING REGION,QWO,NHS WEST YORKSHIRE INTEGRATED CARE BOARD
2025-26,B86675,LINCOLN GREEN MEDICAL CENTRE,Y63,NORTH EAST AND YORKSHIRE COMMISSIONING REGION,QWO,NHS WEST YORKSHIRE INTEGRATED CARE BOARD
2025-26,B87004,WARRENGATE MEDICAL CENTRE,Y63,NORTH EAST AND YORKSHIRE COMMISSIONING REGION,QWO,NHS WEST YORKSHIRE INTEGRATED CARE BOARD
2025-26,B87007,NORTHGATE SURGERY,Y63,NORTH EAST AND YORKSHIRE COMMISSIONING REGION,QWO,NHS WEST YORKSHIRE INTEGRATED CARE BOARD
2025-26,B87009,ST THOMAS ROAD SURGERY,Y63,NORTH EAST AND YORKSHIRE COMMISSIONING REGION,QWO,NHS WEST YORKSHIRE INTEGRATED CARE BOARD
2025-26,B87016,WHITE ROSE SURGERY,Y63,NORTH EAST AND YORKSHIRE COMMISSIONING REGION,QWO,NHS WEST YORKSHIRE INTEGRATED CARE BOARD
2025-26,B87028,CROFTON AND SHARLSTON MED PRAC,Y63,NORTH EAST AND YORKSHIRE COMMISSIONING REGION,QWO,NHS WEST YORKSHIRE INTEGRATED CARE BOARD
2025-26,B87033,NEWLAND SURGERY,Y63,NORTH EAST AND YORKSHIRE COMMISSIONING REGION,QWO,NHS WEST YORKSHIRE INTEGRATED CARE BOARD
2025-26,B87036,LANGTHWAITE SURGERY,Y63,NORTH EAST AND YORKSHIRE COMMISSIONING REGION,QWO,NHS WEST YORKSHIRE INTEGRATED CARE BOARD
2025-26,B87042,TIEVE TARA,Y63,NORTH EAST AND YORKSHIRE COMMISSIONING REGION,QWO,NHS WEST YORKSHIRE INTEGRATED CARE BOARD
2025-26,C81001,SPRINGS HEALTH CENTRE,Y60,MIDLANDS COMMISSIONING REGION,QJ2,NHS DERBY AND DERBYSHIRE INTEGRATED CARE BOARD
2025-26,C81005,JESSOP MEDICAL PRACTICE,Y60,MIDLANDS COMMISSIONING REGION,QJ2,NHS DERBY AND DERBYSHIRE INTEGRATED CARE BOARD
2025-26,C81008,ROYAL PRIMARY CARE CLAY CROSS,Y60,MIDLANDS COMMISSIONING REGION,QJ2,NHS DERBY AND DERBYSHIRE INTEGRATED CARE BOARD
2025-26,C81009,WILSON STREET SURGERY,Y60,MIDLANDS COMMISSIONING REGION,QJ2,NHS DERBY AND DERBYSHIRE INTEGRATED CARE BOARD
2025-26,C81012,THE SURGERY AT WHEATBRIDGE,Y60,MIDLANDS COMMISSIONING REGION,QJ2,NHS DERBY AND DERBYSHIRE INTEGRATED CARE BOARD
2025-26,C81015,NEWBOLD SURGERY,Y60,MIDLANDS COMMISSIONING REGION,QJ2,NHS DERBY AND DERBYSHIRE INTEGRATED CARE BOARD
2025-26,C81016,PEAK & DALES MEDICAL PARTNERSHIP,Y60,MIDLANDS COMMISSIONING REGION,QJ2,NHS DERBY AND DERBYSHIRE INTEGRATED CARE BOARD
2025-26,C81021,OLD STATION SURGERY,Y60,MIDLANDS COMMISSIONING REGION,QJ2,NHS DERBY AND DERBYSHIRE INTEGRATED CARE BOARD
2025-26,C81027,SOMERCOTES MEDICAL CENTRE,Y60,MIDLANDS COMMISSIONING REGION,QJ2,NHS DERBY AND DERBYSHIRE INTEGRATED CARE BOARD
2025-26,C81030,CREDAS MEDICAL,Y60,MIDLANDS COMMISSIONING REGION,QJ2,NHS DERBY AND DERBYSHIRE INTEGRATED CARE BOARD
2025-26,C81034,STEWART MEDICAL CENTRE,Y60,MIDLANDS COMMISSIONING REGION,QJ2,NHS DERBY AND DERBYSHIRE INTEGRATED CARE BOARD
2025-26,C81035,VILLAGE SURGERY,Y60,MIDLANDS COMMISSIONING REGION,QJ2,NHS DERBY AND DERBYSHIRE INTEGRATED CARE BOARD
2025-26,C81040,PARK LANE SURGERY,Y60,MIDLANDS COMMISSIONING REGION,QJ2,NHS DERBY AND DERBYSHIRE INTEGRATED CARE BOARD
2025-26,C81049,KELVINGROVE MEDICAL CENTRE,Y60,MIDLANDS COMMISSIONING REGION,QJ2,NHS DERBY AND DERBYSHIRE INTEGRATED CARE BOARD
2025-26,B83611,NEW OTLEY ROAD MEDICAL PRACTICE,Y63,NORTH EAST AND YORKSHIRE COMMISSIONING REGION,QWO,NHS WEST YORKSHIRE INTEGRATED CARE BOARD
2025-26,B83620,ADDINGHAM SURGERY,Y63,NORTH EAST AND YORKSHIRE COMMISSIONING REGION,QWO,NHS WEST YORKSHIRE INTEGRATED CARE BOARD
2025-26,B83627,FRIZINGHALL MEDICAL CENTRE,Y63,NORTH EAST AND YORKSHIRE COMMISSIONING REGION,QWO,NHS WEST YORKSHIRE INTEGRATED CARE BOARD
2025-26,B84001,STATION ROAD SURGERY,Y63,NORTH EAST AND YORKSHIRE COMMISSIONING REGION,QWO,NHS WEST YORKSHIRE INTEGRATED CARE BOARD
2025-26,B84004,HEBDEN BRIDGE GROUP PRACTICE,Y63,NORTH EAST AND YORKSHIRE COMMISSIONING REGION,QWO,NHS WEST YORKSHIRE INTEGRATED CARE BOARD
2025-26,B84010,KEIGHLEY ROAD SURGERY,Y63,NORTH EAST AND YORKSHIRE COMMISSIONING REGION,QWO,NHS WEST YORKSHIRE INTEGRATED CARE BOARD
2025-26,B84011,CHURCH LANE SURGERY,Y63,NORTH EAST AND YORKSHIRE COMMISSIONING REGION,QWO,NHS WEST YORKSHIRE INTEGRATED CARE BOARD
2025-26,B85001,PARKVIEW SURGERY,Y63,NORTH EAST AND YORKSHIRE COMMISSIONING REGION,QWO,NHS WEST YORKSHIRE INTEGRATED CARE BOARD
2025-26,B85002,DEARNE VALLEY HEALTH CENTRE,Y63,NORTH EAST AND YORKSHIRE COMMISSIONING REGION,QWO,NHS WEST YORKSHIRE INTEGRATED CARE BOARD
2025-26,B85014,BROOKROYD HOUSE,Y63,NORTH EAST AND YORKSHIRE COMMISSIONING REGION,QWO,NHS WEST YORKSHIRE INTEGRATED CARE BOARD
2025-26,B85023,THE ALMONDBURY SURGERY,Y63,NORTH EAST AND YORKSHIRE COMMISSIONING REGION,QWO,NHS WEST YORKSHIRE INTEGRATED CARE BOARD
2025-26,B85024,THE WATERLOO PRACTICE,Y63,NORTH EAST AND YORKSHIRE COMMISSIONING REGION,QWO,NHS WEST YORKSHIRE INTEGRATED CARE BOARD
2025-26,B85026,KIRKBURTON HEALTH CENTRE,Y63,NORTH EAST AND YORKSHIRE COMMISSIONING REGION,QWO,NHS WEST YORKSHIRE INTEGRATED CARE BOARD
2025-26,B85030,THE GREENWAY MEDICAL PRACTICE,Y63,NORTH EAST AND YORKSHIRE COMMISSIONING REGION,QWO,NHS WEST YORKSHIRE INTEGRATED CARE BOARD
2025-26,B85036,NEW STREET & NETHERTON GROUP PRACTICE,Y63,NORTH EAST AND YORKSHIRE COMMISSIONING REGION,QWO,NHS WEST YORKSHIRE INTEGRATED CARE BOARD
2025-26,C81050,THE VILLAGE SURGERY,Y60,MIDLANDS COMMISSIONING REGION,QJ2,NHS DERBY AND DERBYSHIRE INTEGRATED CARE BOARD
2025-26,C81064,PARK FARM MEDICAL CENTRE,Y60,MIDLANDS COMMISSIONING REGION,QJ2,NHS DERBY AND DERBYSHIRE INTEGRATED CARE BOARD
2025-26,C81081,MANOR HOUSE SURGERY,Y60,MIDLANDS COMMISSIONING REGION,QJ2,NHS DERBY AND DERBYSHIRE INTEGRATED CARE BOARD
2025-26,C81083,WEST PARK SURGERY,Y60,MIDLANDS COMMISSIONING REGION,QJ2,NHS DERBY AND DERBYSHIRE INTEGRATED CARE BOARD
2025-26,C81086,HENMORE HEALTH - ASHBOURNE SURGERY,Y60,MIDLANDS COMMISSIONING REGION,QJ2,NHS DERBY AND DERBYSHIRE INTEGRATED CARE BOARD
2025-26,C81092,EVELYN MEDICAL CENTRE,Y60,MIDLANDS COMMISSIONING REGION,QJ2,NHS DERBY AND DERBYSHIRE INTEGRATED CARE BOARD
2025-26,C81095,EMMETT CARR SURGERY,Y60,MIDLANDS COMMISSIONING REGION,QJ2,NHS DERBY AND DERBYSHIRE INTEGRATED CARE BOARD
2025-26,C81101,LIME GROVE MEDICAL CENTRE,Y60,MIDLANDS COMMISSIONING REGION,QJ2,NHS DERBY AND DERBYSHIRE INTEGRATED CARE BOARD
2025-26,C81106,LAMBGATES HEALTH CENTRE,Y60,MIDLANDS COMMISSIONING REGION,QJ2,NHS DERBY AND DERBYSHIRE INTEGRATED CARE BOARD
2025-26,C81114,GRESLEYDALE HEALTHCARE CENTRE,Y60,MIDLANDS COMMISSIONING REGION,QJ2,NHS DERBY AND DERBYSHIRE INTEGRATED CARE BOARD
2025-26,C81118,DERBY FAMILY MEDICAL CENTRE,Y60,MIDLANDS COMMISSIONING REGION,QJ2,NHS DERBY AND DERBYSHIRE INTEGRATED CARE BOARD
2025-26,C81634,ARDEN HOUSE MEDICAL PRACTICE,Y60,MIDLANDS COMMISSIONING REGION,QJ2,NHS DERBY AND DERBYSHIRE INTEGRATED CARE BOARD
2025-26,C81649,CALOW AND BRIMINGTON PRACTICE,Y60,MIDLANDS COMMISSIONING REGION,QJ2,NHS DERBY AND DERBYSHIRE INTEGRATED CARE BOARD
2025-26,C81655,FAMILY FRIENDLY SURGERY,Y60,MIDLANDS COMMISSIONING REGION,QJ2,NHS DERBY AND DERBYSHIRE INTEGRATED CARE BOARD
2025-26,C82002,COUNTESTHORPE HEALTH CENTRE,Y60,MIDLANDS COMMISSIONING REGION,QK1,"NHS LEICESTER, LEICESTERSHIRE AND RUTLAND INTEGRATED CARE BOARD"
2025-26,C82026,BRIDGE STREET MEDICAL PRACTICE,Y60,MIDLANDS COMMISSIONING REGION,QK1,"NHS LEICESTER, LEICESTERSHIRE AND RUTLAND INTEGRATED CARE BOARD"
2025-26,B85038,THE PADDOCK SURGERY,Y63,NORTH EAST AND YORKSHIRE COMMISSIONING REGION,QWO,NHS WEST YORKSHIRE INTEGRATED CARE BOARD
2025-26,B85061,SKELMANTHORPE FAMILY DOCTORS,Y63,NORTH EAST AND YORKSHIRE COMMISSIONING REGION,QWO,NHS WEST YORKSHIRE INTEGRATED CARE BOARD
2025-26,B85062,UNIVERSITY HEALTH CENTRE,Y63,NORTH EAST AND YORKSHIRE COMMISSIONING REGION,QWO,NHS WEST YORKSHIRE INTEGRATED CARE BOARD
2025-26,B85610,OAKLANDS HEALTH CENTRE,Y63,NORTH EAST AND YORKSHIRE COMMISSIONING REGION,QWO,NHS WEST YORKSHIRE INTEGRATED CARE BOARD
2025-26,B85660,THE JUNCTION SURGERY,Y63,NORTH EAST AND YORKSHIRE COMMISSIONING REGION,QWO,NHS WEST YORKSHIRE INTEGRATED CARE BOARD
2025-26,B86004,HIGHFIELD SURGERY,Y63,NORTH EAST AND YORKSHIRE COMMISSIONING REGION,QWO,NHS WEST YORKSHIRE INTEGRATED CARE BOARD
2025-26,B86005,DR N DUMPHY & PARTNERS,Y63,NORTH EAST AND YORKSHIRE COMMISSIONING REGION,QWO,NHS WEST YORKSHIRE INTEGRATED CARE BOARD
2025-26,B86006,OULTON MEDICAL CENTRE,Y63,NORTH EAST AND YORKSHIRE COMMISSIONING REGION,QWO,NHS WEST YORKSHIRE INTEGRATED CARE BOARD
2025-26,B86008,ALWOODLEY MEDICAL CENTRE,Y63,NORTH EAST AND YORKSHIRE COMMISSIONING REGION,QWO,NHS WEST YORKSHIRE INTEGRATED CARE BOARD
2025-26,B86012,LEEDS CITY MEDICAL PRACTICE,Y63,NORTH EAST AND YORKSHIRE COMMISSIONING REGION,QWO,NHS WEST YORKSHIRE INTEGRATED CARE BOARD
2025-26,B86018,MULBERRY STREET MEDICAL PRACTICE,Y63,NORTH EAST AND YORKSHIRE COMMISSIONING REGION,QWO,NHS WEST YORKSHIRE INTEGRATED CARE BOARD
2025-26,B86029,WESTGATE SURGERY,Y63,NORTH EAST AND YORKSHIRE COMMISSIONING REGION,QWO,NHS WEST YORKSHIRE INTEGRATED CARE BOARD
2025-26,B86038,GUISELEY AND YEADON MEDICAL PRACTICE,Y63,NORTH EAST AND YORKSHIRE COMMISSIONING REGION,QWO,NHS WEST YORKSHIRE INTEGRATED CARE BOARD
2025-26,B86039,ALLERTON MEDICAL CENTRE,Y63,NORTH EAST AND YORKSHIRE COMMISSIONING REGION,QWO,NHS WEST YORKSHIRE INTEGRATED CARE BOARD
2025-26,B86042,LINGWELL CROFT SURGERY,Y63,NORTH EAST AND YORKSHIRE COMMISSIONING REGION,QWO,NHS WEST YORKSHIRE INTEGRATED CARE BOARD
2025-26,C82035,PARK VIEW SURGERY,Y60,MIDLANDS COMMISSIONING REGION,QK1,"NHS LEICESTER, LEICESTERSHIRE AND RUTLAND INTEGRATED CARE BOARD"
2025-26,C82040,ORCHARD SURGERY,Y60,MIDLANDS COMMISSIONING REGION,QT1,NHS NOTTINGHAM AND NOTTINGHAMSHIRE INTEGRATED CARE BOARD
2025-26,C82043,STATION VIEW HEALTH CENTRE,Y60,MIDLANDS COMMISSIONING REGION,QK1,"NHS LEICESTER, LEICESTERSHIRE AND RUTLAND INTEGRATED CARE BOARD"
2025-26,C82044,EMPINGHAM MEDICAL CENTRE,Y60,MIDLANDS COMMISSIONING REGION,QK1,"NHS LEICESTER, LEICESTERSHIRE AND RUTLAND INTEGRATED CARE BOARD"
2025-26,C82045,WHITWICK ROAD SURGERY,Y60,MIDLANDS COMMISSIONING REGION,QK1,"NHS LEICESTER, LEICESTERSHIRE AND RUTLAND INTEGRATED CARE BOARD"
2025-26,C82048,ROSEMEAD DRIVE SURGERY,Y60,MIDLANDS COMMISSIONING REGION,QK1,"NHS LEICESTER, LEICESTERSHIRE AND RUTLAND INTEGRATED CARE BOARD"
2025-26,C82055,THE LIMES MEDICAL CENTRE,Y60,MIDLANDS COMMISSIONING REGION,QK1,"NHS LEICESTER, LEICESTERSHIRE AND RUTLAND INTEGRATED CARE BOARD"
2025-26,C82056,THE GLENFIELD SURGERY,Y60,MIDLANDS COMMISSIONING REGION,QK1,"NHS LEICESTER, LEICESTERSHIRE AND RUTLAND INTEGRATED CARE BOARD"
2025-26,C82066,FOREST MEDICAL GROUP,Y60,MIDLANDS COMMISSIONING REGION,QK1,"NHS LEICESTER, LEICESTERSHIRE AND RUTLAND INTEGRATED CARE BOARD"
2025-26,C82068,NORTHFIELD MEDICAL CENTRE,Y60,MIDLANDS COMMISSIONING REGION,QK1,"NHS LEICESTER, LEICESTERSHIRE AND RUTLAND INTEGRATED CARE BOARD"
2025-26,C82076,THE WELBY PRACTICE,Y60,MIDLANDS COMMISSIONING REGION,QJM,NHS LINCOLNSHIRE INTEGRATED CARE BOARD
2025-26,C82077,THE UPPINGHAM SURGERY,Y60,MIDLANDS COMMISSIONING REGION,QK1,"NHS LEICESTER, LEICESTERSHIRE AND RUTLAND INTEGRATED CARE BOARD"
2025-26,C82079,SOUTH WIGSTON HEALTH CTR.,Y60,MIDLANDS COMMISSIONING REGION,QK1,"NHS LEICESTER, LEICESTERSHIRE AND RUTLAND INTEGRATED CARE BOARD"
2025-26,C82091,BIRSTALL MEDICAL CENTRE,Y60,MIDLANDS COMMISSIONING REGION,QK1,"NHS LEICESTER, LEICESTERSHIRE AND RUTLAND INTEGRATED CARE BOARD"
2025-26,C82097,CHARNWOOD SURGERY,Y60,MIDLANDS COMMISSIONING REGION,QK1,"NHS LEICESTER, LEICESTERSHIRE AND RUTLAND INTEGRATED CARE BOARD"
2025-26,C82102,MANOR HOUSE SURGERY,Y60,MIDLANDS COMMISSIONING REGION,QK1,"NHS LEICESTER, LEICESTERSHIRE AND RUTLAND INTEGRATED CARE BOARD"
2025-26,C82121,HEATH LANE SURGERY,Y60,MIDLANDS COMMISSIONING REGION,QK1,"NHS LEICESTER, LEICESTERSHIRE AND RUTLAND INTEGRATED CARE BOARD"
2025-26,C82124,VICTORIA PARK HEALTH CENTRE,Y60,MIDLANDS COMMISSIONING REGION,QK1,"NHS LEICESTER, LEICESTERSHIRE AND RUTLAND INTEGRATED CARE BOARD"
2025-26,C82610,THE PARKS MEDICAL CENTRE (B HAINSWORTH),Y60,MIDLANDS COMMISSIONING REGION,QK1,"NHS LEICESTER, LEICESTERSHIRE AND RUTLAND INTEGRATED CARE BOARD"
2025-26,C82620,DR S SHAFI,Y60,MIDLANDS COMMISSIONING REGION,QK1,"NHS LEICESTER, LEICESTERSHIRE AND RUTLAND INTEGRATED CARE BOARD"
2025-26,C82624,SPIRIT PRIMARY CARE LTD-BEAUMONT LEYS,Y60,MIDLANDS COMMISSIONING REGION,QK1,"NHS LEICESTER, LEICESTERSHIRE AND RUTLAND INTEGRATED CARE BOARD"
2025-26,C82627,SILVERDALE MEDICAL CENTRE,Y60,MIDLANDS COMMISSIONING REGION,QK1,"NHS LEICESTER, LEICESTERSHIRE AND RUTLAND INTEGRATED CARE BOARD"
2025-26,C82631,ENDERBY MEDICAL CENTRE,Y60,MIDLANDS COMMISSIONING REGION,QK1,"NHS LEICESTER, LEICESTERSHIRE AND RUTLAND INTEGRATED CARE BOARD"
2025-26,C82639,WESTEND MEDICAL PRACTICE,Y60,MIDLANDS COMMISSIONING REGION,QK1,"NHS LEICESTER, LEICESTERSHIRE AND RUTLAND INTEGRATED CARE BOARD"
2025-26,C82649,MARKET OVERTON & SOMERBY SURGERIES,Y60,MIDLANDS COMMISSIONING REGION,QK1,"NHS LEICESTER, LEICESTERSHIRE AND RUTLAND INTEGRATED CARE BOARD"
2025-26,C82650,DESFORD MEDICAL CENTRE,Y60,MIDLANDS COMMISSIONING REGION,QK1,"NHS LEICESTER, LEICESTERSHIRE AND RUTLAND INTEGRATED CARE BOARD"
2025-26,C82651,BROADHURST ST MED PRACT (KS MORJARIA),Y60,MIDLANDS COMMISSIONING REGION,QK1,"NHS LEICESTER, LEICESTERSHIRE AND RUTLAND INTEGRATED CARE BOARD"
2025-26,C82669,THE SURGERY @ AYLESTONE,Y60,MIDLANDS COMMISSIONING REGION,QK1,"NHS LEICESTER, LEICESTERSHIRE AND RUTLAND INTEGRATED CARE BOARD"
2025-26,B83018,IDLE MEDICAL CENTRE,Y63,NORTH EAST AND YORKSHIRE COMMISSIONING REGION,QWO,NHS WEST YORKSHIRE INTEGRATED CARE BOARD
2025-26,B83019,GRANGE PARK SURGERY,Y63,NORTH EAST AND YORKSHIRE COMMISSIONING REGION,QWO,NHS WEST YORKSHIRE INTEGRATED CARE BOARD
2025-26,B83020,THE WILLOWS MEDICAL PRACTICE,Y63,NORTH EAST AND YORKSHIRE COMMISSIONING REGION,QWO,NHS WEST YORKSHIRE INTEGRATED CARE BOARD
2025-26,B83022,BAILDON MEDICAL PRACTICE,Y63,NORTH EAST AND YORKSHIRE COMMISSIONING REGION,QWO,NHS WEST YORKSHIRE INTEGRATED CARE BOARD
2025-26,B83025,DR I M RAJA & PARTNER,Y63,NORTH EAST AND YORKSHIRE COMMISSIONING REGION,QWO,NHS WEST YORKSHIRE INTEGRATED CARE BOARD
2025-26,B83035,HORTON PARK MEDICAL PRACTICE,Y63,NORTH EAST AND YORKSHIRE COMMISSIONING REGION,QWO,NHS WEST YORKSHIRE INTEGRATED CARE BOARD
2025-26,B83037,THE WILSDEN MEDICAL PRACTICE,Y63,NORTH EAST AND YORKSHIRE COMMISSIONING REGION,QWO,NHS WEST YORKSHIRE INTEGRATED CARE BOARD
2025-26,B83038,LEYLANDS LANE MEDICAL PRACTICE,Y63,NORTH EAST AND YORKSHIRE COMMISSIONING REGION,QWO,NHS WEST YORKSHIRE INTEGRATED CARE BOARD
2025-26,B83042,ROOLEY LANE MED. CENTRE,Y63,NORTH EAST AND YORKSHIRE COMMISSIONING REGION,QWO,NHS WEST YORKSHIRE INTEGRATED CARE BOARD
2025-26,B83055,THE RIDGE MEDICAL PRACT.,Y63,NORTH EAST AND YORKSHIRE COMMISSIONING REGION,QWO,NHS WEST YORKSHIRE INTEGRATED CARE BOARD
2025-26,B83614,PICTON MEDICAL CENTRE,Y63,NORTH EAST AND YORKSHIRE COMMISSIONING REGION,QWO,NHS WEST YORKSHIRE INTEGRATED CARE BOARD
2025-26,B83629,PEEL PARK SURGERY,Y63,NORTH EAST AND YORKSHIRE COMMISSIONING REGION,QWO,NHS WEST YORKSHIRE INTEGRATED CARE BOARD
2025-26,B83659,PARK GRANGE MEDICAL CENTRE,Y63,NORTH EAST AND YORKSHIRE COMMISSIONING REGION,QWO,NHS WEST YORKSHIRE INTEGRATED CARE BOARD
2025-26,B84007,BRIG ROYD SURGERY,Y63,NORTH EAST AND YORKSHIRE COMMISSIONING REGION,QWO,NHS WEST YORKSHIRE INTEGRATED CARE BOARD
2025-26,B84008,THE NORTHOLME PRACTICE,Y63,NORTH EAST AND YORKSHIRE COMMISSIONING REGION,QWO,NHS WEST YORKSHIRE INTEGRATED CARE BOARD
2025-26,C82670,INCLUSION HEALTHCARE,Y60,MIDLANDS COMMISSIONING REGION,QK1,"NHS LEICESTER, LEICESTERSHIRE AND RUTLAND INTEGRATED CARE BOARD"
2025-26,C82678,THURMASTON HEALTH CENTRE,Y60,MIDLANDS COMMISSIONING REGION,QK1,"NHS LEICESTER, LEICESTERSHIRE AND RUTLAND INTEGRATED CARE BOARD"
2025-26,C83003,BEECHFIELD MEDICAL CENTRE,Y60,MIDLANDS COMMISSIONING REGION,QJM,NHS LINCOLNSHIRE INTEGRATED CARE BOARD
2025-26,C83004,LIQUORPOND SURGERY,Y60,MIDLANDS COMMISSIONING REGION,QJM,NHS LINCOLNSHIRE INTEGRATED CARE BOARD
2025-26,C83014,BOULTHAM PARK MEDICAL PRACTICE,Y60,MIDLANDS COMMISSIONING REGION,QJM,NHS LINCOLNSHIRE INTEGRATED CARE BOARD
2025-26,C83019,BEACON MEDICAL PRACTICE,Y60,MIDLANDS COMMISSIONING REGION,QJM,NHS LINCOLNSHIRE INTEGRATED CARE BOARD
2025-26,C83020,CAYTHORPE & ANCASTER MEDICAL PRACTICE,Y60,MIDLANDS COMMISSIONING REGION,QJM,NHS LINCOLNSHIRE INTEGRATED CARE BOARD
2025-26,C83022,MUNRO MEDICAL CENTRE,Y60,MIDLANDS COMMISSIONING REGION,QJM,NHS LINCOLNSHIRE INTEGRATED CARE BOARD
2025-26,C83024,THE GLENSIDE COUNTRY PRACTICE,Y60,MIDLANDS COMMISSIONING REGION,QJM,NHS LINCOLNSHIRE INTEGRATED CARE BOARD
2025-26,C83027,HORNCASTLE MEDICAL GROUP,Y60,MIDLANDS COMMISSIONING REGION,QJM,NHS LINCOLNSHIRE INTEGRATED CARE BOARD
2025-26,C83035,HEREWARD MEDICAL CENTRE,Y60,MIDLANDS COMMISSIONING REGION,QJM,NHS LINCOLNSHIRE INTEGRATED CARE BOARD
2025-26,C83039,MOULTON MEDICAL CENTRE,Y60,MIDLANDS COMMISSIONING REGION,QJM,NHS LINCOLNSHIRE INTEGRATED CARE BOARD
2025-26,C83040,ST. PETERS HILL SURGERY,Y60,MIDLANDS COMMISSIONING REGION,QJM,NHS LINCOLNSHIRE INTEGRATED CARE BOARD
2025-26,C83046,THE HEATH SURGERY,Y60,MIDLANDS COMMISSIONING REGION,QJM,NHS LINCOLNSHIRE INTEGRATED CARE BOARD
2025-26,C83055,STICKNEY SURGERY,Y60,MIDLANDS COMMISSIONING REGION,QJM,NHS LINCOLNSHIRE INTEGRATED CARE BOARD
2025-26,C83061,NORTH THORESBY SURGERY,Y60,MIDLANDS COMMISSIONING REGION,QJM,NHS LINCOLNSHIRE INTEGRATED CARE BOARD
2025-26,C83065,LITTLEBURY MEDICAL CENTRE,Y60,MIDLANDS COMMISSIONING REGION,QJM,NHS LINCOLNSHIRE INTEGRATED CARE BOARD
2025-26,B86044,"DR S HUTCHINSON & PARTNERS, IW&H M PRAC",Y63,NORTH EAST AND YORKSHIRE COMMISSIONING REGION,QWO,NHS WEST YORKSHIRE INTEGRATED CARE BOARD
2025-26,B86048,GARFORTH MEDICAL CENTRE,Y63,NORTH EAST AND YORKSHIRE COMMISSIONING REGION,QWO,NHS WEST YORKSHIRE INTEGRATED CARE BOARD
2025-26,B86051,AIRE VALLEY SURGERY,Y63,NORTH EAST AND YORKSHIRE COMMISSIONING REGION,QWO,NHS WEST YORKSHIRE INTEGRATED CARE BOARD
2025-26,B86057,WINDSOR HOUSE GROUP PRACTICE,Y63,NORTH EAST AND YORKSHIRE COMMISSIONING REGION,QWO,NHS WEST YORKSHIRE INTEGRATED CARE BOARD
2025-26,B86064,LEIGH VIEW MEDICAL PRACTICE,Y63,NORTH EAST AND YORKSHIRE COMMISSIONING REGION,QWO,NHS WEST YORKSHIRE INTEGRATED CARE BOARD
2025-26,B86089,NOVA SCOTIA MEDICAL CNTR,Y63,NORTH EAST AND YORKSHIRE COMMISSIONING REGION,QWO,NHS WEST YORKSHIRE INTEGRATED CARE BOARD
2025-26,B86094,DR S M CHEN & PARTNER,Y63,NORTH EAST AND YORKSHIRE COMMISSIONING REGION,QWO,NHS WEST YORKSHIRE INTEGRATED CARE BOARD
2025-26,B86104,BRAMLEY VILLAGE HEALTH & WELLBEING CTR,Y63,NORTH EAST AND YORKSHIRE COMMISSIONING REGION,QWO,NHS WEST YORKSHIRE INTEGRATED CARE BOARD
2025-26,B86106,FOUNDRY LANE SURGERY,Y63,NORTH EAST AND YORKSHIRE COMMISSIONING REGION,QWO,NHS WEST YORKSHIRE INTEGRATED CARE BOARD
2025-26,B86108,CHAPELTOWN FAMILY SURGERY,Y63,NORTH EAST AND YORKSHIRE COMMISSIONING REGION,QWO,NHS WEST YORKSHIRE INTEGRATED CARE BOARD
2025-26,B86643,THE ROUNDHAY ROAD SURGERY,Y63,NORTH EAST AND YORKSHIRE COMMISSIONING REGION,QWO,NHS WEST YORKSHIRE INTEGRATED CARE BOARD
2025-26,B86666,NEWTON SURGERY,Y63,NORTH EAST AND YORKSHIRE COMMISSIONING REGION,QWO,NHS WEST YORKSHIRE INTEGRATED CARE BOARD
2025-26,B86667,BEESTON VILLAGE SURGERY,Y63,NORTH EAST AND YORKSHIRE COMMISSIONING REGION,QWO,NHS WEST YORKSHIRE INTEGRATED CARE BOARD
2025-26,B86673,WETHERBY & BRAMHAM SURGERY,Y63,NORTH EAST AND YORKSHIRE COMMISSIONING REGION,QWO,NHS WEST YORKSHIRE INTEGRATED CARE BOARD
2025-26,B87011,FRIARWOOD SURGERY,Y63,NORTH EAST AND YORKSHIRE COMMISSIONING REGION,QWO,NHS WEST YORKSHIRE INTEGRATED CARE BOARD
2025-26,C83075,VINE STREET SURGERY,Y60,MIDLANDS COMMISSIONING REGION,QJM,NHS LINCOLNSHIRE INTEGRATED CARE BOARD
2025-26,C83085,JAMES STREET FAMILY PRACTICE,Y60,MIDLANDS COMMISSIONING REGION,QJM,NHS LINCOLNSHIRE INTEGRATED CARE BOARD
2025-26,C83634,TASBURGH LODGE SURGERY,Y60,MIDLANDS COMMISSIONING REGION,QJM,NHS LINCOLNSHIRE INTEGRATED CARE BOARD
2025-26,C83635,WOODHALL SPA NEW SURGERY,Y60,MIDLANDS COMMISSIONING REGION,QJM,NHS LINCOLNSHIRE INTEGRATED CARE BOARD
2025-26,C83650,THE WRAGBY SURGERY,Y60,MIDLANDS COMMISSIONING REGION,QJM,NHS LINCOLNSHIRE INTEGRATED CARE BOARD
2025-26,C84001,LARWOOD SURGERY,Y60,MIDLANDS COMMISSIONING REGION,QT1,NHS NOTTINGHAM AND NOTTINGHAMSHIRE INTEGRATED CARE BOARD
2025-26,C84004,ST ALBANS MEDICAL CENTRE,Y60,MIDLANDS COMMISSIONING REGION,QT1,NHS NOTTINGHAM AND NOTTINGHAMSHIRE INTEGRATED CARE BOARD
2025-26,C84009,BARNBY GATE SURGERY,Y60,MIDLANDS COMMISSIONING REGION,QT1,NHS NOTTINGHAM AND NOTTINGHAMSHIRE INTEGRATED CARE BOARD
2025-26,C84012,WILLOWBROOK MEDICAL PRACTICE,Y60,MIDLANDS COMMISSIONING REGION,QT1,NHS NOTTINGHAM AND NOTTINGHAMSHIRE INTEGRATED CARE BOARD
2025-26,C84017,BELVOIR HEALTH GROUP,Y60,MIDLANDS COMMISSIONING REGION,QT1,NHS NOTTINGHAM AND NOTTINGHAMSHIRE INTEGRATED CARE BOARD
2025-26,C84020,CHURCHSIDE MEDICAL PRACTICE,Y60,MIDLANDS COMMISSIONING REGION,QT1,NHS NOTTINGHAM AND NOTTINGHAMSHIRE INTEGRATED CARE BOARD
2025-26,C84029,LOMBARD MEDICAL CENTRE,Y60,MIDLANDS COMMISSIONING REGION,QT1,NHS NOTTINGHAM AND NOTTINGHAMSHIRE INTEGRATED CARE BOARD
2025-26,C84032,"EASTWOOD PRIMARY CARE CENTRE, CHURCH STREET SITE",Y60,MIDLANDS COMMISSIONING REGION,QT1,NHS NOTTINGHAM AND NOTTINGHAMSHIRE INTEGRATED CARE BOARD
2025-26,C84044,DEER PARK FAMILY MEDICAL PRACTICE,Y60,MIDLANDS COMMISSIONING REGION,QT1,NHS NOTTINGHAM AND NOTTINGHAMSHIRE INTEGRATED CARE BOARD
2025-26,C84053,TORKARD HILL MEDICAL CTRE,Y60,MIDLANDS COMMISSIONING REGION,QT1,NHS NOTTINGHAM AND NOTTINGHAMSHIRE INTEGRATED CARE BOARD
2025-26,C84055,HIGHCROFT SURGERY,Y60,MIDLANDS COMMISSIONING REGION,QT1,NHS NOTTINGHAM AND NOTTINGHAMSHIRE INTEGRATED CARE BOARD
2025-26,C84067,ASHFIELD HOUSE (ANNESLEY),Y60,MIDLANDS COMMISSIONING REGION,QT1,NHS NOTTINGHAM AND NOTTINGHAMSHIRE INTEGRATED CARE BOARD
2025-26,C84090,MUSTERS MEDICAL PRACTICE,Y60,MIDLANDS COMMISSIONING REGION,QT1,NHS NOTTINGHAM AND NOTTINGHAMSHIRE INTEGRATED CARE BOARD
2025-26,C84106,MILLVIEW SURGERY,Y60,MIDLANDS COMMISSIONING REGION,QT1,NHS NOTTINGHAM AND NOTTINGHAMSHIRE INTEGRATED CARE BOARD
2025-26,C84122,WOLLATON PARK MEDICAL CENTRE,Y60,MIDLANDS COMMISSIONING REGION,QT1,NHS NOTTINGHAM AND NOTTINGHAMSHIRE INTEGRATED CARE BOARD
2025-26,C84150,UNITY SURGERY,Y60,MIDLANDS COMMISSIONING REGION,QT1,NHS NOTTINGHAM AND NOTTINGHAMSHIRE INTEGRATED CARE BOARD
2025-26,C84619,TUDOR HOUSE MEDICAL PRACTICE,Y60,MIDLANDS COMMISSIONING REGION,QT1,NHS NOTTINGHAM AND NOTTINGHAMSHIRE INTEGRATED CARE BOARD
2025-26,C84629,"HEALTH CARE COMPLEX, KIRKBY",Y60,MIDLANDS COMMISSIONING REGION,QT1,NHS NOTTINGHAM AND NOTTINGHAMSHIRE INTEGRATED CARE BOARD
2025-26,C84646,THE IVY MEDICAL GROUP,Y60,MIDLANDS COMMISSIONING REGION,QT1,NHS NOTTINGHAM AND NOTTINGHAMSHIRE INTEGRATED CARE BOARD
2025-26,C84660,HOUNSFIELD SURGERY,Y60,MIDLANDS COMMISSIONING REGION,QT1,NHS NOTTINGHAM AND NOTTINGHAMSHIRE INTEGRATED CARE BOARD
2025-26,C84679,ACORN MEDICAL PRACTICE,Y60,MIDLANDS COMMISSIONING REGION,QT1,NHS NOTTINGHAM AND NOTTINGHAMSHIRE INTEGRATED CARE BOARD
2025-26,C84692,NORTH LEVERTON SURGERY,Y60,MIDLANDS COMMISSIONING REGION,QT1,NHS NOTTINGHAM AND NOTTINGHAMSHIRE INTEGRATED CARE BOARD
2025-26,C85009,THE KAKOTY PRACTICE,Y63,NORTH EAST AND YORKSHIRE COMMISSIONING REGION,QF7,NHS SOUTH YORKSHIRE INTEGRATED CARE BOARD
2025-26,C85013,WOMBWELL GMS PRACTICE,Y63,NORTH EAST AND YORKSHIRE COMMISSIONING REGION,QF7,NHS SOUTH YORKSHIRE INTEGRATED CARE BOARD
2025-26,C85016,GARLAND HOUSE SURGERY,Y63,NORTH EAST AND YORKSHIRE COMMISSIONING REGION,QF7,NHS SOUTH YORKSHIRE INTEGRATED CARE BOARD
2025-26,B84012,SPRING HALL GROUP PRACTICE,Y63,NORTH EAST AND YORKSHIRE COMMISSIONING REGION,QWO,NHS WEST YORKSHIRE INTEGRATED CARE BOARD
2025-26,B84016,BANKFIELD SURGERY,Y63,NORTH EAST AND YORKSHIRE COMMISSIONING REGION,QWO,NHS WEST YORKSHIRE INTEGRATED CARE BOARD
2025-26,B84021,KING CROSS PRACTICE,Y63,NORTH EAST AND YORKSHIRE COMMISSIONING REGION,QWO,NHS WEST YORKSHIRE INTEGRATED CARE BOARD
2025-26,B84613,BEECHWOOD MEDICAL CENTRE,Y63,NORTH EAST AND YORKSHIRE COMMISSIONING REGION,QWO,NHS WEST YORKSHIRE INTEGRATED CARE BOARD
2025-26,B85008,BATLEY HEALTH CENTRE SURGERY,Y63,NORTH EAST AND YORKSHIRE COMMISSIONING REGION,QWO,NHS WEST YORKSHIRE INTEGRATED CARE BOARD
2025-26,B85012,UNDERCLIFFE SURGERY,Y63,NORTH EAST AND YORKSHIRE COMMISSIONING REGION,QWO,NHS WEST YORKSHIRE INTEGRATED CARE BOARD
2025-26,B85016,MELTHAM ROAD SURGERY,Y63,NORTH EAST AND YORKSHIRE COMMISSIONING REGION,QWO,NHS WEST YORKSHIRE INTEGRATED CARE BOARD
2025-26,B85018,GROVE HOUSE SURGERY,Y63,NORTH EAST AND YORKSHIRE COMMISSIONING REGION,QWO,NHS WEST YORKSHIRE INTEGRATED CARE BOARD
2025-26,B85019,MIRFIELD HEALTH CENTRE,Y63,NORTH EAST AND YORKSHIRE COMMISSIONING REGION,QWO,NHS WEST YORKSHIRE INTEGRATED CARE BOARD
2025-26,B85020,EIGHTLANDS SURGERY,Y63,NORTH EAST AND YORKSHIRE COMMISSIONING REGION,QWO,NHS WEST YORKSHIRE INTEGRATED CARE BOARD
2025-26,B85021,CLECKHEATON GROUP PRACTICE,Y63,NORTH EAST AND YORKSHIRE COMMISSIONING REGION,QWO,NHS WEST YORKSHIRE INTEGRATED CARE BOARD
2025-26,B85022,HONLEY SURGERY,Y63,NORTH EAST AND YORKSHIRE COMMISSIONING REGION,QWO,NHS WEST YORKSHIRE INTEGRATED CARE BOARD
2025-26,B85041,MOUNT PLEASANT MED CENTRE,Y63,NORTH EAST AND YORKSHIRE COMMISSIONING REGION,QWO,NHS WEST YORKSHIRE INTEGRATED CARE BOARD
2025-26,B85042,PADDOCK AND LONGWOOD FAMILY PRACTICE,Y63,NORTH EAST AND YORKSHIRE COMMISSIONING REGION,QWO,NHS WEST YORKSHIRE INTEGRATED CARE BOARD
2025-26,B85044,THORNTON LODGE SURGERY,Y63,NORTH EAST AND YORKSHIRE COMMISSIONING REGION,QWO,NHS WEST YORKSHIRE INTEGRATED CARE BOARD
2025-26,B87015,STUART ROAD,Y63,NORTH EAST AND YORKSHIRE COMMISSIONING REGION,QWO,NHS WEST YORKSHIRE INTEGRATED CARE BOARD
2025-26,B87017,TRINITY MEDICAL CENTRE,Y63,NORTH EAST AND YORKSHIRE COMMISSIONING REGION,QWO,NHS WEST YORKSHIRE INTEGRATED CARE BOARD
2025-26,B87019,STANLEY,Y63,NORTH EAST AND YORKSHIRE COMMISSIONING REGION,QWO,NHS WEST YORKSHIRE INTEGRATED CARE BOARD
2025-26,B87025,CASTLEFORD MEDICAL PRACTICE,Y63,NORTH EAST AND YORKSHIRE COMMISSIONING REGION,QWO,NHS WEST YORKSHIRE INTEGRATED CARE BOARD
2025-26,B87026,THE GRANGE MEDICAL CENTRE,Y63,NORTH EAST AND YORKSHIRE COMMISSIONING REGION,QWO,NHS WEST YORKSHIRE INTEGRATED CARE BOARD
2025-26,B87032,STATION LANE,Y63,NORTH EAST AND YORKSHIRE COMMISSIONING REGION,QWO,NHS WEST YORKSHIRE INTEGRATED CARE BOARD
2025-26,C81004,IVY GROVE SURGERY,Y60,MIDLANDS COMMISSIONING REGION,QJ2,NHS DERBY AND DERBYSHIRE INTEGRATED CARE BOARD
2025-26,C81010,THE MOIR MEDICAL CENTRE,Y60,MIDLANDS COMMISSIONING REGION,QJ2,NHS DERBY AND DERBYSHIRE INTEGRATED CARE BOARD
2025-26,C81018,DOVE RIVER,Y60,MIDLANDS COMMISSIONING REGION,QNC,NHS STAFFORDSHIRE AND STOKE-ON-TRENT INTEGRATED CARE BOARD
2025-26,C81020,NEWHALL SURGERY,Y60,MIDLANDS COMMISSIONING REGION,QJ2,NHS DERBY AND DERBYSHIRE INTEGRATED CARE BOARD
2025-26,C81026,ADAM HOUSE MEDICAL CENTRE,Y60,MIDLANDS COMMISSIONING REGION,QJ2,NHS DERBY AND DERBYSHIRE INTEGRATED CARE BOARD
2025-26,C81031,PARK SURGERY,Y60,MIDLANDS COMMISSIONING REGION,QJ2,NHS DERBY AND DERBYSHIRE INTEGRATED CARE BOARD
2025-26,C81036,FRIAR GATE SURGERY,Y60,MIDLANDS COMMISSIONING REGION,QJ2,NHS DERBY AND DERBYSHIRE INTEGRATED CARE BOARD
2025-26,C81042,MICKLEOVER MEDICAL CENTRE,Y60,MIDLANDS COMMISSIONING REGION,QJ2,NHS DERBY AND DERBYSHIRE INTEGRATED CARE BOARD
2025-26,C81044,WHITTINGTON MOOR SURGERY,Y60,MIDLANDS COMMISSIONING REGION,QJ2,NHS DERBY AND DERBYSHIRE INTEGRATED CARE BOARD
2025-26,C81053,PARKSIDE SURGERY,Y60,MIDLANDS COMMISSIONING REGION,QJ2,NHS DERBY AND DERBYSHIRE INTEGRATED CARE BOARD
2025-26,C81054,HOLLYBROOK MEDICAL CENTRE,Y60,MIDLANDS COMMISSIONING REGION,QJ2,NHS DERBY AND DERBYSHIRE INTEGRATED CARE BOARD
2025-26,C81055,NORTH WINGFIELD MEDICAL CENTRE,Y60,MIDLANDS COMMISSIONING REGION,QJ2,NHS DERBY AND DERBYSHIRE INTEGRATED CARE BOARD
2025-26,C81063,THORNBROOK SURGERY,Y60,MIDLANDS COMMISSIONING REGION,QJ2,NHS DERBY AND DERBYSHIRE INTEGRATED CARE BOARD
2025-26,C81066,OVERDALE MEDICAL PRACTICE,Y60,MIDLANDS COMMISSIONING REGION,QJ2,NHS DERBY AND DERBYSHIRE INTEGRATED CARE BOARD
2025-26,C81067,CHATSWORTH ROAD MEDICAL CENTRE,Y60,MIDLANDS COMMISSIONING REGION,QJ2,NHS DERBY AND DERBYSHIRE INTEGRATED CARE BOARD
2025-26,C81070,OAKHILL MEDICAL PRACTICE,Y60,MIDLANDS COMMISSIONING REGION,QJ2,NHS DERBY AND DERBYSHIRE INTEGRATED CARE BOARD
2025-26,C81071,OSMASTON SURGERY,Y60,MIDLANDS COMMISSIONING REGION,QJ2,NHS DERBY AND DERBYSHIRE INTEGRATED CARE BOARD
2025-26,C81072,LISTER HOUSE SURGERY,Y60,MIDLANDS COMMISSIONING REGION,QJ2,NHS DERBY AND DERBYSHIRE INTEGRATED CARE BOARD
2025-26,C81080,GOYT VALLEY MEDICAL PRACTICE,Y60,MIDLANDS COMMISSIONING REGION,QJ2,NHS DERBY AND DERBYSHIRE INTEGRATED CARE BOARD
2025-26,C81082,HARTINGTON SURGERY,Y60,MIDLANDS COMMISSIONING REGION,QJ2,NHS DERBY AND DERBYSHIRE INTEGRATED CARE BOARD
2025-26,C81089,STUBLEY MEDICAL CENTRE,Y60,MIDLANDS COMMISSIONING REGION,QJ2,NHS DERBY AND DERBYSHIRE INTEGRATED CARE BOARD
2025-26,C81096,CRAG'S HEALTH CARE,Y60,MIDLANDS COMMISSIONING REGION,QJ2,NHS DERBY AND DERBYSHIRE INTEGRATED CARE BOARD
2025-26,C81110,WELLBROOK MEDICAL CENTRE,Y60,MIDLANDS COMMISSIONING REGION,QJ2,NHS DERBY AND DERBYSHIRE INTEGRATED CARE BOARD
2025-26,C81113,MICKLEOVER SURGERY,Y60,MIDLANDS COMMISSIONING REGION,QJ2,NHS DERBY AND DERBYSHIRE INTEGRATED CARE BOARD
2025-26,C81615,COTTAGE LANE SURGERY,Y60,MIDLANDS COMMISSIONING REGION,QJ2,NHS DERBY AND DERBYSHIRE INTEGRATED CARE BOARD
2025-26,C81616,PEARTREE MEDICAL CENTRE,Y60,MIDLANDS COMMISSIONING REGION,QJ2,NHS DERBY AND DERBYSHIRE INTEGRATED CARE BOARD
2025-26,C85018,GRIMETHORPE SURGERY,Y63,NORTH EAST AND YORKSHIRE COMMISSIONING REGION,QF7,NHS SOUTH YORKSHIRE INTEGRATED CARE BOARD
2025-26,C85019,THE GROVE MEDICAL PRACTICE,Y63,NORTH EAST AND YORKSHIRE COMMISSIONING REGION,QF7,NHS SOUTH YORKSHIRE INTEGRATED CARE BOARD
2025-26,C85022,HOYLAND MEDICAL PRACTICE,Y63,NORTH EAST AND YORKSHIRE COMMISSIONING REGION,QF7,NHS SOUTH YORKSHIRE INTEGRATED CARE BOARD
2025-26,C85028,LUNDWOOD MEDICAL CENTRE PMS PRACTICE,Y63,NORTH EAST AND YORKSHIRE COMMISSIONING REGION,QF7,NHS SOUTH YORKSHIRE INTEGRATED CARE BOARD
2025-26,C85614,DARTON HEALTH CENTRE PRACTICE,Y63,NORTH EAST AND YORKSHIRE COMMISSIONING REGION,QF7,NHS SOUTH YORKSHIRE INTEGRATED CARE BOARD
2025-26,C85623,KINGSWELL SURGERY PMS PRACTICE,Y63,NORTH EAST AND YORKSHIRE COMMISSIONING REGION,QF7,NHS SOUTH YORKSHIRE INTEGRATED CARE BOARD
2025-26,C86003,HATFIELD HEALTH CENTRE,Y63,NORTH EAST AND YORKSHIRE COMMISSIONING REGION,QF7,NHS SOUTH YORKSHIRE INTEGRATED CARE BOARD
2025-26,C86013,THE TICKHILL & COLLIERY MEDICAL PRACTICE,Y63,NORTH EAST AND YORKSHIRE COMMISSIONING REGION,QF7,NHS SOUTH YORKSHIRE INTEGRATED CARE BOARD
2025-26,C86015,THE ROSSINGTON PRACTICE,Y63,NORTH EAST AND YORKSHIRE COMMISSIONING REGION,QF7,NHS SOUTH YORKSHIRE INTEGRATED CARE BOARD
2025-26,C86020,ST. JOHNS GROUP PRACTICE,Y63,NORTH EAST AND YORKSHIRE COMMISSIONING REGION,QF7,NHS SOUTH YORKSHIRE INTEGRATED CARE BOARD
2025-26,C86029,ST VINCENT MEDICAL CENTRE,Y63,NORTH EAST AND YORKSHIRE COMMISSIONING REGION,QF7,NHS SOUTH YORKSHIRE INTEGRATED CARE BOARD
2025-26,C87003,WOODSTOCK BOWER GROUP PRACTICE,Y63,NORTH EAST AND YORKSHIRE COMMISSIONING REGION,QF7,NHS SOUTH YORKSHIRE INTEGRATED CARE BOARD
2025-26,C87005,ST ANN'S MEDICAL CENTRE,Y63,NORTH EAST AND YORKSHIRE COMMISSIONING REGION,QF7,NHS SOUTH YORKSHIRE INTEGRATED CARE BOARD
2025-26,C87009,BRINSWORTH MEDICAL CENTRE,Y63,NORTH EAST AND YORKSHIRE COMMISSIONING REGION,QF7,NHS SOUTH YORKSHIRE INTEGRATED CARE BOARD
2025-26,C87012,BROOM LANE MEDICAL CENTRE,Y63,NORTH EAST AND YORKSHIRE COMMISSIONING REGION,QF7,NHS SOUTH YORKSHIRE INTEGRATED CARE BOARD
2025-26,C81640,SIMMONDLEY MEDICAL PRACTICE,Y60,MIDLANDS COMMISSIONING REGION,QJ2,NHS DERBY AND DERBYSHIRE INTEGRATED CARE BOARD
2025-26,C81647,ST LAWRENCE ROAD SURGERY,Y60,MIDLANDS COMMISSIONING REGION,QJ2,NHS DERBY AND DERBYSHIRE INTEGRATED CARE BOARD
2025-26,C81652,DERWENT MEDICAL CENTRE,Y60,MIDLANDS COMMISSIONING REGION,QJ2,NHS DERBY AND DERBYSHIRE INTEGRATED CARE BOARD
2025-26,C82005,GROBY ROAD MEDICAL CENTRE (ID PATCHETT),Y60,MIDLANDS COMMISSIONING REGION,QK1,"NHS LEICESTER, LEICESTERSHIRE AND RUTLAND INTEGRATED CARE BOARD"
2025-26,C82011,PINFOLD MEDICAL PRACTICE,Y60,MIDLANDS COMMISSIONING REGION,QK1,"NHS LEICESTER, LEICESTERSHIRE AND RUTLAND INTEGRATED CARE BOARD"
2025-26,C82013,BUSHLOE SURGERY,Y60,MIDLANDS COMMISSIONING REGION,QK1,"NHS LEICESTER, LEICESTERSHIRE AND RUTLAND INTEGRATED CARE BOARD"
2025-26,C82016,LONG CLAWSON MEDICAL PRACTICE,Y60,MIDLANDS COMMISSIONING REGION,QK1,"NHS LEICESTER, LEICESTERSHIRE AND RUTLAND INTEGRATED CARE BOARD"
2025-26,C82019,STURDEE ROAD HEALTH AND WELLBEING CENTRE,Y60,MIDLANDS COMMISSIONING REGION,QK1,"NHS LEICESTER, LEICESTERSHIRE AND RUTLAND INTEGRATED CARE BOARD"
2025-26,C82027,THE OLD SCHOOL SURGERY,Y60,MIDLANDS COMMISSIONING REGION,QK1,"NHS LEICESTER, LEICESTERSHIRE AND RUTLAND INTEGRATED CARE BOARD"
2025-26,C82028,MARKFIELD MEDICAL CENTRE,Y60,MIDLANDS COMMISSIONING REGION,QK1,"NHS LEICESTER, LEICESTERSHIRE AND RUTLAND INTEGRATED CARE BOARD"
2025-26,C82032,THE ANSTEY SURGERY,Y60,MIDLANDS COMMISSIONING REGION,QK1,"NHS LEICESTER, LEICESTERSHIRE AND RUTLAND INTEGRATED CARE BOARD"
2025-26,C82037,EAST PARK MEDICAL CENTRE (RP PANDYA),Y60,MIDLANDS COMMISSIONING REGION,QK1,"NHS LEICESTER, LEICESTERSHIRE AND RUTLAND INTEGRATED CARE BOARD"
2025-26,C82050,LONG LANE SURGERY,Y60,MIDLANDS COMMISSIONING REGION,QK1,"NHS LEICESTER, LEICESTERSHIRE AND RUTLAND INTEGRATED CARE BOARD"
2025-26,C82051,NEWBOLD VERDON MED.PRACT.,Y60,MIDLANDS COMMISSIONING REGION,QK1,"NHS LEICESTER, LEICESTERSHIRE AND RUTLAND INTEGRATED CARE BOARD"
2025-26,C87014,TREETON MEDICAL CENTRE,Y63,NORTH EAST AND YORKSHIRE COMMISSIONING REGION,QF7,NHS SOUTH YORKSHIRE INTEGRATED CARE BOARD
2025-26,C87015,WICKERSLEY HEALTH CENTRE,Y63,NORTH EAST AND YORKSHIRE COMMISSIONING REGION,QF7,NHS SOUTH YORKSHIRE INTEGRATED CARE BOARD
2025-26,C87030,CROWN STREET SURGERY,Y63,NORTH EAST AND YORKSHIRE COMMISSIONING REGION,QF7,NHS SOUTH YORKSHIRE INTEGRATED CARE BOARD
2025-26,C87620,MANOR FIELD SURGERY,Y63,NORTH EAST AND YORKSHIRE COMMISSIONING REGION,QF7,NHS SOUTH YORKSHIRE INTEGRATED CARE BOARD
2025-26,C88010,CHAPELGREEN PRACTICE,Y63,NORTH EAST AND YORKSHIRE COMMISSIONING REGION,QF7,NHS SOUTH YORKSHIRE INTEGRATED CARE BOARD
2025-26,C88015,MEADOWGREEN HEALTH CENTRE,Y63,NORTH EAST AND YORKSHIRE COMMISSIONING REGION,QF7,NHS SOUTH YORKSHIRE INTEGRATED CARE BOARD
2025-26,C88018,TRAMWAYS MEDICAL CENTRE (O'CONNELL),Y63,NORTH EAST AND YORKSHIRE COMMISSIONING REGION,QF7,NHS SOUTH YORKSHIRE INTEGRATED CARE BOARD
2025-26,C88019,GLEADLESS MEDICAL CENTRE,Y63,NORTH EAST AND YORKSHIRE COMMISSIONING REGION,QF7,NHS SOUTH YORKSHIRE INTEGRATED CARE BOARD
2025-26,C88020,WHITE HOUSE SURGERY,Y63,NORTH EAST AND YORKSHIRE COMMISSIONING REGION,QF7,NHS SOUTH YORKSHIRE INTEGRATED CARE BOARD
2025-26,C88021,FAR LANE MEDICAL CENTRE,Y63,NORTH EAST AND YORKSHIRE COMMISSIONING REGION,QF7,NHS SOUTH YORKSHIRE INTEGRATED CARE BOARD
2025-26,C88022,STONECROFT MEDICAL CENTRE,Y63,NORTH EAST AND YORKSHIRE COMMISSIONING REGION,QF7,NHS SOUTH YORKSHIRE INTEGRATED CARE BOARD
2025-26,C88023,SOTHALL & BEIGHTON HEALTH CENTRES,Y63,NORTH EAST AND YORKSHIRE COMMISSIONING REGION,QF7,NHS SOUTH YORKSHIRE INTEGRATED CARE BOARD
2025-26,C88032,CHARNOCK HEALTH PRIMARY CARE CENTRE,Y63,NORTH EAST AND YORKSHIRE COMMISSIONING REGION,QF7,NHS SOUTH YORKSHIRE INTEGRATED CARE BOARD
2025-26,C88036,HANDSWORTH MEDICAL PRACTICE,Y63,NORTH EAST AND YORKSHIRE COMMISSIONING REGION,QF7,NHS SOUTH YORKSHIRE INTEGRATED CARE BOARD
2025-26,C88039,ECCLESFIELD GROUP PRACT,Y63,NORTH EAST AND YORKSHIRE COMMISSIONING REGION,QF7,NHS SOUTH YORKSHIRE INTEGRATED CARE BOARD
2025-26,B85048,WOODHOUSE HILL SURGERY,Y63,NORTH EAST AND YORKSHIRE COMMISSIONING REGION,QWO,NHS WEST YORKSHIRE INTEGRATED CARE BOARD
2025-26,B85059,SLAITHWAITE HEALTH CENTRE,Y63,NORTH EAST AND YORKSHIRE COMMISSIONING REGION,QWO,NHS WEST YORKSHIRE INTEGRATED CARE BOARD
2025-26,B85612,LIVERSEDGE MEDICAL CENTRE,Y63,NORTH EAST AND YORKSHIRE COMMISSIONING REGION,QWO,NHS WEST YORKSHIRE INTEGRATED CARE BOARD
2025-26,B85614,CROFT MEDICAL CENTRE,Y63,NORTH EAST AND YORKSHIRE COMMISSIONING REGION,QWO,NHS WEST YORKSHIRE INTEGRATED CARE BOARD
2025-26,B85619,COOK LANE SURGERY,Y63,NORTH EAST AND YORKSHIRE COMMISSIONING REGION,QWO,NHS WEST YORKSHIRE INTEGRATED CARE BOARD
2025-26,B85620,WINDSOR MEDICAL CENTRE,Y63,NORTH EAST AND YORKSHIRE COMMISSIONING REGION,QWO,NHS WEST YORKSHIRE INTEGRATED CARE BOARD
2025-26,B85623,MARSH SURGERY,Y63,NORTH EAST AND YORKSHIRE COMMISSIONING REGION,QWO,NHS WEST YORKSHIRE INTEGRATED CARE BOARD
2025-26,B85634,BIRKBY HEALTH CENTRE,Y63,NORTH EAST AND YORKSHIRE COMMISSIONING REGION,QWO,NHS WEST YORKSHIRE INTEGRATED CARE BOARD
2025-26,B85641,LOCKWOOD SURGERY,Y63,NORTH EAST AND YORKSHIRE COMMISSIONING REGION,QWO,NHS WEST YORKSHIRE INTEGRATED CARE BOARD
2025-26,B85646,THE ALBION MOUNT MEDICAL PRACTICE,Y63,NORTH EAST AND YORKSHIRE COMMISSIONING REGION,QWO,NHS WEST YORKSHIRE INTEGRATED CARE BOARD
2025-26,B85659,THE WHITEHOUSE CENTRE,Y63,NORTH EAST AND YORKSHIRE COMMISSIONING REGION,QWO,NHS WEST YORKSHIRE INTEGRATED CARE BOARD
2025-26,B86002,CITY VIEW MEDICAL PRACTICE,Y63,NORTH EAST AND YORKSHIRE COMMISSIONING REGION,QWO,NHS WEST YORKSHIRE INTEGRATED CARE BOARD
2025-26,B86009,MANSTON SURGERY,Y63,NORTH EAST AND YORKSHIRE COMMISSIONING REGION,QWO,NHS WEST YORKSHIRE INTEGRATED CARE BOARD
2025-26,B86010,COLLINGHAM CHURCH VIEW SURGERY,Y63,NORTH EAST AND YORKSHIRE COMMISSIONING REGION,QWO,NHS WEST YORKSHIRE INTEGRATED CARE BOARD
2025-26,B86011,HILLFOOT SURGERY,Y63,NORTH EAST AND YORKSHIRE COMMISSIONING REGION,QWO,NHS WEST YORKSHIRE INTEGRATED CARE BOARD
2025-26,B86013,THE NORTH LEEDS MEDICAL PRACTICE,Y63,NORTH EAST AND YORKSHIRE COMMISSIONING REGION,QWO,NHS WEST YORKSHIRE INTEGRATED CARE BOARD
2025-26,B86014,ROBIN LANE HEALTH AND WELLBEING CENTRE,Y63,NORTH EAST AND YORKSHIRE COMMISSIONING REGION,QWO,NHS WEST YORKSHIRE INTEGRATED CARE BOARD
2025-26,B86020,LOFTHOUSE SURGERY,Y63,NORTH EAST AND YORKSHIRE COMMISSIONING REGION,QWO,NHS WEST YORKSHIRE INTEGRATED CARE BOARD
2025-26,B86032,CHEVIN MEDICAL PRACTICE,Y63,NORTH EAST AND YORKSHIRE COMMISSIONING REGION,QWO,NHS WEST YORKSHIRE INTEGRATED CARE BOARD
2025-26,B86035,SOUTH BANK SURGERY,Y63,NORTH EAST AND YORKSHIRE COMMISSIONING REGION,QWO,NHS WEST YORKSHIRE INTEGRATED CARE BOARD
2025-26,B86036,GIBSON LANE PRACTICE,Y63,NORTH EAST AND YORKSHIRE COMMISSIONING REGION,QWO,NHS WEST YORKSHIRE INTEGRATED CARE BOARD
2025-26,B86043,EAST PARK MEDICAL CENTRE,Y63,NORTH EAST AND YORKSHIRE COMMISSIONING REGION,QWO,NHS WEST YORKSHIRE INTEGRATED CARE BOARD
2025-26,B86049,WOODHOUSE MEDICAL PRACTICE,Y63,NORTH EAST AND YORKSHIRE COMMISSIONING REGION,QWO,NHS WEST YORKSHIRE INTEGRATED CARE BOARD
2025-26,B86052,PARK ROAD & MENSTON,Y63,NORTH EAST AND YORKSHIRE COMMISSIONING REGION,QWO,NHS WEST YORKSHIRE INTEGRATED CARE BOARD
2025-26,B86059,MEANWOOD HEALTH CENTRE,Y63,NORTH EAST AND YORKSHIRE COMMISSIONING REGION,QWO,NHS WEST YORKSHIRE INTEGRATED CARE BOARD
2025-26,B86060,THORNTON MEDICAL CENTRE,Y63,NORTH EAST AND YORKSHIRE COMMISSIONING REGION,QWO,NHS WEST YORKSHIRE INTEGRATED CARE BOARD
2025-26,B86062,THE MEDICAL CENTRE,Y63,NORTH EAST AND YORKSHIRE COMMISSIONING REGION,QWO,NHS WEST YORKSHIRE INTEGRATED CARE BOARD
2025-26,B86066,THE STREET LANE PRACTICE,Y63,NORTH EAST AND YORKSHIRE COMMISSIONING REGION,QWO,NHS WEST YORKSHIRE INTEGRATED CARE BOARD
2025-26,B86067,THE DEKEYSER GROUP PRACTICE,Y63,NORTH EAST AND YORKSHIRE COMMISSIONING REGION,QWO,NHS WEST YORKSHIRE INTEGRATED CARE BOARD
2025-26,B86092,KIPPAX HALL SURGERY,Y63,NORTH EAST AND YORKSHIRE COMMISSIONING REGION,QWO,NHS WEST YORKSHIRE INTEGRATED CARE BOARD
2025-26,B86101,GILDERSOME HEALTH CENTRE,Y63,NORTH EAST AND YORKSHIRE COMMISSIONING REGION,QWO,NHS WEST YORKSHIRE INTEGRATED CARE BOARD
2025-26,B86110,LEEDS STUDENT MEDICAL PRACTICE,Y63,NORTH EAST AND YORKSHIRE COMMISSIONING REGION,QWO,NHS WEST YORKSHIRE INTEGRATED CARE BOARD
2025-26,B86648,FAMILY DOCTORS,Y63,NORTH EAST AND YORKSHIRE COMMISSIONING REGION,QWO,NHS WEST YORKSHIRE INTEGRATED CARE BOARD
2025-26,B86669,YORK STREET HEALTH PRACTICE,Y63,NORTH EAST AND YORKSHIRE COMMISSIONING REGION,QWO,NHS WEST YORKSHIRE INTEGRATED CARE BOARD
2025-26,B87005,RIVERSIDE MEDICAL CENTRE,Y63,NORTH EAST AND YORKSHIRE COMMISSIONING REGION,QWO,NHS WEST YORKSHIRE INTEGRATED CARE BOARD
2025-26,B87008,LUPSET HEALTH CENTRE,Y63,NORTH EAST AND YORKSHIRE COMMISSIONING REGION,QWO,NHS WEST YORKSHIRE INTEGRATED CARE BOARD
2025-26,B87012,MAYBUSH MEDICAL CENTRE,Y63,NORTH EAST AND YORKSHIRE COMMISSIONING REGION,QWO,NHS WEST YORKSHIRE INTEGRATED CARE BOARD
2025-26,B87020,CHAPELTHORPE,Y63,NORTH EAST AND YORKSHIRE COMMISSIONING REGION,QWO,NHS WEST YORKSHIRE INTEGRATED CARE BOARD
2025-26,B87021,ASH GROVE,Y63,NORTH EAST AND YORKSHIRE COMMISSIONING REGION,QWO,NHS WEST YORKSHIRE INTEGRATED CARE BOARD
2025-26,B87022,HOMESTEAD,Y63,NORTH EAST AND YORKSHIRE COMMISSIONING REGION,QWO,NHS WEST YORKSHIRE INTEGRATED CARE BOARD
2025-26,B87027,NEW SOUTHGATE SURGERY,Y63,NORTH EAST AND YORKSHIRE COMMISSIONING REGION,QWO,NHS WEST YORKSHIRE INTEGRATED CARE BOARD
2025-26,B87031,OSSETT SURGERY,Y63,NORTH EAST AND YORKSHIRE COMMISSIONING REGION,QWO,NHS WEST YORKSHIRE INTEGRATED CARE BOARD
2025-26,B87039,KING'S MEDICAL PRACTICE,Y63,NORTH EAST AND YORKSHIRE COMMISSIONING REGION,QWO,NHS WEST YORKSHIRE INTEGRATED CARE BOARD
2025-26,B87602,PATIENCE LANE SURGERY,Y63,NORTH EAST AND YORKSHIRE COMMISSIONING REGION,QWO,NHS WEST YORKSHIRE INTEGRATED CARE BOARD
2025-26,C81017,ARTHUR MEDICAL CENTRE,Y60,MIDLANDS COMMISSIONING REGION,QJ2,NHS DERBY AND DERBYSHIRE INTEGRATED CARE BOARD
2025-26,C88041,WOODSEATS MEDICAL CENTRE,Y63,NORTH EAST AND YORKSHIRE COMMISSIONING REGION,QF7,NHS SOUTH YORKSHIRE INTEGRATED CARE BOARD
2025-26,C88054,GRENOSIDE SURGERY,Y63,NORTH EAST AND YORKSHIRE COMMISSIONING REGION,QF7,NHS SOUTH YORKSHIRE INTEGRATED CARE BOARD
2025-26,C88060,SHARROW LANE MEDICAL CENTRE,Y63,NORTH EAST AND YORKSHIRE COMMISSIONING REGION,QF7,NHS SOUTH YORKSHIRE INTEGRATED CARE BOARD
2025-26,C88072,WOODHOUSE MEDICAL CENTRE,Y63,NORTH EAST AND YORKSHIRE COMMISSIONING REGION,QF7,NHS SOUTH YORKSHIRE INTEGRATED CARE BOARD
2025-26,C88073,HEELEY GREEN SURGERY,Y63,NORTH EAST AND YORKSHIRE COMMISSIONING REGION,QF7,NHS SOUTH YORKSHIRE INTEGRATED CARE BOARD
2025-26,C88077,GREEN CROSS GROUP PRACTICE,Y63,NORTH EAST AND YORKSHIRE COMMISSIONING REGION,QF7,NHS SOUTH YORKSHIRE INTEGRATED CARE BOARD
2025-26,C88082,CARRFIELD MEDICAL CENTRE,Y63,NORTH EAST AND YORKSHIRE COMMISSIONING REGION,QF7,NHS SOUTH YORKSHIRE INTEGRATED CARE BOARD
2025-26,C88083,SELBORNE ROAD MEDICAL CENTRE,Y63,NORTH EAST AND YORKSHIRE COMMISSIONING REGION,QF7,NHS SOUTH YORKSHIRE INTEGRATED CARE BOARD
2025-26,C88084,CLOVER NORTH DARNALL HEALTH CENTRE,Y63,NORTH EAST AND YORKSHIRE COMMISSIONING REGION,QF7,NHS SOUTH YORKSHIRE INTEGRATED CARE BOARD
2025-26,C88622,SHEFFIELD MEDICAL CENTRE,Y63,NORTH EAST AND YORKSHIRE COMMISSIONING REGION,QF7,NHS SOUTH YORKSHIRE INTEGRATED CARE BOARD
2025-26,C88627,UNIVERSITY HEALTH SERVICE HEALTH CENTRE,Y63,NORTH EAST AND YORKSHIRE COMMISSIONING REGION,QF7,NHS SOUTH YORKSHIRE INTEGRATED CARE BOARD
2025-26,C88647,THE THORPE PRACTICE,Y63,NORTH EAST AND YORKSHIRE COMMISSIONING REGION,QF7,NHS SOUTH YORKSHIRE INTEGRATED CARE BOARD
2025-26,C88655,THE MEDICAL CENTRE DR OKORIE,Y63,NORTH EAST AND YORKSHIRE COMMISSIONING REGION,QF7,NHS SOUTH YORKSHIRE INTEGRATED CARE BOARD
2025-26,D81008,NORTH BRINK PRACTICE,Y61,EAST OF ENGLAND COMMISSIONING REGION,S1Y5D,NHS CENTRAL EAST INTEGRATED CARE BOARD
2025-26,D81027,WELLSIDE SURGERY,Y61,EAST OF ENGLAND COMMISSIONING REGION,S1Y5D,NHS CENTRAL EAST INTEGRATED CARE BOARD
2025-26,D81028,FIRS HOUSE SURGERY,Y61,EAST OF ENGLAND COMMISSIONING REGION,S1Y5D,NHS CENTRAL EAST INTEGRATED CARE BOARD
2025-26,D81030,GROVE MEDICAL PRACTICE,Y61,EAST OF ENGLAND COMMISSIONING REGION,S1Y5D,NHS CENTRAL EAST INTEGRATED CARE BOARD
2025-26,D81034,ST MARY'S SURGERY,Y61,EAST OF ENGLAND COMMISSIONING REGION,S1Y5D,NHS CENTRAL EAST INTEGRATED CARE BOARD
2025-26,D81035,COMBERTON SURGERY,Y61,EAST OF ENGLAND COMMISSIONING REGION,S1Y5D,NHS CENTRAL EAST INTEGRATED CARE BOARD
2025-26,D81037,BRIDGE STREET MEDICAL CENTRE,Y61,EAST OF ENGLAND COMMISSIONING REGION,S1Y5D,NHS CENTRAL EAST INTEGRATED CARE BOARD
2025-26,D81045,BUCKDEN SURGERY,Y61,EAST OF ENGLAND COMMISSIONING REGION,S1Y5D,NHS CENTRAL EAST INTEGRATED CARE BOARD
2025-26,D81047,ASHWELL SURGERY,Y61,EAST OF ENGLAND COMMISSIONING REGION,S1Y5D,NHS CENTRAL EAST INTEGRATED CARE BOARD
2025-26,D81051,BURWELL SURGERY,Y61,EAST OF ENGLAND COMMISSIONING REGION,S1Y5D,NHS CENTRAL EAST INTEGRATED CARE BOARD
2025-26,D81066,QUEEN EDITH MEDICAL PRACTICE,Y61,EAST OF ENGLAND COMMISSIONING REGION,S1Y5D,NHS CENTRAL EAST INTEGRATED CARE BOARD
2025-26,D81070,WOODLANDS SURGERY,Y61,EAST OF ENGLAND COMMISSIONING REGION,S1Y5D,NHS CENTRAL EAST INTEGRATED CARE BOARD
2025-26,D81078,MAPLE SURGERY BAR HILL HEALTH CENTRE,Y61,EAST OF ENGLAND COMMISSIONING REGION,S1Y5D,NHS CENTRAL EAST INTEGRATED CARE BOARD
2025-26,D81082,ALMOND ROAD SURGERY,Y61,EAST OF ENGLAND COMMISSIONING REGION,S1Y5D,NHS CENTRAL EAST INTEGRATED CARE BOARD
2025-26,D81603,RIVERSIDE PRACTICE,Y61,EAST OF ENGLAND COMMISSIONING REGION,S1Y5D,NHS CENTRAL EAST INTEGRATED CARE BOARD
2025-26,D81618,AILSWORTH MEDICAL CENTRE,Y61,EAST OF ENGLAND COMMISSIONING REGION,S1Y5D,NHS CENTRAL EAST INTEGRATED CARE BOARD
2025-26,D81622,TRINITY SURGERY,Y61,EAST OF ENGLAND COMMISSIONING REGION,S1Y5D,NHS CENTRAL EAST INTEGRATED CARE BOARD
2025-26,D81625,THISTLEMOOR MEDICAL CENTRE,Y61,EAST OF ENGLAND COMMISSIONING REGION,S1Y5D,NHS CENTRAL EAST INTEGRATED CARE BOARD
2025-26,C81033,SHIRES HEALTHCARE,Y60,MIDLANDS COMMISSIONING REGION,QJ2,NHS DERBY AND DERBYSHIRE INTEGRATED CARE BOARD
2025-26,C81038,WHITEMOOR MEDICAL CENTRE,Y60,MIDLANDS COMMISSIONING REGION,QJ2,NHS DERBY AND DERBYSHIRE INTEGRATED CARE BOARD
2025-26,C81041,WELBECK ROAD HEALTH CENTRE,Y60,MIDLANDS COMMISSIONING REGION,QJ2,NHS DERBY AND DERBYSHIRE INTEGRATED CARE BOARD
2025-26,C81046,WEST HALLAM MEDICAL CTR,Y60,MIDLANDS COMMISSIONING REGION,QJ2,NHS DERBY AND DERBYSHIRE INTEGRATED CARE BOARD
2025-26,C81059,RIPLEY MEDICAL CENTRE,Y60,MIDLANDS COMMISSIONING REGION,QJ2,NHS DERBY AND DERBYSHIRE INTEGRATED CARE BOARD
2025-26,C81065,BUXTON MEDICAL PRACTICE,Y60,MIDLANDS COMMISSIONING REGION,QJ2,NHS DERBY AND DERBYSHIRE INTEGRATED CARE BOARD
2025-26,C81069,RIVERSDALE SURGERY,Y60,MIDLANDS COMMISSIONING REGION,QJ2,NHS DERBY AND DERBYSHIRE INTEGRATED CARE BOARD
2025-26,C81073,MACKLIN STREET SURGERY,Y60,MIDLANDS COMMISSIONING REGION,QJ2,NHS DERBY AND DERBYSHIRE INTEGRATED CARE BOARD
2025-26,C81075,HENMORE HEALTH - BRAILSFORD SURGERY,Y60,MIDLANDS COMMISSIONING REGION,QJ2,NHS DERBY AND DERBYSHIRE INTEGRATED CARE BOARD
2025-26,C81084,INSPIRE HEALTH - AVENUE HOUSE SURGERY,Y60,MIDLANDS COMMISSIONING REGION,QJ2,NHS DERBY AND DERBYSHIRE INTEGRATED CARE BOARD
2025-26,C81091,KILLAMARSH MEDICAL PRACTICE,Y60,MIDLANDS COMMISSIONING REGION,QJ2,NHS DERBY AND DERBYSHIRE INTEGRATED CARE BOARD
2025-26,C81094,CRICH MEDICAL PRACTICE,Y60,MIDLANDS COMMISSIONING REGION,QJ2,NHS DERBY AND DERBYSHIRE INTEGRATED CARE BOARD
2025-26,C81108,MELBOURNE & CHELLASTON MEDICAL PRACTICE,Y60,MIDLANDS COMMISSIONING REGION,QJ2,NHS DERBY AND DERBYSHIRE INTEGRATED CARE BOARD
2025-26,C81115,GLADSTONE HOUSE SURGERY,Y60,MIDLANDS COMMISSIONING REGION,QJ2,NHS DERBY AND DERBYSHIRE INTEGRATED CARE BOARD
2025-26,C81604,EDEN SURGERY,Y60,MIDLANDS COMMISSIONING REGION,QJ2,NHS DERBY AND DERBYSHIRE INTEGRATED CARE BOARD
2025-26,C81653,BROOK MEDICAL CENTRE,Y60,MIDLANDS COMMISSIONING REGION,QJ2,NHS DERBY AND DERBYSHIRE INTEGRATED CARE BOARD
2025-26,D81630,HAMPTON MEDICAL CENTRE,Y61,EAST OF ENGLAND COMMISSIONING REGION,S1Y5D,NHS CENTRAL EAST INTEGRATED CARE BOARD
2025-26,D82001,HOLT MEDICAL PRACTICE,Y61,EAST OF ENGLAND COMMISSIONING REGION,T6Y0W,NHS NORFOLK AND SUFFOLK INTEGRATED CARE BOARD
2025-26,D82005,SHERINGHAM MEDICAL PRACTICE,Y61,EAST OF ENGLAND COMMISSIONING REGION,T6Y0W,NHS NORFOLK AND SUFFOLK INTEGRATED CARE BOARD
2025-26,D82009,STALHAM STAITHE SURGERY,Y61,EAST OF ENGLAND COMMISSIONING REGION,T6Y0W,NHS NORFOLK AND SUFFOLK INTEGRATED CARE BOARD
2025-26,D82040,WENSUM VALLEY MEDICAL PRACTICE,Y61,EAST OF ENGLAND COMMISSIONING REGION,T6Y0W,NHS NORFOLK AND SUFFOLK INTEGRATED CARE BOARD
2025-26,D82043,WATLINGTON MEDICAL CENTRE,Y61,EAST OF ENGLAND COMMISSIONING REGION,T6Y0W,NHS NORFOLK AND SUFFOLK INTEGRATED CARE BOARD
2025-26,D82045,WYMONDHAM MEDICAL PARTNERSHIP,Y61,EAST OF ENGLAND COMMISSIONING REGION,T6Y0W,NHS NORFOLK AND SUFFOLK INTEGRATED CARE BOARD
2025-26,D82051,ST JAMES MEDICAL PRACTICE,Y61,EAST OF ENGLAND COMMISSIONING REGION,T6Y0W,NHS NORFOLK AND SUFFOLK INTEGRATED CARE BOARD
2025-26,D82059,BIRCHWOOD MEDICAL PRACTICE,Y61,EAST OF ENGLAND COMMISSIONING REGION,T6Y0W,NHS NORFOLK AND SUFFOLK INTEGRATED CARE BOARD
2025-26,D82062,COLTISHALL MEDICAL PRACTICE,Y61,EAST OF ENGLAND COMMISSIONING REGION,T6Y0W,NHS NORFOLK AND SUFFOLK INTEGRATED CARE BOARD
2025-26,D82068,HOWDALE SURGERY,Y61,EAST OF ENGLAND COMMISSIONING REGION,T6Y0W,NHS NORFOLK AND SUFFOLK INTEGRATED CARE BOARD
2025-26,D82088,UEA MEDICAL CENTRE,Y61,EAST OF ENGLAND COMMISSIONING REGION,T6Y0W,NHS NORFOLK AND SUFFOLK INTEGRATED CARE BOARD
2025-26,D82600,FLEGGBURGH SURGERY,Y61,EAST OF ENGLAND COMMISSIONING REGION,T6Y0W,NHS NORFOLK AND SUFFOLK INTEGRATED CARE BOARD
2025-26,D82628,ALDBOROUGH SURGERY,Y61,EAST OF ENGLAND COMMISSIONING REGION,T6Y0W,NHS NORFOLK AND SUFFOLK INTEGRATED CARE BOARD
2025-26,D83001,CONSTABLE COUNTRY RURAL MEDICAL PRACTICE,Y61,EAST OF ENGLAND COMMISSIONING REGION,T6Y0W,NHS NORFOLK AND SUFFOLK INTEGRATED CARE BOARD
2025-26,C81662,BARLBOROUGH MEDICAL PRACTICE,Y60,MIDLANDS COMMISSIONING REGION,QJ2,NHS DERBY AND DERBYSHIRE INTEGRATED CARE BOARD
2025-26,C82001,SOUTH LEICESTERSHIRE MEDICAL GROUP,Y60,MIDLANDS COMMISSIONING REGION,QK1,"NHS LEICESTER, LEICESTERSHIRE AND RUTLAND INTEGRATED CARE BOARD"
2025-26,C82003,GREENGATE MEDICAL CENTRE,Y60,MIDLANDS COMMISSIONING REGION,QK1,"NHS LEICESTER, LEICESTERSHIRE AND RUTLAND INTEGRATED CARE BOARD"
2025-26,C82007,CASTLE DONINGTON SURGERY,Y60,MIDLANDS COMMISSIONING REGION,QK1,"NHS LEICESTER, LEICESTERSHIRE AND RUTLAND INTEGRATED CARE BOARD"
2025-26,C82012,IBSTOCK & BARLESTONE SURGERIES,Y60,MIDLANDS COMMISSIONING REGION,QK1,"NHS LEICESTER, LEICESTERSHIRE AND RUTLAND INTEGRATED CARE BOARD"
2025-26,C82014,CASTLE MEDICAL GROUP,Y60,MIDLANDS COMMISSIONING REGION,QK1,"NHS LEICESTER, LEICESTERSHIRE AND RUTLAND INTEGRATED CARE BOARD"
2025-26,C82017,MEASHAM MEDICAL UNIT,Y60,MIDLANDS COMMISSIONING REGION,QK1,"NHS LEICESTER, LEICESTERSHIRE AND RUTLAND INTEGRATED CARE BOARD"
2025-26,C82018,MANOR PARK MEDICAL PRACTICE,Y60,MIDLANDS COMMISSIONING REGION,QK1,"NHS LEICESTER, LEICESTERSHIRE AND RUTLAND INTEGRATED CARE BOARD"
2025-26,C82021,THE CENTRAL SURGERY,Y60,MIDLANDS COMMISSIONING REGION,QK1,"NHS LEICESTER, LEICESTERSHIRE AND RUTLAND INTEGRATED CARE BOARD"
2025-26,C82030,DOWNING DRIVE SURGERY,Y60,MIDLANDS COMMISSIONING REGION,QK1,"NHS LEICESTER, LEICESTERSHIRE AND RUTLAND INTEGRATED CARE BOARD"
2025-26,C82034,QUORN MEDICAL CENTRE,Y60,MIDLANDS COMMISSIONING REGION,QK1,"NHS LEICESTER, LEICESTERSHIRE AND RUTLAND INTEGRATED CARE BOARD"
2025-26,C82041,CHARNWOOD MEDICAL GROUP,Y60,MIDLANDS COMMISSIONING REGION,QK1,"NHS LEICESTER, LEICESTERSHIRE AND RUTLAND INTEGRATED CARE BOARD"
2025-26,C82042,THE COUNTY PRACTICE,Y60,MIDLANDS COMMISSIONING REGION,QK1,"NHS LEICESTER, LEICESTERSHIRE AND RUTLAND INTEGRATED CARE BOARD"
2025-26,C82046,SAFFRON GROUP PRACTICE,Y60,MIDLANDS COMMISSIONING REGION,QK1,"NHS LEICESTER, LEICESTERSHIRE AND RUTLAND INTEGRATED CARE BOARD"
2025-26,D83002,ALEXANDRA & CRESTVIEW SURGERIES,Y61,EAST OF ENGLAND COMMISSIONING REGION,T6Y0W,NHS NORFOLK AND SUFFOLK INTEGRATED CARE BOARD
2025-26,D83005,ANGEL HILL SURGERY,Y61,EAST OF ENGLAND COMMISSIONING REGION,T6Y0W,NHS NORFOLK AND SUFFOLK INTEGRATED CARE BOARD
2025-26,D83021,HAVERHILL FAMILY PRACTICE,Y61,EAST OF ENGLAND COMMISSIONING REGION,T6Y0W,NHS NORFOLK AND SUFFOLK INTEGRATED CARE BOARD
2025-26,D83029,THE ROOKERY MEDICAL CENTRE,Y61,EAST OF ENGLAND COMMISSIONING REGION,T6Y0W,NHS NORFOLK AND SUFFOLK INTEGRATED CARE BOARD
2025-26,D83030,KIRKLEY MILL HEALTH CENTRE,Y61,EAST OF ENGLAND COMMISSIONING REGION,T6Y0W,NHS NORFOLK AND SUFFOLK INTEGRATED CARE BOARD
2025-26,D83034,BUNGAY MEDICAL CENTRE,Y61,EAST OF ENGLAND COMMISSIONING REGION,T6Y0W,NHS NORFOLK AND SUFFOLK INTEGRATED CARE BOARD
2025-26,D83037,HADLEIGH HEALTH CENTRE,Y61,EAST OF ENGLAND COMMISSIONING REGION,T6Y0W,NHS NORFOLK AND SUFFOLK INTEGRATED CARE BOARD
2025-26,D83040,VICTORIA SURGERY,Y61,EAST OF ENGLAND COMMISSIONING REGION,T6Y0W,NHS NORFOLK AND SUFFOLK INTEGRATED CARE BOARD
2025-26,D83043,EYE HEALTH CENTRE,Y61,EAST OF ENGLAND COMMISSIONING REGION,T6Y0W,NHS NORFOLK AND SUFFOLK INTEGRATED CARE BOARD
2025-26,D83045,LAKENHEATH SURGERY,Y61,EAST OF ENGLAND COMMISSIONING REGION,T6Y0W,NHS NORFOLK AND SUFFOLK INTEGRATED CARE BOARD
2025-26,D83046,TWO RIVERS MEDICAL CENTRE,Y61,EAST OF ENGLAND COMMISSIONING REGION,T6Y0W,NHS NORFOLK AND SUFFOLK INTEGRATED CARE BOARD
2025-26,D83047,ROSEDALE SURGERY,Y61,EAST OF ENGLAND COMMISSIONING REGION,T6Y0W,NHS NORFOLK AND SUFFOLK INTEGRATED CARE BOARD
2025-26,D83049,LITTLE ST JOHN STREET SURGERY,Y61,EAST OF ENGLAND COMMISSIONING REGION,T6Y0W,NHS NORFOLK AND SUFFOLK INTEGRATED CARE BOARD
2025-26,D83051,THE DERBY ROAD PRACTICE,Y61,EAST OF ENGLAND COMMISSIONING REGION,T6Y0W,NHS NORFOLK AND SUFFOLK INTEGRATED CARE BOARD
2025-26,D83061,WICKHAM MARKET MEDICAL CENTRE,Y61,EAST OF ENGLAND COMMISSIONING REGION,T6Y0W,NHS NORFOLK AND SUFFOLK INTEGRATED CARE BOARD
2025-26,C82052,DR AM LEWIS' PRACTICE,Y60,MIDLANDS COMMISSIONING REGION,QK1,"NHS LEICESTER, LEICESTERSHIRE AND RUTLAND INTEGRATED CARE BOARD"
2025-26,C82059,WESTCOTES GP SURGERY (ONE),Y60,MIDLANDS COMMISSIONING REGION,QK1,"NHS LEICESTER, LEICESTERSHIRE AND RUTLAND INTEGRATED CARE BOARD"
2025-26,C82063,EAST LEICESTER MED PRACT(S LONGWORTH),Y60,MIDLANDS COMMISSIONING REGION,QK1,"NHS LEICESTER, LEICESTERSHIRE AND RUTLAND INTEGRATED CARE BOARD"
2025-26,C82070,WOODBROOK MEDICAL CENTRE,Y60,MIDLANDS COMMISSIONING REGION,QK1,"NHS LEICESTER, LEICESTERSHIRE AND RUTLAND INTEGRATED CARE BOARD"
2025-26,C82078,THE JUBILEE MEDICAL PRACTICE,Y60,MIDLANDS COMMISSIONING REGION,QK1,"NHS LEICESTER, LEICESTERSHIRE AND RUTLAND INTEGRATED CARE BOARD"
2025-26,C82086,FOSSE MEDICAL CENTRE (DR H MUKADAM),Y60,MIDLANDS COMMISSIONING REGION,QK1,"NHS LEICESTER, LEICESTERSHIRE AND RUTLAND INTEGRATED CARE BOARD"
2025-26,C82088,HORIZON HEALTHCARE,Y60,MIDLANDS COMMISSIONING REGION,QK1,"NHS LEICESTER, LEICESTERSHIRE AND RUTLAND INTEGRATED CARE BOARD"
2025-26,C82095,ALPINE HOUSE SURGERY,Y60,MIDLANDS COMMISSIONING REGION,QK1,"NHS LEICESTER, LEICESTERSHIRE AND RUTLAND INTEGRATED CARE BOARD"
2025-26,C82111,CAMPUS VIEW MEDICAL CENTRE,Y60,MIDLANDS COMMISSIONING REGION,QK1,"NHS LEICESTER, LEICESTERSHIRE AND RUTLAND INTEGRATED CARE BOARD"
2025-26,C82112,SEVERN SURGERY,Y60,MIDLANDS COMMISSIONING REGION,QK1,"NHS LEICESTER, LEICESTERSHIRE AND RUTLAND INTEGRATED CARE BOARD"
2025-26,C82114,DR U K ROY,Y60,MIDLANDS COMMISSIONING REGION,QK1,"NHS LEICESTER, LEICESTERSHIRE AND RUTLAND INTEGRATED CARE BOARD"
2025-26,C82614,SPIRIT PRIMARY CARE LIMITED-ASQUITH,Y60,MIDLANDS COMMISSIONING REGION,QK1,"NHS LEICESTER, LEICESTERSHIRE AND RUTLAND INTEGRATED CARE BOARD"
2025-26,C82628,GROBY SURGERY,Y60,MIDLANDS COMMISSIONING REGION,QK1,"NHS LEICESTER, LEICESTERSHIRE AND RUTLAND INTEGRATED CARE BOARD"
2025-26,C82634,RATBY MEDICAL CENTRE,Y60,MIDLANDS COMMISSIONING REGION,QK1,"NHS LEICESTER, LEICESTERSHIRE AND RUTLAND INTEGRATED CARE BOARD"
2025-26,C82061,BARWELL & HOLLYCROFT MEDICAL CENTRES,Y60,MIDLANDS COMMISSIONING REGION,QK1,"NHS LEICESTER, LEICESTERSHIRE AND RUTLAND INTEGRATED CARE BOARD"
2025-26,C82062,BARROW HEALTH CENTRE,Y60,MIDLANDS COMMISSIONING REGION,QK1,"NHS LEICESTER, LEICESTERSHIRE AND RUTLAND INTEGRATED CARE BOARD"
2025-26,C82067,THE CROFT MEDICAL CENTRE,Y60,MIDLANDS COMMISSIONING REGION,QK1,"NHS LEICESTER, LEICESTERSHIRE AND RUTLAND INTEGRATED CARE BOARD"
2025-26,C82071,WIGSTON CENTRAL SURGERY,Y60,MIDLANDS COMMISSIONING REGION,QK1,"NHS LEICESTER, LEICESTERSHIRE AND RUTLAND INTEGRATED CARE BOARD"
2025-26,C82075,CASTLE MEAD MEDICAL CENTRE,Y60,MIDLANDS COMMISSIONING REGION,QK1,"NHS LEICESTER, LEICESTERSHIRE AND RUTLAND INTEGRATED CARE BOARD"
2025-26,C82084,DR B MODI,Y60,MIDLANDS COMMISSIONING REGION,QK1,"NHS LEICESTER, LEICESTERSHIRE AND RUTLAND INTEGRATED CARE BOARD"
2025-26,C82092,AYLESTONE HEALTH CENTRE,Y60,MIDLANDS COMMISSIONING REGION,QK1,"NHS LEICESTER, LEICESTERSHIRE AND RUTLAND INTEGRATED CARE BOARD"
2025-26,C82093,THE ORCHARD MED PRACTICE,Y60,MIDLANDS COMMISSIONING REGION,QK1,"NHS LEICESTER, LEICESTERSHIRE AND RUTLAND INTEGRATED CARE BOARD"
2025-26,C82096,HUGGLESCOTE SURGERY,Y60,MIDLANDS COMMISSIONING REGION,QK1,"NHS LEICESTER, LEICESTERSHIRE AND RUTLAND INTEGRATED CARE BOARD"
2025-26,C82099,AL-WAQAS MEDICAL CENTRE,Y60,MIDLANDS COMMISSIONING REGION,QK1,"NHS LEICESTER, LEICESTERSHIRE AND RUTLAND INTEGRATED CARE BOARD"
2025-26,C82107,COSSINGTON PARK SURGERY,Y60,MIDLANDS COMMISSIONING REGION,QK1,"NHS LEICESTER, LEICESTERSHIRE AND RUTLAND INTEGRATED CARE BOARD"
2025-26,C82120,WHITWICK HEALTH CENTRE,Y60,MIDLANDS COMMISSIONING REGION,QK1,"NHS LEICESTER, LEICESTERSHIRE AND RUTLAND INTEGRATED CARE BOARD"
2025-26,C82611,THE MASHARANI PRACTICE,Y60,MIDLANDS COMMISSIONING REGION,QK1,"NHS LEICESTER, LEICESTERSHIRE AND RUTLAND INTEGRATED CARE BOARD"
2025-26,C82642,HIGHFIELDS MEDICAL CENTRE,Y60,MIDLANDS COMMISSIONING REGION,QK1,"NHS LEICESTER, LEICESTERSHIRE AND RUTLAND INTEGRATED CARE BOARD"
2025-26,C82662,WALNUT ST MED CTR,Y60,MIDLANDS COMMISSIONING REGION,QK1,"NHS LEICESTER, LEICESTERSHIRE AND RUTLAND INTEGRATED CARE BOARD"
2025-26,C83008,SWINGBRIDGE SURGERY,Y60,MIDLANDS COMMISSIONING REGION,QJM,NHS LINCOLNSHIRE INTEGRATED CARE BOARD
2025-26,C83009,LINDUM MEDICAL PRACTICE,Y60,MIDLANDS COMMISSIONING REGION,QJM,NHS LINCOLNSHIRE INTEGRATED CARE BOARD
2025-26,C83018,CLEVELAND SURGERY,Y60,MIDLANDS COMMISSIONING REGION,QJM,NHS LINCOLNSHIRE INTEGRATED CARE BOARD
2025-26,C83023,SLEAFORD MEDICAL GROUP,Y60,MIDLANDS COMMISSIONING REGION,QJM,NHS LINCOLNSHIRE INTEGRATED CARE BOARD
2025-26,C83025,RICHMOND MEDICAL CENTRE,Y60,MIDLANDS COMMISSIONING REGION,QJM,NHS LINCOLNSHIRE INTEGRATED CARE BOARD
2025-26,C83031,NETTLEHAM MEDICAL PRACTICE,Y60,MIDLANDS COMMISSIONING REGION,QJM,NHS LINCOLNSHIRE INTEGRATED CARE BOARD
2025-26,C83032,MERTON LODGE SURGERY,Y60,MIDLANDS COMMISSIONING REGION,QJM,NHS LINCOLNSHIRE INTEGRATED CARE BOARD
2025-26,C83038,THE GLEBE PRACTICE,Y60,MIDLANDS COMMISSIONING REGION,QJM,NHS LINCOLNSHIRE INTEGRATED CARE BOARD
2025-26,C83041,THE WOODLAND MEDICAL PRACTICE,Y60,MIDLANDS COMMISSIONING REGION,QJM,NHS LINCOLNSHIRE INTEGRATED CARE BOARD
2025-26,C83054,BOURNE GALLETLY PRACTICE TEAM,Y60,MIDLANDS COMMISSIONING REGION,QJM,NHS LINCOLNSHIRE INTEGRATED CARE BOARD
2025-26,C83058,WASHINGBOROUGH SURGERY,Y60,MIDLANDS COMMISSIONING REGION,QJM,NHS LINCOLNSHIRE INTEGRATED CARE BOARD
2025-26,C83062,CHURCH WALK SURGERY,Y60,MIDLANDS COMMISSIONING REGION,QJM,NHS LINCOLNSHIRE INTEGRATED CARE BOARD
2025-26,C83078,BRANT ROAD & SPRINGCLIFFE SURGERY,Y60,MIDLANDS COMMISSIONING REGION,QJM,NHS LINCOLNSHIRE INTEGRATED CARE BOARD
2025-26,C83080,THE HARROWBY LANE SURGERY,Y60,MIDLANDS COMMISSIONING REGION,QJM,NHS LINCOLNSHIRE INTEGRATED CARE BOARD
2025-26,C83082,BIRCHWOOD MEDICAL PRACTICE,Y60,MIDLANDS COMMISSIONING REGION,QJM,NHS LINCOLNSHIRE INTEGRATED CARE BOARD
2025-26,C83083,THE NEW CONINGSBY SURGERY,Y60,MIDLANDS COMMISSIONING REGION,QJM,NHS LINCOLNSHIRE INTEGRATED CARE BOARD
2025-26,D83067,OAKFIELD SURGERY,Y61,EAST OF ENGLAND COMMISSIONING REGION,T6Y0W,NHS NORFOLK AND SUFFOLK INTEGRATED CARE BOARD
2025-26,D83069,FRESSINGFIELD MEDICAL CENTRE,Y61,EAST OF ENGLAND COMMISSIONING REGION,T6Y0W,NHS NORFOLK AND SUFFOLK INTEGRATED CARE BOARD
2025-26,D83074,ORCHARD MEDICAL PRACTICE,Y61,EAST OF ENGLAND COMMISSIONING REGION,T6Y0W,NHS NORFOLK AND SUFFOLK INTEGRATED CARE BOARD
2025-26,D83080,MARTLESHAM SURGERY,Y61,EAST OF ENGLAND COMMISSIONING REGION,T6Y0W,NHS NORFOLK AND SUFFOLK INTEGRATED CARE BOARD
2025-26,D83084,EMBRACE MEDICAL CENTRE,Y61,EAST OF ENGLAND COMMISSIONING REGION,T6Y0W,NHS NORFOLK AND SUFFOLK INTEGRATED CARE BOARD
2025-26,D83610,SWAN SURGERY,Y61,EAST OF ENGLAND COMMISSIONING REGION,T6Y0W,NHS NORFOLK AND SUFFOLK INTEGRATED CARE BOARD
2025-26,E81005,BELL HOUSE MEDICAL CENTRE,Y61,EAST OF ENGLAND COMMISSIONING REGION,S1Y5D,NHS CENTRAL EAST INTEGRATED CARE BOARD
2025-26,E81007,HARROLD MEDICAL PRACTICE,Y61,EAST OF ENGLAND COMMISSIONING REGION,S1Y5D,NHS CENTRAL EAST INTEGRATED CARE BOARD
2025-26,E81009,WEST STREET SURGERY,Y61,EAST OF ENGLAND COMMISSIONING REGION,S1Y5D,NHS CENTRAL EAST INTEGRATED CARE BOARD
2025-26,E81010,DR WHM MATTA'S PRACTICE,Y61,EAST OF ENGLAND COMMISSIONING REGION,S1Y5D,NHS CENTRAL EAST INTEGRATED CARE BOARD
2025-26,E81014,PRIORY GARDENS SURGERY,Y61,EAST OF ENGLAND COMMISSIONING REGION,S1Y5D,NHS CENTRAL EAST INTEGRATED CARE BOARD
2025-26,E81016,LISTER HOUSE SURGERY,Y61,EAST OF ENGLAND COMMISSIONING REGION,S1Y5D,NHS CENTRAL EAST INTEGRATED CARE BOARD
2025-26,E81018,WOODLAND AVENUE PRACTICE,Y61,EAST OF ENGLAND COMMISSIONING REGION,S1Y5D,NHS CENTRAL EAST INTEGRATED CARE BOARD
2025-26,E81022,LARKSFIELD AND ARLESEY MEDICAL PRACTICE,Y61,EAST OF ENGLAND COMMISSIONING REGION,S1Y5D,NHS CENTRAL EAST INTEGRATED CARE BOARD
2025-26,E81024,SHARNBROOK SURGERY,Y61,EAST OF ENGLAND COMMISSIONING REGION,S1Y5D,NHS CENTRAL EAST INTEGRATED CARE BOARD
2025-26,E81029,PUTNOE MEDICAL CENTRE PARTNERSHIP,Y61,EAST OF ENGLAND COMMISSIONING REGION,S1Y5D,NHS CENTRAL EAST INTEGRATED CARE BOARD
2025-26,C83613,CAISTOR HEALTH CENTRE,Y60,MIDLANDS COMMISSIONING REGION,QJM,NHS LINCOLNSHIRE INTEGRATED CARE BOARD
2025-26,C83626,BRAYFORD MEDICAL PRACTICE,Y60,MIDLANDS COMMISSIONING REGION,QJM,NHS LINCOLNSHIRE INTEGRATED CARE BOARD
2025-26,C83643,BINBROOK SURGERY,Y60,MIDLANDS COMMISSIONING REGION,QJM,NHS LINCOLNSHIRE INTEGRATED CARE BOARD
2025-26,C84008,TUXFORD MEDICAL CENTRE,Y60,MIDLANDS COMMISSIONING REGION,QT1,NHS NOTTINGHAM AND NOTTINGHAMSHIRE INTEGRATED CARE BOARD
2025-26,C84011,ELMSWOOD SURGERY,Y60,MIDLANDS COMMISSIONING REGION,QT1,NHS NOTTINGHAM AND NOTTINGHAMSHIRE INTEGRATED CARE BOARD
2025-26,C84013,KINGFISHER FAMILY PRACTICE,Y60,MIDLANDS COMMISSIONING REGION,QT1,NHS NOTTINGHAM AND NOTTINGHAMSHIRE INTEGRATED CARE BOARD
2025-26,C84024,NEWGATE MEDICAL GROUP,Y60,MIDLANDS COMMISSIONING REGION,QT1,NHS NOTTINGHAM AND NOTTINGHAMSHIRE INTEGRATED CARE BOARD
2025-26,C84028,THE RUDDINGTON MED CENTRE,Y60,MIDLANDS COMMISSIONING REGION,QT1,NHS NOTTINGHAM AND NOTTINGHAMSHIRE INTEGRATED CARE BOARD
2025-26,C84030,THE OAKS MEDICAL CENTRE,Y60,MIDLANDS COMMISSIONING REGION,QT1,NHS NOTTINGHAM AND NOTTINGHAMSHIRE INTEGRATED CARE BOARD
2025-26,C84064,PARKSIDE MEDICAL CENTRE,Y60,MIDLANDS COMMISSIONING REGION,QT1,NHS NOTTINGHAM AND NOTTINGHAMSHIRE INTEGRATED CARE BOARD
2025-26,C84072,THE WELLSPRING SURGERY,Y60,MIDLANDS COMMISSIONING REGION,QT1,NHS NOTTINGHAM AND NOTTINGHAMSHIRE INTEGRATED CARE BOARD
2025-26,C84077,BRIERLEY PARK MEDICAL GROUP,Y60,MIDLANDS COMMISSIONING REGION,QT1,NHS NOTTINGHAM AND NOTTINGHAMSHIRE INTEGRATED CARE BOARD
2025-26,C84091,ASPLEY MEDICAL CENTRE,Y60,MIDLANDS COMMISSIONING REGION,QT1,NHS NOTTINGHAM AND NOTTINGHAMSHIRE INTEGRATED CARE BOARD
2025-26,C84107,THE LINDEN MEDICAL GROUP,Y60,MIDLANDS COMMISSIONING REGION,QT1,NHS NOTTINGHAM AND NOTTINGHAMSHIRE INTEGRATED CARE BOARD
2025-26,C84116,MELBOURNE PARK MEDICAL CENTRE,Y60,MIDLANDS COMMISSIONING REGION,QT1,NHS NOTTINGHAM AND NOTTINGHAMSHIRE INTEGRATED CARE BOARD
2025-26,C82660,ST PETER'S MED CENTRE (MANSINGH & MEHRA),Y60,MIDLANDS COMMISSIONING REGION,QK1,"NHS LEICESTER, LEICESTERSHIRE AND RUTLAND INTEGRATED CARE BOARD"
2025-26,C82671,BRANDON SURGERY DR R KAPUR & PARTNER,Y60,MIDLANDS COMMISSIONING REGION,QK1,"NHS LEICESTER, LEICESTERSHIRE AND RUTLAND INTEGRATED CARE BOARD"
2025-26,C82676,ST ELIZABETH'S MEDICAL CENTRE (JA WOOD),Y60,MIDLANDS COMMISSIONING REGION,QK1,"NHS LEICESTER, LEICESTERSHIRE AND RUTLAND INTEGRATED CARE BOARD"
2025-26,C83005,SPILSBY SURGERY,Y60,MIDLANDS COMMISSIONING REGION,QJM,NHS LINCOLNSHIRE INTEGRATED CARE BOARD
2025-26,C83007,LAKESIDE HEALTHCARE STAMFORD,Y60,MIDLANDS COMMISSIONING REGION,QJM,NHS LINCOLNSHIRE INTEGRATED CARE BOARD
2025-26,C83013,RUSKINGTON SURGERY,Y60,MIDLANDS COMMISSIONING REGION,QJM,NHS LINCOLNSHIRE INTEGRATED CARE BOARD
2025-26,C83026,THE DEEPINGS PRACTICE,Y60,MIDLANDS COMMISSIONING REGION,QJM,NHS LINCOLNSHIRE INTEGRATED CARE BOARD
2025-26,C83028,HOLBEACH MEDICAL CENTRE,Y60,MIDLANDS COMMISSIONING REGION,QJM,NHS LINCOLNSHIRE INTEGRATED CARE BOARD
2025-26,C83036,GOSBERTON MEDICAL CENTRE,Y60,MIDLANDS COMMISSIONING REGION,QJM,NHS LINCOLNSHIRE INTEGRATED CARE BOARD
2025-26,C83045,HAWTHORN MEDICAL PRACTICE,Y60,MIDLANDS COMMISSIONING REGION,QJM,NHS LINCOLNSHIRE INTEGRATED CARE BOARD
2025-26,C83048,ST. JOHNS MEDICAL CENTRE,Y60,MIDLANDS COMMISSIONING REGION,QJM,NHS LINCOLNSHIRE INTEGRATED CARE BOARD
2025-26,C83049,DR SINHA & PARTNERS,Y60,MIDLANDS COMMISSIONING REGION,QJM,NHS LINCOLNSHIRE INTEGRATED CARE BOARD
2025-26,C83051,ABBEY MEDICAL PRACTICE,Y60,MIDLANDS COMMISSIONING REGION,QJM,NHS LINCOLNSHIRE INTEGRATED CARE BOARD
2025-26,C83052,THE INGHAM SURGERY,Y60,MIDLANDS COMMISSIONING REGION,QJM,NHS LINCOLNSHIRE INTEGRATED CARE BOARD
2025-26,C83056,EAST LINDSEY MEDICAL GROUP,Y60,MIDLANDS COMMISSIONING REGION,QJM,NHS LINCOLNSHIRE INTEGRATED CARE BOARD
2025-26,C83059,GREYFRIARS SURGERY,Y60,MIDLANDS COMMISSIONING REGION,QJM,NHS LINCOLNSHIRE INTEGRATED CARE BOARD
2025-26,E81033,SHEFFORD HEALTH CENTRE,Y61,EAST OF ENGLAND COMMISSIONING REGION,S1Y5D,NHS CENTRAL EAST INTEGRATED CARE BOARD
2025-26,E81043,MARSTON FOREST HEALTHCARE,Y61,EAST OF ENGLAND COMMISSIONING REGION,S1Y5D,NHS CENTRAL EAST INTEGRATED CARE BOARD
2025-26,E81050,ASPLANDS MEDICAL CENTRE,Y61,EAST OF ENGLAND COMMISSIONING REGION,S1Y5D,NHS CENTRAL EAST INTEGRATED CARE BOARD
2025-26,E81061,DR CARRAGHER AND NEAL AND AKHTAR,Y61,EAST OF ENGLAND COMMISSIONING REGION,S1Y5D,NHS CENTRAL EAST INTEGRATED CARE BOARD
2025-26,E81073,THE MEDICI MEDICAL PRACTICE,Y61,EAST OF ENGLAND COMMISSIONING REGION,S1Y5D,NHS CENTRAL EAST INTEGRATED CARE BOARD
2025-26,E81074,HOUGHTON CLOSE SURGERY,Y61,EAST OF ENGLAND COMMISSIONING REGION,S1Y5D,NHS CENTRAL EAST INTEGRATED CARE BOARD
2025-26,E81633,NEVILLE ROAD SURGERY,Y61,EAST OF ENGLAND COMMISSIONING REGION,S1Y5D,NHS CENTRAL EAST INTEGRATED CARE BOARD
2025-26,E82006,THE LIMES SURGERY,Y61,EAST OF ENGLAND COMMISSIONING REGION,S1Y5D,NHS CENTRAL EAST INTEGRATED CARE BOARD
2025-26,E82008,THE NEVELLS ROAD SURGERY,Y61,EAST OF ENGLAND COMMISSIONING REGION,S1Y5D,NHS CENTRAL EAST INTEGRATED CARE BOARD
2025-26,E82013,BRIDGEWATER SURGERIES,Y61,EAST OF ENGLAND COMMISSIONING REGION,S1Y5D,NHS CENTRAL EAST INTEGRATED CARE BOARD
2025-26,E82014,"LODGE,HIGHFIELD & REDBOURN",Y61,EAST OF ENGLAND COMMISSIONING REGION,S1Y5D,NHS CENTRAL EAST INTEGRATED CARE BOARD
2025-26,E82020,CONSULTING ROOMS,Y61,EAST OF ENGLAND COMMISSIONING REGION,S1Y5D,NHS CENTRAL EAST INTEGRATED CARE BOARD
2025-26,E82021,MUCH HADHAM HEALTH CENTRE,Y61,EAST OF ENGLAND COMMISSIONING REGION,S1Y5D,NHS CENTRAL EAST INTEGRATED CARE BOARD
2025-26,E82035,KNEBWORTH & MARYMEAD PRACTICE,Y61,EAST OF ENGLAND COMMISSIONING REGION,S1Y5D,NHS CENTRAL EAST INTEGRATED CARE BOARD
2025-26,E82042,ABBEY ROAD SURGERY,Y61,EAST OF ENGLAND COMMISSIONING REGION,S1Y5D,NHS CENTRAL EAST INTEGRATED CARE BOARD
2025-26,E82046,VINE HOUSE HEALTH CENTRE,Y61,EAST OF ENGLAND COMMISSIONING REGION,S1Y5D,NHS CENTRAL EAST INTEGRATED CARE BOARD
2025-26,E82060,PARKBURY HOUSE SURGERY,Y61,EAST OF ENGLAND COMMISSIONING REGION,S1Y5D,NHS CENTRAL EAST INTEGRATED CARE BOARD
2025-26,E82063,THE MAPLES,Y61,EAST OF ENGLAND COMMISSIONING REGION,S1Y5D,NHS CENTRAL EAST INTEGRATED CARE BOARD
2025-26,E82068,GADE AND CHORLEYWOOD HEALTH CENTRES,Y61,EAST OF ENGLAND COMMISSIONING REGION,S1Y5D,NHS CENTRAL EAST INTEGRATED CARE BOARD
2025-26,E82071,ELMS MEDICAL PRACTICE,Y61,EAST OF ENGLAND COMMISSIONING REGION,S1Y5D,NHS CENTRAL EAST INTEGRATED CARE BOARD
2025-26,E82075,REGAL CHAMBERS SURGERY,Y61,EAST OF ENGLAND COMMISSIONING REGION,S1Y5D,NHS CENTRAL EAST INTEGRATED CARE BOARD
2025-26,E82079,CROMWELL MEDICAL CENTRE,Y61,EAST OF ENGLAND COMMISSIONING REGION,S1Y5D,NHS CENTRAL EAST INTEGRATED CARE BOARD
2025-26,E82102,NEW RIVER HEALTH,Y61,EAST OF ENGLAND COMMISSIONING REGION,S1Y5D,NHS CENTRAL EAST INTEGRATED CARE BOARD
2025-26,E82106,NEW ROAD SURGERY,Y61,EAST OF ENGLAND COMMISSIONING REGION,S1Y5D,NHS CENTRAL EAST INTEGRATED CARE BOARD
2025-26,E82111,THE SYMONDS GREEN HEALTH CENTRE,Y61,EAST OF ENGLAND COMMISSIONING REGION,S1Y5D,NHS CENTRAL EAST INTEGRATED CARE BOARD
2025-26,E82638,STANHOPE SURGERY,Y61,EAST OF ENGLAND COMMISSIONING REGION,S1Y5D,NHS CENTRAL EAST INTEGRATED CARE BOARD
2025-26,E82643,ARCHWAY SURGERY,Y61,EAST OF ENGLAND COMMISSIONING REGION,S1Y5D,NHS CENTRAL EAST INTEGRATED CARE BOARD
2025-26,E83007,SQUIRES LANE MEDICAL PRACTICE,Y56,LONDON COMMISSIONING REGION,Z9B2Z,NHS WEST AND NORTH LONDON INTEGRATED CARE BOARD
2025-26,E83008,HEATHFIELDE MEDICAL CENTRE,Y56,LONDON COMMISSIONING REGION,Z9B2Z,NHS WEST AND NORTH LONDON INTEGRATED CARE BOARD
2025-26,E83011,THE EVERGLADE MEDICAL PRACTICE,Y56,LONDON COMMISSIONING REGION,Z9B2Z,NHS WEST AND NORTH LONDON INTEGRATED CARE BOARD
2025-26,E83013,CORNWALL HOUSE SURGERY,Y56,LONDON COMMISSIONING REGION,Z9B2Z,NHS WEST AND NORTH LONDON INTEGRATED CARE BOARD
2025-26,E83021,TORRINGTON PARK GROUP PRACTICE,Y56,LONDON COMMISSIONING REGION,Z9B2Z,NHS WEST AND NORTH LONDON INTEGRATED CARE BOARD
2025-26,C84117,RADFORD MEDICAL PRACTICE (KAUR),Y60,MIDLANDS COMMISSIONING REGION,QT1,NHS NOTTINGHAM AND NOTTINGHAMSHIRE INTEGRATED CARE BOARD
2025-26,C84129,RISE PARK SURGERY,Y60,MIDLANDS COMMISSIONING REGION,QT1,NHS NOTTINGHAM AND NOTTINGHAMSHIRE INTEGRATED CARE BOARD
2025-26,C84131,NEWTHORPE MEDICAL PRACTICE,Y60,MIDLANDS COMMISSIONING REGION,QT1,NHS NOTTINGHAM AND NOTTINGHAMSHIRE INTEGRATED CARE BOARD
2025-26,C84613,JUBILEE PARK MEDICAL PARTNERSHIP,Y60,MIDLANDS COMMISSIONING REGION,QT1,NHS NOTTINGHAM AND NOTTINGHAMSHIRE INTEGRATED CARE BOARD
2025-26,C84621,WEST BRIDGFORD MEDICAL CENTRE,Y60,MIDLANDS COMMISSIONING REGION,QT1,NHS NOTTINGHAM AND NOTTINGHAMSHIRE INTEGRATED CARE BOARD
2025-26,C84628,SHERWOOD RISE MEDICAL CENTRE,Y60,MIDLANDS COMMISSIONING REGION,QT1,NHS NOTTINGHAM AND NOTTINGHAMSHIRE INTEGRATED CARE BOARD
2025-26,C84682,SHERRINGTON PARK MEDICAL PRACTICE,Y60,MIDLANDS COMMISSIONING REGION,QT1,NHS NOTTINGHAM AND NOTTINGHAMSHIRE INTEGRATED CARE BOARD
2025-26,C84683,THE WINDMILL PRACTICE,Y60,MIDLANDS COMMISSIONING REGION,QT1,NHS NOTTINGHAM AND NOTTINGHAMSHIRE INTEGRATED CARE BOARD
2025-26,C84691,HIGH GREEN MEDICAL PRACTICE,Y60,MIDLANDS COMMISSIONING REGION,QT1,NHS NOTTINGHAM AND NOTTINGHAMSHIRE INTEGRATED CARE BOARD
2025-26,C84693,BAKERSFIELD MEDICAL CENTRE,Y60,MIDLANDS COMMISSIONING REGION,QT1,NHS NOTTINGHAM AND NOTTINGHAMSHIRE INTEGRATED CARE BOARD
2025-26,C84694,LIME TREE SURGERY,Y60,MIDLANDS COMMISSIONING REGION,QT1,NHS NOTTINGHAM AND NOTTINGHAMSHIRE INTEGRATED CARE BOARD
2025-26,C84696,WEST OAK SURGERY,Y60,MIDLANDS COMMISSIONING REGION,QT1,NHS NOTTINGHAM AND NOTTINGHAMSHIRE INTEGRATED CARE BOARD
2025-26,C84703,THE GAMSTON MEDICAL CTR.,Y60,MIDLANDS COMMISSIONING REGION,QT1,NHS NOTTINGHAM AND NOTTINGHAMSHIRE INTEGRATED CARE BOARD
2025-26,C84714,SUNRISE MEDICAL PRACTICE,Y60,MIDLANDS COMMISSIONING REGION,QT1,NHS NOTTINGHAM AND NOTTINGHAMSHIRE INTEGRATED CARE BOARD
2025-26,C83060,THE SIDINGS MEDICAL PRACTICE,Y60,MIDLANDS COMMISSIONING REGION,QJM,NHS LINCOLNSHIRE INTEGRATED CARE BOARD
2025-26,C83064,MARISCO MEDICAL PRACTICE,Y60,MIDLANDS COMMISSIONING REGION,QJM,NHS LINCOLNSHIRE INTEGRATED CARE BOARD
2025-26,C83067,LONG BENNINGTON MEDICAL CENTRE,Y60,MIDLANDS COMMISSIONING REGION,QJM,NHS LINCOLNSHIRE INTEGRATED CARE BOARD
2025-26,C83072,MINSTER MEDICAL PRACTICE,Y60,MIDLANDS COMMISSIONING REGION,QJM,NHS LINCOLNSHIRE INTEGRATED CARE BOARD
2025-26,C83073,CLIFF HOUSE MEDICAL PRACTICE,Y60,MIDLANDS COMMISSIONING REGION,QJM,NHS LINCOLNSHIRE INTEGRATED CARE BOARD
2025-26,C83079,GLEBE PARK SURGERY,Y60,MIDLANDS COMMISSIONING REGION,QJM,NHS LINCOLNSHIRE INTEGRATED CARE BOARD
2025-26,C83611,THE BASSINGHAM SURGERY,Y60,MIDLANDS COMMISSIONING REGION,QJM,NHS LINCOLNSHIRE INTEGRATED CARE BOARD
2025-26,C84005,VILLAGE HEALTH GROUP,Y60,MIDLANDS COMMISSIONING REGION,QT1,NHS NOTTINGHAM AND NOTTINGHAMSHIRE INTEGRATED CARE BOARD
2025-26,C84010,TRENTSIDE MEDICAL GROUP,Y60,MIDLANDS COMMISSIONING REGION,QT1,NHS NOTTINGHAM AND NOTTINGHAMSHIRE INTEGRATED CARE BOARD
2025-26,C84018,THE FAMILY MEDICAL CENTRE,Y60,MIDLANDS COMMISSIONING REGION,QT1,NHS NOTTINGHAM AND NOTTINGHAMSHIRE INTEGRATED CARE BOARD
2025-26,C84019,FOUNTAIN MEDICAL CENTRE,Y60,MIDLANDS COMMISSIONING REGION,QT1,NHS NOTTINGHAM AND NOTTINGHAMSHIRE INTEGRATED CARE BOARD
2025-26,C84021,MIDDLETON LODGE PRACTICE,Y60,MIDLANDS COMMISSIONING REGION,QT1,NHS NOTTINGHAM AND NOTTINGHAMSHIRE INTEGRATED CARE BOARD
2025-26,C84025,EAST BRIDGFORD MED CENTRE,Y60,MIDLANDS COMMISSIONING REGION,QT1,NHS NOTTINGHAM AND NOTTINGHAMSHIRE INTEGRATED CARE BOARD
2025-26,C84033,WESTDALE LANE SURGERY,Y60,MIDLANDS COMMISSIONING REGION,QT1,NHS NOTTINGHAM AND NOTTINGHAMSHIRE INTEGRATED CARE BOARD
2025-26,C84035,CROWN HOUSE SURGERY,Y60,MIDLANDS COMMISSIONING REGION,QT1,NHS NOTTINGHAM AND NOTTINGHAMSHIRE INTEGRATED CARE BOARD
2025-26,C84036,FOREST MEDICAL,Y60,MIDLANDS COMMISSIONING REGION,QT1,NHS NOTTINGHAM AND NOTTINGHAMSHIRE INTEGRATED CARE BOARD
2025-26,E83024,ST ANDREWS MEDICAL PRACTICE.,Y56,LONDON COMMISSIONING REGION,Z9B2Z,NHS WEST AND NORTH LONDON INTEGRATED CARE BOARD
2025-26,E83026,SUPREME MEDICAL CENTRE,Y56,LONDON COMMISSIONING REGION,Z9B2Z,NHS WEST AND NORTH LONDON INTEGRATED CARE BOARD
2025-26,E83041,WAKEMANS HILL SURGERY,Y56,LONDON COMMISSIONING REGION,Z9B2Z,NHS WEST AND NORTH LONDON INTEGRATED CARE BOARD
2025-26,E83053,LANE END MEDICAL GROUP,Y56,LONDON COMMISSIONING REGION,Z9B2Z,NHS WEST AND NORTH LONDON INTEGRATED CARE BOARD
2025-26,E83613,EAST BARNET HEALTH CENTRE,Y56,LONDON COMMISSIONING REGION,Z9B2Z,NHS WEST AND NORTH LONDON INTEGRATED CARE BOARD
2025-26,E83621,BRUNSWICK PARK MEDICAL PRACTICE,Y56,LONDON COMMISSIONING REGION,Z9B2Z,NHS WEST AND NORTH LONDON INTEGRATED CARE BOARD
2025-26,E83622,TEMPLE FORTUNE MEDICAL GROUP,Y56,LONDON COMMISSIONING REGION,Z9B2Z,NHS WEST AND NORTH LONDON INTEGRATED CARE BOARD
2025-26,E84008,SIMPSON HOUSE MEDICAL CENTRE,Y56,LONDON COMMISSIONING REGION,Z9B2Z,NHS WEST AND NORTH LONDON INTEGRATED CARE BOARD
2025-26,E84009,ENDERLEY ROAD MEDICAL CENTRE,Y56,LONDON COMMISSIONING REGION,Z9B2Z,NHS WEST AND NORTH LONDON INTEGRATED CARE BOARD
2025-26,E84020,JAI MEDICAL CENTRE (BRENT),Y56,LONDON COMMISSIONING REGION,Z9B2Z,NHS WEST AND NORTH LONDON INTEGRATED CARE BOARD
2025-26,E84032,ELLIS PRACTICE,Y56,LONDON COMMISSIONING REGION,Z9B2Z,NHS WEST AND NORTH LONDON INTEGRATED CARE BOARD
2025-26,E84039,HONEYPOT MEDICAL CENTRE,Y56,LONDON COMMISSIONING REGION,Z9B2Z,NHS WEST AND NORTH LONDON INTEGRATED CARE BOARD
2025-26,E84049,BRAMPTON HEALTH CENTRE,Y56,LONDON COMMISSIONING REGION,Z9B2Z,NHS WEST AND NORTH LONDON INTEGRATED CARE BOARD
2025-26,E84075,MOLLISON WAY SURGERY,Y56,LONDON COMMISSIONING REGION,Z9B2Z,NHS WEST AND NORTH LONDON INTEGRATED CARE BOARD
2025-26,E84620,PRESTON ROAD SURGERY,Y56,LONDON COMMISSIONING REGION,Z9B2Z,NHS WEST AND NORTH LONDON INTEGRATED CARE BOARD
2025-26,C85003,ASHVILLE MEDICAL CENTRE PMS PRACTICE,Y63,NORTH EAST AND YORKSHIRE COMMISSIONING REGION,QF7,NHS SOUTH YORKSHIRE INTEGRATED CARE BOARD
2025-26,C85007,THE DOVE VALLEY PMS PRACTICE,Y63,NORTH EAST AND YORKSHIRE COMMISSIONING REGION,QF7,NHS SOUTH YORKSHIRE INTEGRATED CARE BOARD
2025-26,C85008,WALDERSLADE SURGERY,Y63,NORTH EAST AND YORKSHIRE COMMISSIONING REGION,QF7,NHS SOUTH YORKSHIRE INTEGRATED CARE BOARD
2025-26,C85010,HILL BROW SURGERY PMS PRACTICE,Y63,NORTH EAST AND YORKSHIRE COMMISSIONING REGION,QF7,NHS SOUTH YORKSHIRE INTEGRATED CARE BOARD
2025-26,C85014,THE ROSE TREE PMS PRACTICE,Y63,NORTH EAST AND YORKSHIRE COMMISSIONING REGION,QF7,NHS SOUTH YORKSHIRE INTEGRATED CARE BOARD
2025-26,C85023,HOLLYGREEN PRACTICE,Y63,NORTH EAST AND YORKSHIRE COMMISSIONING REGION,QF7,NHS SOUTH YORKSHIRE INTEGRATED CARE BOARD
2025-26,C85024,HIGH STREET PRACTICE,Y63,NORTH EAST AND YORKSHIRE COMMISSIONING REGION,QF7,NHS SOUTH YORKSHIRE INTEGRATED CARE BOARD
2025-26,C85622,MONK BRETTON HEALTH CENTRE PRACTICE,Y63,NORTH EAST AND YORKSHIRE COMMISSIONING REGION,QF7,NHS SOUTH YORKSHIRE INTEGRATED CARE BOARD
2025-26,C86005,MEXBOROUGH HEALTH CENTRE,Y63,NORTH EAST AND YORKSHIRE COMMISSIONING REGION,QF7,NHS SOUTH YORKSHIRE INTEGRATED CARE BOARD
2025-26,C86006,REGENT SQUARE GROUP PRACTICE,Y63,NORTH EAST AND YORKSHIRE COMMISSIONING REGION,QF7,NHS SOUTH YORKSHIRE INTEGRATED CARE BOARD
2025-26,C86012,THE OAKWOOD SURGERY,Y63,NORTH EAST AND YORKSHIRE COMMISSIONING REGION,QF7,NHS SOUTH YORKSHIRE INTEGRATED CARE BOARD
2025-26,C86018,NORTHFIELD SURGERY,Y63,NORTH EAST AND YORKSHIRE COMMISSIONING REGION,QF7,NHS SOUTH YORKSHIRE INTEGRATED CARE BOARD
2025-26,C86021,WHITE HOUSE FARM MEDICAL CENTRE,Y63,NORTH EAST AND YORKSHIRE COMMISSIONING REGION,QF7,NHS SOUTH YORKSHIRE INTEGRATED CARE BOARD
2025-26,C86024,CONISBROUGH GROUP PRACTICE,Y63,NORTH EAST AND YORKSHIRE COMMISSIONING REGION,QF7,NHS SOUTH YORKSHIRE INTEGRATED CARE BOARD
2025-26,C86025,FRANCES STREET MEDICAL CENTRE,Y63,NORTH EAST AND YORKSHIRE COMMISSIONING REGION,QF7,NHS SOUTH YORKSHIRE INTEGRATED CARE BOARD
2025-26,E84626,THE SUNFLOWER MEDICAL CENTRE,Y56,LONDON COMMISSIONING REGION,Z9B2Z,NHS WEST AND NORTH LONDON INTEGRATED CARE BOARD
2025-26,E84645,PARK ROYAL MEDICAL PRACTICE,Y56,LONDON COMMISSIONING REGION,Z9B2Z,NHS WEST AND NORTH LONDON INTEGRATED CARE BOARD
2025-26,E84653,ZAIN MEDICAL CENTRE,Y56,LONDON COMMISSIONING REGION,Z9B2Z,NHS WEST AND NORTH LONDON INTEGRATED CARE BOARD
2025-26,E84656,ROUNDWOOD PARK MEDICAL CENTRE,Y56,LONDON COMMISSIONING REGION,Z9B2Z,NHS WEST AND NORTH LONDON INTEGRATED CARE BOARD
2025-26,E84704,ST. GEORGES MEDICAL CENTRE,Y56,LONDON COMMISSIONING REGION,Z9B2Z,NHS WEST AND NORTH LONDON INTEGRATED CARE BOARD
2025-26,E85001,THORNBURY ROAD CENTRE FOR HEALTH,Y56,LONDON COMMISSIONING REGION,Z9B2Z,NHS WEST AND NORTH LONDON INTEGRATED CARE BOARD
2025-26,E85004,ALBANY PRACTICE,Y56,LONDON COMMISSIONING REGION,Z9B2Z,NHS WEST AND NORTH LONDON INTEGRATED CARE BOARD
2025-26,E85008,NORTH FULHAM SURGERY,Y56,LONDON COMMISSIONING REGION,Z9B2Z,NHS WEST AND NORTH LONDON INTEGRATED CARE BOARD
2025-26,E85012,KS MEDICAL CENTRE,Y56,LONDON COMMISSIONING REGION,Z9B2Z,NHS WEST AND NORTH LONDON INTEGRATED CARE BOARD
2025-26,E85015,HOUNSLOW MEDICAL CENTRE,Y56,LONDON COMMISSIONING REGION,Z9B2Z,NHS WEST AND NORTH LONDON INTEGRATED CARE BOARD
2025-26,E85019,CROWN STREET SURGERY,Y56,LONDON COMMISSIONING REGION,Z9B2Z,NHS WEST AND NORTH LONDON INTEGRATED CARE BOARD
2025-26,E85020,BROOK GREEN MEDICAL CENTRE,Y56,LONDON COMMISSIONING REGION,Z9B2Z,NHS WEST AND NORTH LONDON INTEGRATED CARE BOARD
2025-26,E85023,CHEPSTOW GARDENS MEDICAL CENTRE,Y56,LONDON COMMISSIONING REGION,Z9B2Z,NHS WEST AND NORTH LONDON INTEGRATED CARE BOARD
2025-26,E85041,HANWELL HEALTH CENTRE (NAISH),Y56,LONDON COMMISSIONING REGION,Z9B2Z,NHS WEST AND NORTH LONDON INTEGRATED CARE BOARD
2025-26,E85042,THE NEW SURGERY,Y56,LONDON COMMISSIONING REGION,Z9B2Z,NHS WEST AND NORTH LONDON INTEGRATED CARE BOARD
2025-26,E85048,"DR CANISIUS & DR HASAN, PARKVIEW CFH&W",Y56,LONDON COMMISSIONING REGION,Z9B2Z,NHS WEST AND NORTH LONDON INTEGRATED CARE BOARD
2025-26,C84037,ABBEY MEDICAL GROUP,Y60,MIDLANDS COMMISSIONING REGION,QT1,NHS NOTTINGHAM AND NOTTINGHAMSHIRE INTEGRATED CARE BOARD
2025-26,C84039,DERBY ROAD HEALTH CENTRE,Y60,MIDLANDS COMMISSIONING REGION,QT1,NHS NOTTINGHAM AND NOTTINGHAMSHIRE INTEGRATED CARE BOARD
2025-26,C84043,LEEN VIEW SURGERY,Y60,MIDLANDS COMMISSIONING REGION,QT1,NHS NOTTINGHAM AND NOTTINGHAMSHIRE INTEGRATED CARE BOARD
2025-26,C84045,COLLINGHAM MEDICAL CENTRE,Y60,MIDLANDS COMMISSIONING REGION,QT1,NHS NOTTINGHAM AND NOTTINGHAMSHIRE INTEGRATED CARE BOARD
2025-26,C84046,CLIFTON MEDICAL PRACTICE,Y60,MIDLANDS COMMISSIONING REGION,QT1,NHS NOTTINGHAM AND NOTTINGHAMSHIRE INTEGRATED CARE BOARD
2025-26,C84051,ORCHARD MEDICAL PRACTICE,Y60,MIDLANDS COMMISSIONING REGION,QT1,NHS NOTTINGHAM AND NOTTINGHAMSHIRE INTEGRATED CARE BOARD
2025-26,C84059,SHERWOOD MEDICAL PARTNERSHIP,Y60,MIDLANDS COMMISSIONING REGION,QT1,NHS NOTTINGHAM AND NOTTINGHAMSHIRE INTEGRATED CARE BOARD
2025-26,C84061,KING'S MEDICAL CENTRE,Y60,MIDLANDS COMMISSIONING REGION,QT1,NHS NOTTINGHAM AND NOTTINGHAMSHIRE INTEGRATED CARE BOARD
2025-26,C84063,GREENDALE PRIMARY CARE CENTRE,Y60,MIDLANDS COMMISSIONING REGION,QT1,NHS NOTTINGHAM AND NOTTINGHAMSHIRE INTEGRATED CARE BOARD
2025-26,C84065,ABBEY MEDICAL CENTRE,Y60,MIDLANDS COMMISSIONING REGION,QT1,NHS NOTTINGHAM AND NOTTINGHAMSHIRE INTEGRATED CARE BOARD
2025-26,C84066,DAYBROOK MEDICAL PRACTICE,Y60,MIDLANDS COMMISSIONING REGION,QT1,NHS NOTTINGHAM AND NOTTINGHAMSHIRE INTEGRATED CARE BOARD
2025-26,C84069,ROUNDWOOD SURGERY,Y60,MIDLANDS COMMISSIONING REGION,QT1,NHS NOTTINGHAM AND NOTTINGHAMSHIRE INTEGRATED CARE BOARD
2025-26,C84078,HUCKNALL ROAD MEDICAL CENTRE,Y60,MIDLANDS COMMISSIONING REGION,QT1,NHS NOTTINGHAM AND NOTTINGHAMSHIRE INTEGRATED CARE BOARD
2025-26,C84081,JOHN RYLE MEDICAL PRACTICE,Y60,MIDLANDS COMMISSIONING REGION,QT1,NHS NOTTINGHAM AND NOTTINGHAMSHIRE INTEGRATED CARE BOARD
2025-26,C84084,RADCLIFFE-ON-TRENT. HEALTH CENTRE,Y60,MIDLANDS COMMISSIONING REGION,QT1,NHS NOTTINGHAM AND NOTTINGHAMSHIRE INTEGRATED CARE BOARD
2025-26,E85053,THE MEDICAL CENTRE,Y56,LONDON COMMISSIONING REGION,Z9B2Z,NHS WEST AND NORTH LONDON INTEGRATED CARE BOARD
2025-26,E85054,HILLVIEW SURGERY,Y56,LONDON COMMISSIONING REGION,Z9B2Z,NHS WEST AND NORTH LONDON INTEGRATED CARE BOARD
2025-26,E85058,BLUE WING FAMILY DOCTOR UNIT,Y56,LONDON COMMISSIONING REGION,Z9B2Z,NHS WEST AND NORTH LONDON INTEGRATED CARE BOARD
2025-26,E85066,THE BEDFORD PARK SURGERY,Y56,LONDON COMMISSIONING REGION,Z9B2Z,NHS WEST AND NORTH LONDON INTEGRATED CARE BOARD
2025-26,E85099,THE AVENUE SURGERY,Y56,LONDON COMMISSIONING REGION,Z9B2Z,NHS WEST AND NORTH LONDON INTEGRATED CARE BOARD
2025-26,E85115,PENTELOW PRACTICE,Y56,LONDON COMMISSIONING REGION,Z9B2Z,NHS WEST AND NORTH LONDON INTEGRATED CARE BOARD
2025-26,E85121,GURU NANAK MEDICAL CENTRE,Y56,LONDON COMMISSIONING REGION,Z9B2Z,NHS WEST AND NORTH LONDON INTEGRATED CARE BOARD
2025-26,E85129,THE MANSELL ROAD PRACTICE,Y56,LONDON COMMISSIONING REGION,Z9B2Z,NHS WEST AND NORTH LONDON INTEGRATED CARE BOARD
2025-26,E85623,SOMERSET MEDICAL CENTRE,Y56,LONDON COMMISSIONING REGION,Z9B2Z,NHS WEST AND NORTH LONDON INTEGRATED CARE BOARD
2025-26,E85635,THE VALE SURGERY,Y56,LONDON COMMISSIONING REGION,Z9B2Z,NHS WEST AND NORTH LONDON INTEGRATED CARE BOARD
2025-26,E85636,PARK MEDICAL CENTRE,Y56,LONDON COMMISSIONING REGION,Z9B2Z,NHS WEST AND NORTH LONDON INTEGRATED CARE BOARD
2025-26,E85640,THE CHURCHFIELD ROAD SURGERY,Y56,LONDON COMMISSIONING REGION,Z9B2Z,NHS WEST AND NORTH LONDON INTEGRATED CARE BOARD
2025-26,E85643,MEADOW VIEW,Y56,LONDON COMMISSIONING REGION,Z9B2Z,NHS WEST AND NORTH LONDON INTEGRATED CARE BOARD
2025-26,E85659,"DR RK KUKAR, PARKVIEW CTR FOR H&W",Y56,LONDON COMMISSIONING REGION,Z9B2Z,NHS WEST AND NORTH LONDON INTEGRATED CARE BOARD
2025-26,E85663,THE SALUJA CLINIC,Y56,LONDON COMMISSIONING REGION,Z9B2Z,NHS WEST AND NORTH LONDON INTEGRATED CARE BOARD
2025-26,E85682,DORMERS WELLS MEDICAL CENTRE,Y56,LONDON COMMISSIONING REGION,Z9B2Z,NHS WEST AND NORTH LONDON INTEGRATED CARE BOARD
2025-26,C86026,EDLINGTON HEALTH CENTRE PRACTICE,Y63,NORTH EAST AND YORKSHIRE COMMISSIONING REGION,QF7,NHS SOUTH YORKSHIRE INTEGRATED CARE BOARD
2025-26,C86033,THE NAYAR PRACTICE,Y63,NORTH EAST AND YORKSHIRE COMMISSIONING REGION,QF7,NHS SOUTH YORKSHIRE INTEGRATED CARE BOARD
2025-26,C86611,DUNSVILLE MEDICAL CENTRE,Y63,NORTH EAST AND YORKSHIRE COMMISSIONING REGION,QF7,NHS SOUTH YORKSHIRE INTEGRATED CARE BOARD
2025-26,C86614,THORNE MOOR MEDICAL PRACTICE,Y63,NORTH EAST AND YORKSHIRE COMMISSIONING REGION,QF7,NHS SOUTH YORKSHIRE INTEGRATED CARE BOARD
2025-26,C86626,PARK VIEW SURGERY,Y63,NORTH EAST AND YORKSHIRE COMMISSIONING REGION,QF7,NHS SOUTH YORKSHIRE INTEGRATED CARE BOARD
2025-26,C87008,SWALLOWNEST HEALTH CENTRE,Y63,NORTH EAST AND YORKSHIRE COMMISSIONING REGION,QF7,NHS SOUTH YORKSHIRE INTEGRATED CARE BOARD
2025-26,C87031,DR RAOLU'S PRACTICE,Y63,NORTH EAST AND YORKSHIRE COMMISSIONING REGION,QF7,NHS SOUTH YORKSHIRE INTEGRATED CARE BOARD
2025-26,C87622,GATEWAY PRIMARY CARE,Y63,NORTH EAST AND YORKSHIRE COMMISSIONING REGION,QF7,NHS SOUTH YORKSHIRE INTEGRATED CARE BOARD
2025-26,C88007,PORTER BROOK MEDICAL CENTRE,Y63,NORTH EAST AND YORKSHIRE COMMISSIONING REGION,QF7,NHS SOUTH YORKSHIRE INTEGRATED CARE BOARD
2025-26,C88025,BIRLEY HEALTH CENTRE,Y63,NORTH EAST AND YORKSHIRE COMMISSIONING REGION,QF7,NHS SOUTH YORKSHIRE INTEGRATED CARE BOARD
2025-26,C88026,SLOAN MEDICAL CENTRE,Y63,NORTH EAST AND YORKSHIRE COMMISSIONING REGION,QF7,NHS SOUTH YORKSHIRE INTEGRATED CARE BOARD
2025-26,C88030,DUKE MEDICAL CENTRE,Y63,NORTH EAST AND YORKSHIRE COMMISSIONING REGION,QF7,NHS SOUTH YORKSHIRE INTEGRATED CARE BOARD
2025-26,C88031,UPPERTHORPE MEDICAL CENTRE,Y63,NORTH EAST AND YORKSHIRE COMMISSIONING REGION,QF7,NHS SOUTH YORKSHIRE INTEGRATED CARE BOARD
2025-26,C88035,FIRTH PARK SURGERY,Y63,NORTH EAST AND YORKSHIRE COMMISSIONING REGION,QF7,NHS SOUTH YORKSHIRE INTEGRATED CARE BOARD
2025-26,C88038,THE MATHEWS PRACTICE BELGRAVE,Y63,NORTH EAST AND YORKSHIRE COMMISSIONING REGION,QF7,NHS SOUTH YORKSHIRE INTEGRATED CARE BOARD
2025-26,E85693,CHISWICK MEDICAL PRACTICE,Y56,LONDON COMMISSIONING REGION,Z9B2Z,NHS WEST AND NORTH LONDON INTEGRATED CARE BOARD
2025-26,E85736,LITTLE PARK SURGERY,Y56,LONDON COMMISSIONING REGION,Z9B2Z,NHS WEST AND NORTH LONDON INTEGRATED CARE BOARD
2025-26,E85748,"THE MEDICAL CENTRE, DR KUKAR",Y56,LONDON COMMISSIONING REGION,Z9B2Z,NHS WEST AND NORTH LONDON INTEGRATED CARE BOARD
2025-26,E86001,MOUNTWOOD SURGERY,Y56,LONDON COMMISSIONING REGION,Z9B2Z,NHS WEST AND NORTH LONDON INTEGRATED CARE BOARD
2025-26,E86005,THE OAKLAND MEDICAL CENTRE,Y56,LONDON COMMISSIONING REGION,Z9B2Z,NHS WEST AND NORTH LONDON INTEGRATED CARE BOARD
2025-26,E86006,THE DEVONSHIRE LODGE PRACTICE,Y56,LONDON COMMISSIONING REGION,Z9B2Z,NHS WEST AND NORTH LONDON INTEGRATED CARE BOARD
2025-26,E86007,HAREFIELD PRACTICE,Y56,LONDON COMMISSIONING REGION,Z9B2Z,NHS WEST AND NORTH LONDON INTEGRATED CARE BOARD
2025-26,E86017,HAYES MEDICAL CENTRE,Y56,LONDON COMMISSIONING REGION,Z9B2Z,NHS WEST AND NORTH LONDON INTEGRATED CARE BOARD
2025-26,E86018,TOWNFIELD DOCTORS SURGERY,Y56,LONDON COMMISSIONING REGION,Z9B2Z,NHS WEST AND NORTH LONDON INTEGRATED CARE BOARD
2025-26,E86022,THE ABBOTSBURY PRACTICE,Y56,LONDON COMMISSIONING REGION,Z9B2Z,NHS WEST AND NORTH LONDON INTEGRATED CARE BOARD
2025-26,E86026,PARKVIEW SURGERY,Y56,LONDON COMMISSIONING REGION,Z9B2Z,NHS WEST AND NORTH LONDON INTEGRATED CARE BOARD
2025-26,E86612,SHAKESPEARE HEALTH CENTRE,Y56,LONDON COMMISSIONING REGION,Z9B2Z,NHS WEST AND NORTH LONDON INTEGRATED CARE BOARD
2025-26,E86640,SOUTHCOTE CLINIC,Y56,LONDON COMMISSIONING REGION,Z9B2Z,NHS WEST AND NORTH LONDON INTEGRATED CARE BOARD
2025-26,E87005,BELGRAVIA SURGERY,Y56,LONDON COMMISSIONING REGION,Z9B2Z,NHS WEST AND NORTH LONDON INTEGRATED CARE BOARD
2025-26,E87011,LISSON GROVE HEALTH CENTRE,Y56,LONDON COMMISSIONING REGION,Z9B2Z,NHS WEST AND NORTH LONDON INTEGRATED CARE BOARD
2025-26,E87021,SHIRLAND MEDICAL,Y56,LONDON COMMISSIONING REGION,Z9B2Z,NHS WEST AND NORTH LONDON INTEGRATED CARE BOARD
2025-26,C88049,ELM LANE SURGERY,Y63,NORTH EAST AND YORKSHIRE COMMISSIONING REGION,QF7,NHS SOUTH YORKSHIRE INTEGRATED CARE BOARD
2025-26,C88059,HAROLD STREET MEDICAL CENTRE,Y63,NORTH EAST AND YORKSHIRE COMMISSIONING REGION,QF7,NHS SOUTH YORKSHIRE INTEGRATED CARE BOARD
2025-26,C88062,RUSTLINGS ROAD MEDICAL CENTRE,Y63,NORTH EAST AND YORKSHIRE COMMISSIONING REGION,QF7,NHS SOUTH YORKSHIRE INTEGRATED CARE BOARD
2025-26,C88069,CLOVER GROUP PRACTICE,Y63,NORTH EAST AND YORKSHIRE COMMISSIONING REGION,QF7,NHS SOUTH YORKSHIRE INTEGRATED CARE BOARD
2025-26,C88074,DEEPCAR MEDICAL CENTRE,Y63,NORTH EAST AND YORKSHIRE COMMISSIONING REGION,QF7,NHS SOUTH YORKSHIRE INTEGRATED CARE BOARD
2025-26,C88085,RICHMOND MEDICAL CENTRE,Y63,NORTH EAST AND YORKSHIRE COMMISSIONING REGION,QF7,NHS SOUTH YORKSHIRE INTEGRATED CARE BOARD
2025-26,C88088,EAST BANK MEDICAL CENTRE,Y63,NORTH EAST AND YORKSHIRE COMMISSIONING REGION,QF7,NHS SOUTH YORKSHIRE INTEGRATED CARE BOARD
2025-26,C88091,BARNSLEY ROAD SURGERY,Y63,NORTH EAST AND YORKSHIRE COMMISSIONING REGION,QF7,NHS SOUTH YORKSHIRE INTEGRATED CARE BOARD
2025-26,C88092,VALLEY MEDICAL CENTRE,Y63,NORTH EAST AND YORKSHIRE COMMISSIONING REGION,QF7,NHS SOUTH YORKSHIRE INTEGRATED CARE BOARD
2025-26,C88095,MILL ROAD SURGERY,Y63,NORTH EAST AND YORKSHIRE COMMISSIONING REGION,QF7,NHS SOUTH YORKSHIRE INTEGRATED CARE BOARD
2025-26,C88631,VERITAS HEALTH CENTRE,Y63,NORTH EAST AND YORKSHIRE COMMISSIONING REGION,QF7,NHS SOUTH YORKSHIRE INTEGRATED CARE BOARD
2025-26,D81003,YORK STREET MEDICAL PRACTICE,Y61,EAST OF ENGLAND COMMISSIONING REGION,S1Y5D,NHS CENTRAL EAST INTEGRATED CARE BOARD
2025-26,D81011,CLARKSON SURGERY,Y61,EAST OF ENGLAND COMMISSIONING REGION,S1Y5D,NHS CENTRAL EAST INTEGRATED CARE BOARD
2025-26,D81015,PARSON DROVE SURGERY,Y61,EAST OF ENGLAND COMMISSIONING REGION,S1Y5D,NHS CENTRAL EAST INTEGRATED CARE BOARD
2025-26,D81022,JENNER HEALTHCARE,Y61,EAST OF ENGLAND COMMISSIONING REGION,S1Y5D,NHS CENTRAL EAST INTEGRATED CARE BOARD
2025-26,D81025,CHERRY HINTON MEDICAL CENTRE,Y61,EAST OF ENGLAND COMMISSIONING REGION,S1Y5D,NHS CENTRAL EAST INTEGRATED CARE BOARD
2025-26,E87037,CONNAUGHT SQUARE PRACTICE,Y56,LONDON COMMISSIONING REGION,Z9B2Z,NHS WEST AND NORTH LONDON INTEGRATED CARE BOARD
2025-26,E87038,ELGIN CLINIC,Y56,LONDON COMMISSIONING REGION,Z9B2Z,NHS WEST AND NORTH LONDON INTEGRATED CARE BOARD
2025-26,E87048,ROSARY GARDEN SURGERY,Y56,LONDON COMMISSIONING REGION,Z9B2Z,NHS WEST AND NORTH LONDON INTEGRATED CARE BOARD
2025-26,E87052,CROMPTON MEDICAL CENTRE,Y56,LONDON COMMISSIONING REGION,Z9B2Z,NHS WEST AND NORTH LONDON INTEGRATED CARE BOARD
2025-26,E87063,KINGS ROAD MEDICAL CENTRE,Y56,LONDON COMMISSIONING REGION,Z9B2Z,NHS WEST AND NORTH LONDON INTEGRATED CARE BOARD
2025-26,E87065,THE NOTTING HILL MEDICAL CENTRE,Y56,LONDON COMMISSIONING REGION,Z9B2Z,NHS WEST AND NORTH LONDON INTEGRATED CARE BOARD
2025-26,E87677,IMPERIAL COLLEGE HEALTH CENTRE,Y56,LONDON COMMISSIONING REGION,Z9B2Z,NHS WEST AND NORTH LONDON INTEGRATED CARE BOARD
2025-26,E87711,ROYAL HOSPITAL CHELSEA,Y56,LONDON COMMISSIONING REGION,Z9B2Z,NHS WEST AND NORTH LONDON INTEGRATED CARE BOARD
2025-26,E87714,SOHO SQUARE GENERAL PRACTICE,Y56,LONDON COMMISSIONING REGION,Z9B2Z,NHS WEST AND NORTH LONDON INTEGRATED CARE BOARD
2025-26,E87738,KNIGHTSBRIDGE MEDICAL CENTRE,Y56,LONDON COMMISSIONING REGION,Z9B2Z,NHS WEST AND NORTH LONDON INTEGRATED CARE BOARD
2025-26,E87741,WOODFIELD ROAD MEDICAL CENTRE,Y56,LONDON COMMISSIONING REGION,Z9B2Z,NHS WEST AND NORTH LONDON INTEGRATED CARE BOARD
2025-26,E87753,BELGRAVE MEDICAL CENTRE,Y56,LONDON COMMISSIONING REGION,Z9B2Z,NHS WEST AND NORTH LONDON INTEGRATED CARE BOARD
2025-26,F81006,CLAYHILL MEDICAL PRACTICE,Y61,EAST OF ENGLAND COMMISSIONING REGION,D7T5G,NHS ESSEX INTEGRATED CARE BOARD
2025-26,F81015,CROCUS MEDICAL PRACTICE,Y61,EAST OF ENGLAND COMMISSIONING REGION,D7T5G,NHS ESSEX INTEGRATED CARE BOARD
2025-26,F81019,MAYFLOWER MEDICAL CENTRE,Y61,EAST OF ENGLAND COMMISSIONING REGION,D7T5G,NHS ESSEX INTEGRATED CARE BOARD
2025-26,F81022,LONGFIELD MEDICAL CENTRE,Y61,EAST OF ENGLAND COMMISSIONING REGION,D7T5G,NHS ESSEX INTEGRATED CARE BOARD
2025-26,C84086,ST GEORGES MED PRACTICE,Y60,MIDLANDS COMMISSIONING REGION,QT1,NHS NOTTINGHAM AND NOTTINGHAMSHIRE INTEGRATED CARE BOARD
2025-26,C84087,RAINWORTH HEALTH CENTRE,Y60,MIDLANDS COMMISSIONING REGION,QT1,NHS NOTTINGHAM AND NOTTINGHAMSHIRE INTEGRATED CARE BOARD
2025-26,C84092,BRIDGEWAY PRACTICE,Y60,MIDLANDS COMMISSIONING REGION,QT1,NHS NOTTINGHAM AND NOTTINGHAMSHIRE INTEGRATED CARE BOARD
2025-26,C84094,RIVERSIDE HEALTH CENTRE,Y60,MIDLANDS COMMISSIONING REGION,QT1,NHS NOTTINGHAM AND NOTTINGHAMSHIRE INTEGRATED CARE BOARD
2025-26,C84095,OAKENHALL MEDICAL PRACT,Y60,MIDLANDS COMMISSIONING REGION,QT1,NHS NOTTINGHAM AND NOTTINGHAMSHIRE INTEGRATED CARE BOARD
2025-26,C84101,BAWTRY AND BLYTH MEDICAL,Y60,MIDLANDS COMMISSIONING REGION,QT1,NHS NOTTINGHAM AND NOTTINGHAMSHIRE INTEGRATED CARE BOARD
2025-26,C84113,MAJOR OAK MEDICAL PRACTICE,Y60,MIDLANDS COMMISSIONING REGION,QT1,NHS NOTTINGHAM AND NOTTINGHAMSHIRE INTEGRATED CARE BOARD
2025-26,C84120,CHILWELL VALLEY AND MEADOWS PRACTICE,Y60,MIDLANDS COMMISSIONING REGION,QT1,NHS NOTTINGHAM AND NOTTINGHAMSHIRE INTEGRATED CARE BOARD
2025-26,C84140,LOWMOOR ROAD SURGERY,Y60,MIDLANDS COMMISSIONING REGION,QT1,NHS NOTTINGHAM AND NOTTINGHAMSHIRE INTEGRATED CARE BOARD
2025-26,C84142,SELSTON SURGERY,Y60,MIDLANDS COMMISSIONING REGION,QT1,NHS NOTTINGHAM AND NOTTINGHAMSHIRE INTEGRATED CARE BOARD
2025-26,C84151,THE MEDICAL CENTRE - ZULU ROAD,Y60,MIDLANDS COMMISSIONING REGION,QT1,NHS NOTTINGHAM AND NOTTINGHAMSHIRE INTEGRATED CARE BOARD
2025-26,C84605,CASTLE HEALTHCARE PRACTICE,Y60,MIDLANDS COMMISSIONING REGION,QT1,NHS NOTTINGHAM AND NOTTINGHAMSHIRE INTEGRATED CARE BOARD
2025-26,C84624,HAMA MEDICAL CENTRE,Y60,MIDLANDS COMMISSIONING REGION,QT1,NHS NOTTINGHAM AND NOTTINGHAMSHIRE INTEGRATED CARE BOARD
2025-26,C84654,JACKSDALE MEDICAL CENTRE,Y60,MIDLANDS COMMISSIONING REGION,QT1,NHS NOTTINGHAM AND NOTTINGHAMSHIRE INTEGRATED CARE BOARD
2025-26,C84658,MEDEN MEDICAL SERVICES,Y60,MIDLANDS COMMISSIONING REGION,QT1,NHS NOTTINGHAM AND NOTTINGHAMSHIRE INTEGRATED CARE BOARD
2025-26,F81037,EAST LYNNE MEDICAL CENTRE,Y61,EAST OF ENGLAND COMMISSIONING REGION,D7T5G,NHS ESSEX INTEGRATED CARE BOARD
2025-26,F81038,TILE HOUSE SURGERY,Y61,EAST OF ENGLAND COMMISSIONING REGION,D7T5G,NHS ESSEX INTEGRATED CARE BOARD
2025-26,F81046,DR KRISHNAN & PTNR - KENT ELMS HC,Y61,EAST OF ENGLAND COMMISSIONING REGION,D7T5G,NHS ESSEX INTEGRATED CARE BOARD
2025-26,F81047,THE HAMILTON PRACTICE,Y61,EAST OF ENGLAND COMMISSIONING REGION,D7T5G,NHS ESSEX INTEGRATED CARE BOARD
2025-26,F81051,THIRD AVENUE HEALTH CENTRE,Y61,EAST OF ENGLAND COMMISSIONING REGION,D7T5G,NHS ESSEX INTEGRATED CARE BOARD
2025-26,F81052,ST. JAMES SURGERY,Y61,EAST OF ENGLAND COMMISSIONING REGION,D7T5G,NHS ESSEX INTEGRATED CARE BOARD
2025-26,F81062,CHIGWELL MEDICAL CENTRE,Y61,EAST OF ENGLAND COMMISSIONING REGION,D7T5G,NHS ESSEX INTEGRATED CARE BOARD
2025-26,F81065,WILLIAM HARVEY SURGERY,Y61,EAST OF ENGLAND COMMISSIONING REGION,D7T5G,NHS ESSEX INTEGRATED CARE BOARD
2025-26,F81068,THE ELIZABETH COURTAULD SURGERY,Y61,EAST OF ENGLAND COMMISSIONING REGION,D7T5G,NHS ESSEX INTEGRATED CARE BOARD
2025-26,F81075,THE HOLLIES,Y61,EAST OF ENGLAND COMMISSIONING REGION,D7T5G,NHS ESSEX INTEGRATED CARE BOARD
2025-26,F81076,THE TOLLESBURY PRACTICE,Y61,EAST OF ENGLAND COMMISSIONING REGION,D7T5G,NHS ESSEX INTEGRATED CARE BOARD
2025-26,F81078,CHURCH LANGLEY MEDICAL PRACTICE,Y61,EAST OF ENGLAND COMMISSIONING REGION,D7T5G,NHS ESSEX INTEGRATED CARE BOARD
2025-26,F81080,THE BILLERICAY MEDICAL PRACTICE,Y61,EAST OF ENGLAND COMMISSIONING REGION,D7T5G,NHS ESSEX INTEGRATED CARE BOARD
2025-26,F81083,BEAUCHAMP HOUSE,Y61,EAST OF ENGLAND COMMISSIONING REGION,D7T5G,NHS ESSEX INTEGRATED CARE BOARD
2025-26,F81088,SOUTHEND ROAD SURGERY,Y61,EAST OF ENGLAND COMMISSIONING REGION,D7T5G,NHS ESSEX INTEGRATED CARE BOARD
2025-26,F81089,WAKERING MEDICAL CTR.,Y61,EAST OF ENGLAND COMMISSIONING REGION,D7T5G,NHS ESSEX INTEGRATED CARE BOARD
2025-26,F81092,DR SOORIAKUMARAN,Y61,EAST OF ENGLAND COMMISSIONING REGION,D7T5G,NHS ESSEX INTEGRATED CARE BOARD
2025-26,D81026,BOROUGHBURY MEDICAL CENTRE,Y61,EAST OF ENGLAND COMMISSIONING REGION,S1Y5D,NHS CENTRAL EAST INTEGRATED CARE BOARD
2025-26,D81031,YAXLEY GROUP PRACTICE,Y61,EAST OF ENGLAND COMMISSIONING REGION,S1Y5D,NHS CENTRAL EAST INTEGRATED CARE BOARD
2025-26,D81033,OVER SURGERY,Y61,EAST OF ENGLAND COMMISSIONING REGION,S1Y5D,NHS CENTRAL EAST INTEGRATED CARE BOARD
2025-26,D81056,PETERSFIELD MEDICAL PRACTICE,Y61,EAST OF ENGLAND COMMISSIONING REGION,S1Y5D,NHS CENTRAL EAST INTEGRATED CARE BOARD
2025-26,D81059,RAMSEY HEALTH CENTRE,Y61,EAST OF ENGLAND COMMISSIONING REGION,S1Y5D,NHS CENTRAL EAST INTEGRATED CARE BOARD
2025-26,D81060,MOAT HOUSE SURGERY,Y61,EAST OF ENGLAND COMMISSIONING REGION,S1Y5D,NHS CENTRAL EAST INTEGRATED CARE BOARD
2025-26,D81062,HADDENHAM SURGERY,Y61,EAST OF ENGLAND COMMISSIONING REGION,S1Y5D,NHS CENTRAL EAST INTEGRATED CARE BOARD
2025-26,D81073,WESTWOOD CLINIC,Y61,EAST OF ENGLAND COMMISSIONING REGION,S1Y5D,NHS CENTRAL EAST INTEGRATED CARE BOARD
2025-26,D81081,GREAT STAUGHTON SURGERY,Y61,EAST OF ENGLAND COMMISSIONING REGION,S1Y5D,NHS CENTRAL EAST INTEGRATED CARE BOARD
2025-26,D81085,PAPWORTH SURGERY,Y61,EAST OF ENGLAND COMMISSIONING REGION,S1Y5D,NHS CENTRAL EAST INTEGRATED CARE BOARD
2025-26,D81086,EAST BARNWELL HEALTH CENTRE,Y61,EAST OF ENGLAND COMMISSIONING REGION,S1Y5D,NHS CENTRAL EAST INTEGRATED CARE BOARD
2025-26,D81606,RIVERPORT MEDICAL PRACTICE,Y61,EAST OF ENGLAND COMMISSIONING REGION,S1Y5D,NHS CENTRAL EAST INTEGRATED CARE BOARD
2025-26,D81607,SWAVESEY SURGERY,Y61,EAST OF ENGLAND COMMISSIONING REGION,S1Y5D,NHS CENTRAL EAST INTEGRATED CARE BOARD
2025-26,D81615,THORPE ROAD,Y61,EAST OF ENGLAND COMMISSIONING REGION,S1Y5D,NHS CENTRAL EAST INTEGRATED CARE BOARD
2025-26,D82008,ST STEPHENS GATE MEDICAL PARTNERSHIP,Y61,EAST OF ENGLAND COMMISSIONING REGION,T6Y0W,NHS NORFOLK AND SUFFOLK INTEGRATED CARE BOARD
2025-26,D82010,GRIMSTON MEDICAL CENTRE,Y61,EAST OF ENGLAND COMMISSIONING REGION,T6Y0W,NHS NORFOLK AND SUFFOLK INTEGRATED CARE BOARD
2025-26,F81099,BLACKWATER MEDICAL CENTRE,Y61,EAST OF ENGLAND COMMISSIONING REGION,D7T5G,NHS ESSEX INTEGRATED CARE BOARD
2025-26,F81101,ESSEX WAY SURGERY,Y61,EAST OF ENGLAND COMMISSIONING REGION,D7T5G,NHS ESSEX INTEGRATED CARE BOARD
2025-26,F81102,ROCKLEIGH COURT SURGERY,Y61,EAST OF ENGLAND COMMISSIONING REGION,D7T5G,NHS ESSEX INTEGRATED CARE BOARD
2025-26,F81110,TILBURY HEALTH CENTRE,Y61,EAST OF ENGLAND COMMISSIONING REGION,D7T5G,NHS ESSEX INTEGRATED CARE BOARD
2025-26,F81114,BADDOW VILLAGE SURGERY,Y61,EAST OF ENGLAND COMMISSIONING REGION,D7T5G,NHS ESSEX INTEGRATED CARE BOARD
2025-26,F81118,JOHN TASKER HOUSE SURGERY,Y61,EAST OF ENGLAND COMMISSIONING REGION,D7T5G,NHS ESSEX INTEGRATED CARE BOARD
2025-26,F81120,NUFFIELD HOUSE HEALTH CENTRE,Y61,EAST OF ENGLAND COMMISSIONING REGION,D7T5G,NHS ESSEX INTEGRATED CARE BOARD
2025-26,F81130,WILLIAM FISHER MED.CTR.,Y61,EAST OF ENGLAND COMMISSIONING REGION,D7T5G,NHS ESSEX INTEGRATED CARE BOARD
2025-26,F81132,BLANDFORD MEDICAL CENTRE,Y61,EAST OF ENGLAND COMMISSIONING REGION,D7T5G,NHS ESSEX INTEGRATED CARE BOARD
2025-26,F81142,ST GEORGES MEDICAL PRACTICE,Y61,EAST OF ENGLAND COMMISSIONING REGION,D7T5G,NHS ESSEX INTEGRATED CARE BOARD
2025-26,F81153,HASSENGATE MEDICAL CENTRE,Y61,EAST OF ENGLAND COMMISSIONING REGION,D7T5G,NHS ESSEX INTEGRATED CARE BOARD
2025-26,F81156,RANWORTH SURGERY,Y61,EAST OF ENGLAND COMMISSIONING REGION,D7T5G,NHS ESSEX INTEGRATED CARE BOARD
2025-26,F81163,THE NEW FOLLY SURGERY,Y61,EAST OF ENGLAND COMMISSIONING REGION,D7T5G,NHS ESSEX INTEGRATED CARE BOARD
2025-26,F81173,DOUGLAS GROVE SURGERY,Y61,EAST OF ENGLAND COMMISSIONING REGION,D7T5G,NHS ESSEX INTEGRATED CARE BOARD
2025-26,F81176,NORTH AVENUE SURGERY,Y61,EAST OF ENGLAND COMMISSIONING REGION,D7T5G,NHS ESSEX INTEGRATED CARE BOARD
2025-26,F81193,WITHAM HEALTH CENTRE,Y61,EAST OF ENGLAND COMMISSIONING REGION,D7T5G,NHS ESSEX INTEGRATED CARE BOARD
2025-26,F81213,THORPE SURGERY,Y61,EAST OF ENGLAND COMMISSIONING REGION,D7T5G,NHS ESSEX INTEGRATED CARE BOARD
2025-26,D82012,MAGDALEN MEDICAL PRACTICE,Y61,EAST OF ENGLAND COMMISSIONING REGION,T6Y0W,NHS NORFOLK AND SUFFOLK INTEGRATED CARE BOARD
2025-26,D82018,HELLESDON MEDICAL PRACTICE,Y61,EAST OF ENGLAND COMMISSIONING REGION,T6Y0W,NHS NORFOLK AND SUFFOLK INTEGRATED CARE BOARD
2025-26,D82020,ORCHARD SURGERY,Y61,EAST OF ENGLAND COMMISSIONING REGION,T6Y0W,NHS NORFOLK AND SUFFOLK INTEGRATED CARE BOARD
2025-26,D82024,MARRIOTT'S MEDICAL PRACTICES,Y61,EAST OF ENGLAND COMMISSIONING REGION,T6Y0W,NHS NORFOLK AND SUFFOLK INTEGRATED CARE BOARD
2025-26,D82029,DRAYTON MEDICAL PRACTICE,Y61,EAST OF ENGLAND COMMISSIONING REGION,T6Y0W,NHS NORFOLK AND SUFFOLK INTEGRATED CARE BOARD
2025-26,D82032,BRUNDALL MEDICAL PARTNERSHIP,Y61,EAST OF ENGLAND COMMISSIONING REGION,T6Y0W,NHS NORFOLK AND SUFFOLK INTEGRATED CARE BOARD
2025-26,D82038,WELLS HEALTH CENTRE,Y61,EAST OF ENGLAND COMMISSIONING REGION,T6Y0W,NHS NORFOLK AND SUFFOLK INTEGRATED CARE BOARD
2025-26,D82039,MATTISHALL AND LENWADE SURGERIES,Y61,EAST OF ENGLAND COMMISSIONING REGION,T6Y0W,NHS NORFOLK AND SUFFOLK INTEGRATED CARE BOARD
2025-26,D82047,OAK STREET MEDICAL PRACT.,Y61,EAST OF ENGLAND COMMISSIONING REGION,T6Y0W,NHS NORFOLK AND SUFFOLK INTEGRATED CARE BOARD
2025-26,D82070,GREAT MASSINGHAM SURGERY,Y61,EAST OF ENGLAND COMMISSIONING REGION,T6Y0W,NHS NORFOLK AND SUFFOLK INTEGRATED CARE BOARD
2025-26,D82072,BURNHAM SURGERY,Y61,EAST OF ENGLAND COMMISSIONING REGION,T6Y0W,NHS NORFOLK AND SUFFOLK INTEGRATED CARE BOARD
2025-26,D82087,PROSPECT MEDICAL PRACTICE,Y61,EAST OF ENGLAND COMMISSIONING REGION,T6Y0W,NHS NORFOLK AND SUFFOLK INTEGRATED CARE BOARD
2025-26,D82096,WOODCOCK RD SURGERY,Y61,EAST OF ENGLAND COMMISSIONING REGION,T6Y0W,NHS NORFOLK AND SUFFOLK INTEGRATED CARE BOARD
2025-26,D82100,SHIPDHAM SURGERY,Y61,EAST OF ENGLAND COMMISSIONING REGION,T6Y0W,NHS NORFOLK AND SUFFOLK INTEGRATED CARE BOARD
2025-26,D82105,ST CLEMENTS SURGERY,Y61,EAST OF ENGLAND COMMISSIONING REGION,T6Y0W,NHS NORFOLK AND SUFFOLK INTEGRATED CARE BOARD
2025-26,F81216,THE RIVER SURGERY,Y61,EAST OF ENGLAND COMMISSIONING REGION,D7T5G,NHS ESSEX INTEGRATED CARE BOARD
2025-26,F81618,HIGH ROAD FAMILY DOCTORS,Y61,EAST OF ENGLAND COMMISSIONING REGION,D7T5G,NHS ESSEX INTEGRATED CARE BOARD
2025-26,F81633,LAWFORD SURGERY,Y61,EAST OF ENGLAND COMMISSIONING REGION,D7T5G,NHS ESSEX INTEGRATED CARE BOARD
2025-26,F81636,MILL ROAD SURGERY,Y61,EAST OF ENGLAND COMMISSIONING REGION,D7T5G,NHS ESSEX INTEGRATED CARE BOARD
2025-26,F81645,ROSE VILLA SURGERY,Y61,EAST OF ENGLAND COMMISSIONING REGION,D7T5G,NHS ESSEX INTEGRATED CARE BOARD
2025-26,F81656,WARRIOR SQUARE SURGERY,Y61,EAST OF ENGLAND COMMISSIONING REGION,D7T5G,NHS ESSEX INTEGRATED CARE BOARD
2025-26,F81665,CHELMER VILLAGE SURGERY,Y61,EAST OF ENGLAND COMMISSIONING REGION,D7T5G,NHS ESSEX INTEGRATED CARE BOARD
2025-26,F81666,DR SHARMA & PARTNERS,Y61,EAST OF ENGLAND COMMISSIONING REGION,D7T5G,NHS ESSEX INTEGRATED CARE BOARD
2025-26,F81675,THE PRACTICE LEECON WAY,Y61,EAST OF ENGLAND COMMISSIONING REGION,D7T5G,NHS ESSEX INTEGRATED CARE BOARD
2025-26,F81708,SAI MEDICAL CENTRE,Y61,EAST OF ENGLAND COMMISSIONING REGION,D7T5G,NHS ESSEX INTEGRATED CARE BOARD
2025-26,F81716,TOLLGATE HEALTH CENTRE,Y61,EAST OF ENGLAND COMMISSIONING REGION,D7T5G,NHS ESSEX INTEGRATED CARE BOARD
2025-26,F81725,MAYNARD COURT SURGERY,Y61,EAST OF ENGLAND COMMISSIONING REGION,D7T5G,NHS ESSEX INTEGRATED CARE BOARD
2025-26,F81744,SCOTT PARK SURGERY,Y61,EAST OF ENGLAND COMMISSIONING REGION,D7T5G,NHS ESSEX INTEGRATED CARE BOARD
2025-26,F81746,BLUEBELL SURGERY,Y61,EAST OF ENGLAND COMMISSIONING REGION,D7T5G,NHS ESSEX INTEGRATED CARE BOARD
2025-26,F81751,THE TRINITY MEDICAL PRACTICE,Y61,EAST OF ENGLAND COMMISSIONING REGION,D7T5G,NHS ESSEX INTEGRATED CARE BOARD
2025-26,F82006,CRANHAM VILLAGE SURGERY,Y56,LONDON COMMISSIONING REGION,QMF,NHS NORTH EAST LONDON INTEGRATED CARE BOARD
2025-26,F82008,MAYLANDS HEALTHCARE,Y56,LONDON COMMISSIONING REGION,QMF,NHS NORTH EAST LONDON INTEGRATED CARE BOARD
2025-26,F82017,ST ALBANS SURGERY,Y56,LONDON COMMISSIONING REGION,QMF,NHS NORTH EAST LONDON INTEGRATED CARE BOARD
2025-26,F82018,BARKING MEDICAL GROUP PRACTICE,Y56,LONDON COMMISSIONING REGION,QMF,NHS NORTH EAST LONDON INTEGRATED CARE BOARD
2025-26,F82019,THE UPSTAIRS SURGERY,Y56,LONDON COMMISSIONING REGION,QMF,NHS NORTH EAST LONDON INTEGRATED CARE BOARD
2025-26,F82022,THE ROSEWOOD MEDICAL CENTRE,Y56,LONDON COMMISSIONING REGION,QMF,NHS NORTH EAST LONDON INTEGRATED CARE BOARD
2025-26,F82023,HIGH STREET SURGERY,Y56,LONDON COMMISSIONING REGION,QMF,NHS NORTH EAST LONDON INTEGRATED CARE BOARD
2025-26,F82034,VICTORIA & FIVE ELMS MEDICAL CENTRE,Y56,LONDON COMMISSIONING REGION,QMF,NHS NORTH EAST LONDON INTEGRATED CARE BOARD
2025-26,F82055,HORNCHURCH HEALTHCARE,Y56,LONDON COMMISSIONING REGION,QMF,NHS NORTH EAST LONDON INTEGRATED CARE BOARD
2025-26,F82607,SOUTH HORNCHURCH MEDICAL PRACTICE,Y56,LONDON COMMISSIONING REGION,QMF,NHS NORTH EAST LONDON INTEGRATED CARE BOARD
2025-26,F82610,DR GUPTA,Y56,LONDON COMMISSIONING REGION,QMF,NHS NORTH EAST LONDON INTEGRATED CARE BOARD
2025-26,F82624,ST GEORGES COUNTRY PARK SURGERY,Y56,LONDON COMMISSIONING REGION,QMF,NHS NORTH EAST LONDON INTEGRATED CARE BOARD
2025-26,F82670,ABBAMOOR SURGERY,Y56,LONDON COMMISSIONING REGION,QMF,NHS NORTH EAST LONDON INTEGRATED CARE BOARD
2025-26,F82674,CRANHAM HEALTH CENTRE,Y56,LONDON COMMISSIONING REGION,QMF,NHS NORTH EAST LONDON INTEGRATED CARE BOARD
2025-26,F82677,BECONTREE MEDICAL CENTRE,Y56,LONDON COMMISSIONING REGION,QMF,NHS NORTH EAST LONDON INTEGRATED CARE BOARD
2025-26,F82680,HIGHGROVE SURGERY,Y56,LONDON COMMISSIONING REGION,QMF,NHS NORTH EAST LONDON INTEGRATED CARE BOARD
2025-26,F83003,PARK END SURGERY,Y56,LONDON COMMISSIONING REGION,Z9B2Z,NHS WEST AND NORTH LONDON INTEGRATED CARE BOARD
2025-26,F83007,ROMAN WAY MEDICAL CENTRE,Y56,LONDON COMMISSIONING REGION,Z9B2Z,NHS WEST AND NORTH LONDON INTEGRATED CARE BOARD
2025-26,D82604,BOUGHTON SURGERY,Y61,EAST OF ENGLAND COMMISSIONING REGION,T6Y0W,NHS NORFOLK AND SUFFOLK INTEGRATED CARE BOARD
2025-26,D82621,PLOWRIGHT MEDICAL CENTRE,Y61,EAST OF ENGLAND COMMISSIONING REGION,T6Y0W,NHS NORFOLK AND SUFFOLK INTEGRATED CARE BOARD
2025-26,D82624,WINDMILL SURGERY,Y61,EAST OF ENGLAND COMMISSIONING REGION,T6Y0W,NHS NORFOLK AND SUFFOLK INTEGRATED CARE BOARD
2025-26,D83004,FELIXSTOWE ROAD MEDICAL PRACTICE,Y61,EAST OF ENGLAND COMMISSIONING REGION,T6Y0W,NHS NORFOLK AND SUFFOLK INTEGRATED CARE BOARD
2025-26,D83009,BECCLES MEDICAL CENTRE,Y61,EAST OF ENGLAND COMMISSIONING REGION,T6Y0W,NHS NORFOLK AND SUFFOLK INTEGRATED CARE BOARD
2025-26,D83017,NEEDHAM MARKET COUNTRY PRACTICE,Y61,EAST OF ENGLAND COMMISSIONING REGION,T6Y0W,NHS NORFOLK AND SUFFOLK INTEGRATED CARE BOARD
2025-26,D83022,SOLE BAY H/C,Y61,EAST OF ENGLAND COMMISSIONING REGION,T6Y0W,NHS NORFOLK AND SUFFOLK INTEGRATED CARE BOARD
2025-26,D83023,HIGH STREET SURGERY,Y61,EAST OF ENGLAND COMMISSIONING REGION,T6Y0W,NHS NORFOLK AND SUFFOLK INTEGRATED CARE BOARD
2025-26,D83027,ORCHARD HOUSE SURGERY,Y61,EAST OF ENGLAND COMMISSIONING REGION,T6Y0W,NHS NORFOLK AND SUFFOLK INTEGRATED CARE BOARD
2025-26,D83028,LEISTON SURGERY,Y61,EAST OF ENGLAND COMMISSIONING REGION,T6Y0W,NHS NORFOLK AND SUFFOLK INTEGRATED CARE BOARD
2025-26,D83033,BOTESDALE HEALTH CENTRE,Y61,EAST OF ENGLAND COMMISSIONING REGION,T6Y0W,NHS NORFOLK AND SUFFOLK INTEGRATED CARE BOARD
2025-26,D83050,CARDINAL MEDICAL PRACTICE,Y61,EAST OF ENGLAND COMMISSIONING REGION,T6Y0W,NHS NORFOLK AND SUFFOLK INTEGRATED CARE BOARD
2025-26,D83056,HAWTHORN DRIVE SURGERY,Y61,EAST OF ENGLAND COMMISSIONING REGION,T6Y0W,NHS NORFOLK AND SUFFOLK INTEGRATED CARE BOARD
2025-26,D83059,BARRACK LANE MEDICAL CENTRE,Y61,EAST OF ENGLAND COMMISSIONING REGION,T6Y0W,NHS NORFOLK AND SUFFOLK INTEGRATED CARE BOARD
2025-26,D83062,FOREST SURGERY,Y61,EAST OF ENGLAND COMMISSIONING REGION,T6Y0W,NHS NORFOLK AND SUFFOLK INTEGRATED CARE BOARD
2025-26,F83008,THE GOODINGE GROUP PRACTICE,Y56,LONDON COMMISSIONING REGION,Z9B2Z,NHS WEST AND NORTH LONDON INTEGRATED CARE BOARD
2025-26,F83011,PRIMROSE HILL SURGERY,Y56,LONDON COMMISSIONING REGION,Z9B2Z,NHS WEST AND NORTH LONDON INTEGRATED CARE BOARD
2025-26,F83012,ELIZABETH AVENUE GROUP PRACTICE,Y56,LONDON COMMISSIONING REGION,Z9B2Z,NHS WEST AND NORTH LONDON INTEGRATED CARE BOARD
2025-26,F83018,PRINCE OF WALES GROUP SURGERY,Y56,LONDON COMMISSIONING REGION,Z9B2Z,NHS WEST AND NORTH LONDON INTEGRATED CARE BOARD
2025-26,F83019,ABBEY MEDICAL CENTRE,Y56,LONDON COMMISSIONING REGION,Z9B2Z,NHS WEST AND NORTH LONDON INTEGRATED CARE BOARD
2025-26,F83021,RITCHIE STREET GROUP PRACTICE,Y56,LONDON COMMISSIONING REGION,Z9B2Z,NHS WEST AND NORTH LONDON INTEGRATED CARE BOARD
2025-26,F83022,CAVERSHAM GROUP PRACTICE,Y56,LONDON COMMISSIONING REGION,Z9B2Z,NHS WEST AND NORTH LONDON INTEGRATED CARE BOARD
2025-26,F83032,ST PETER'S STREET MEDICAL PRACTICE,Y56,LONDON COMMISSIONING REGION,Z9B2Z,NHS WEST AND NORTH LONDON INTEGRATED CARE BOARD
2025-26,F83034,NEW NORTH HEALTH CENTRE,Y56,LONDON COMMISSIONING REGION,Z9B2Z,NHS WEST AND NORTH LONDON INTEGRATED CARE BOARD
2025-26,F83048,BRUNSWICK MEDICAL CENTRE UHPC,Y56,LONDON COMMISSIONING REGION,Z9B2Z,NHS WEST AND NORTH LONDON INTEGRATED CARE BOARD
2025-26,F83053,MILDMAY MEDICAL PRACTICE,Y56,LONDON COMMISSIONING REGION,Z9B2Z,NHS WEST AND NORTH LONDON INTEGRATED CARE BOARD
2025-26,F83058,HOLBORN MEDICAL CENTRE,Y56,LONDON COMMISSIONING REGION,Z9B2Z,NHS WEST AND NORTH LONDON INTEGRATED CARE BOARD
2025-26,F83063,KILLICK STREET HEALTH CENTRE,Y56,LONDON COMMISSIONING REGION,Z9B2Z,NHS WEST AND NORTH LONDON INTEGRATED CARE BOARD
2025-26,F83064,CITY ROAD MEDICAL CENTRE,Y56,LONDON COMMISSIONING REGION,Z9B2Z,NHS WEST AND NORTH LONDON INTEGRATED CARE BOARD
2025-26,F83635,KINGS CROSS SURGERY,Y56,LONDON COMMISSIONING REGION,Z9B2Z,NHS WEST AND NORTH LONDON INTEGRATED CARE BOARD
2025-26,F83652,AMWELL GROUP PRACTICE,Y56,LONDON COMMISSIONING REGION,Z9B2Z,NHS WEST AND NORTH LONDON INTEGRATED CARE BOARD
2025-26,F83660,HIGHBURY GRANGE MEDICAL PRACTICE,Y56,LONDON COMMISSIONING REGION,Z9B2Z,NHS WEST AND NORTH LONDON INTEGRATED CARE BOARD
2025-26,F83665,SWISS COTTAGE SURGERY,Y56,LONDON COMMISSIONING REGION,Z9B2Z,NHS WEST AND NORTH LONDON INTEGRATED CARE BOARD
2025-26,F83672,ST PHILIPS MEDICAL CENTRE,Y56,LONDON COMMISSIONING REGION,Z9B2Z,NHS WEST AND NORTH LONDON INTEGRATED CARE BOARD
2025-26,F84009,STRATFORD VILLAGE SURGERY,Y56,LONDON COMMISSIONING REGION,QMF,NHS NORTH EAST LONDON INTEGRATED CARE BOARD
2025-26,F84030,RUSTON STREET CLINIC,Y56,LONDON COMMISSIONING REGION,QMF,NHS NORTH EAST LONDON INTEGRATED CARE BOARD
2025-26,F84031,THE JUBILEE STREET PRACTICE LTD,Y56,LONDON COMMISSIONING REGION,QMF,NHS NORTH EAST LONDON INTEGRATED CARE BOARD
2025-26,F84034,ST. STEPHENS HEALTH CENTRE,Y56,LONDON COMMISSIONING REGION,QMF,NHS NORTH EAST LONDON INTEGRATED CARE BOARD
2025-26,F84035,RICHMOND ROAD MEDICAL CENTRE,Y56,LONDON COMMISSIONING REGION,QMF,NHS NORTH EAST LONDON INTEGRATED CARE BOARD
2025-26,F84044,HARLEY GROVE MEDICAL CTR.,Y56,LONDON COMMISSIONING REGION,QMF,NHS NORTH EAST LONDON INTEGRATED CARE BOARD
2025-26,F84069,WELL STREET SURGERY,Y56,LONDON COMMISSIONING REGION,QMF,NHS NORTH EAST LONDON INTEGRATED CARE BOARD
2025-26,F84077,NEWHAM VICARAGE PRACTICE,Y56,LONDON COMMISSIONING REGION,QMF,NHS NORTH EAST LONDON INTEGRATED CARE BOARD
2025-26,F84079,THE WAPPING GROUP PRACTICE,Y56,LONDON COMMISSIONING REGION,QMF,NHS NORTH EAST LONDON INTEGRATED CARE BOARD
2025-26,F84114,CITY SQUARE MEDICAL GROUP,Y56,LONDON COMMISSIONING REGION,QMF,NHS NORTH EAST LONDON INTEGRATED CARE BOARD
2025-26,F84117,QUEENSBRIDGE GROUP PRACTICE,Y56,LONDON COMMISSIONING REGION,QMF,NHS NORTH EAST LONDON INTEGRATED CARE BOARD
2025-26,F84119,THE HERON PRACTICE,Y56,LONDON COMMISSIONING REGION,QMF,NHS NORTH EAST LONDON INTEGRATED CARE BOARD
2025-26,F84601,ELSDALE STREET SURGERY,Y56,LONDON COMMISSIONING REGION,QMF,NHS NORTH EAST LONDON INTEGRATED CARE BOARD
2025-26,D83073,DR SOLWAY AND DR ROY PRACTICE,Y61,EAST OF ENGLAND COMMISSIONING REGION,T6Y0W,NHS NORFOLK AND SUFFOLK INTEGRATED CARE BOARD
2025-26,D83076,CLARE GUILDHALL SURGERY,Y61,EAST OF ENGLAND COMMISSIONING REGION,T6Y0W,NHS NORFOLK AND SUFFOLK INTEGRATED CARE BOARD
2025-26,E81004,SALISBURY HOUSE SURGERY,Y61,EAST OF ENGLAND COMMISSIONING REGION,S1Y5D,NHS CENTRAL EAST INTEGRATED CARE BOARD
2025-26,E81012,GREENSANDS (POTTON),Y61,EAST OF ENGLAND COMMISSIONING REGION,S1Y5D,NHS CENTRAL EAST INTEGRATED CARE BOARD
2025-26,E81013,CASTLE MEDICAL GROUP PRACTICE,Y61,EAST OF ENGLAND COMMISSIONING REGION,S1Y5D,NHS CENTRAL EAST INTEGRATED CARE BOARD
2025-26,E81015,FLITWICK SURGERY,Y61,EAST OF ENGLAND COMMISSIONING REGION,S1Y5D,NHS CENTRAL EAST INTEGRATED CARE BOARD
2025-26,E81026,LARKSIDE PRACTICE,Y61,EAST OF ENGLAND COMMISSIONING REGION,S1Y5D,NHS CENTRAL EAST INTEGRATED CARE BOARD
2025-26,E81027,HOUGHTON REGIS MEDICAL CENTRE,Y61,EAST OF ENGLAND COMMISSIONING REGION,S1Y5D,NHS CENTRAL EAST INTEGRATED CARE BOARD
2025-26,E81030,CAULDWELL MEDICAL CENTRE,Y61,EAST OF ENGLAND COMMISSIONING REGION,S1Y5D,NHS CENTRAL EAST INTEGRATED CARE BOARD
2025-26,E81032,LEA VALE MEDICAL PRACTICE,Y61,EAST OF ENGLAND COMMISSIONING REGION,S1Y5D,NHS CENTRAL EAST INTEGRATED CARE BOARD
2025-26,E81034,TODDINGTON MEDICAL CENTRE,Y61,EAST OF ENGLAND COMMISSIONING REGION,S1Y5D,NHS CENTRAL EAST INTEGRATED CARE BOARD
2025-26,E81035,SANDY HEALTH CENTRE,Y61,EAST OF ENGLAND COMMISSIONING REGION,S1Y5D,NHS CENTRAL EAST INTEGRATED CARE BOARD
2025-26,E81037,THE DE PARYS GROUP,Y61,EAST OF ENGLAND COMMISSIONING REGION,S1Y5D,NHS CENTRAL EAST INTEGRATED CARE BOARD
2025-26,E81044,LEIGHTON ROAD SURGERY,Y61,EAST OF ENGLAND COMMISSIONING REGION,S1Y5D,NHS CENTRAL EAST INTEGRATED CARE BOARD
2025-26,E81045,KINGSBURY COURT SURGERY,Y61,EAST OF ENGLAND COMMISSIONING REGION,S1Y5D,NHS CENTRAL EAST INTEGRATED CARE BOARD
2025-26,E81048,BUTE HOUSE MEDICAL CENTRE,Y61,EAST OF ENGLAND COMMISSIONING REGION,S1Y5D,NHS CENTRAL EAST INTEGRATED CARE BOARD
2025-26,E81052,KIRBY ROAD SURGERY,Y61,EAST OF ENGLAND COMMISSIONING REGION,S1Y5D,NHS CENTRAL EAST INTEGRATED CARE BOARD
2025-26,E81057,SAFFRON HEALTH PARTNERSHIP,Y61,EAST OF ENGLAND COMMISSIONING REGION,S1Y5D,NHS CENTRAL EAST INTEGRATED CARE BOARD
2025-26,E81060,LINDEN ROAD SURGERY,Y61,EAST OF ENGLAND COMMISSIONING REGION,S1Y5D,NHS CENTRAL EAST INTEGRATED CARE BOARD
2025-26,E81063,CONWAY MEDICAL CENTRE,Y61,EAST OF ENGLAND COMMISSIONING REGION,S1Y5D,NHS CENTRAL EAST INTEGRATED CARE BOARD
2025-26,E81069,CADDINGTON SURGERY,Y61,EAST OF ENGLAND COMMISSIONING REGION,S1Y5D,NHS CENTRAL EAST INTEGRATED CARE BOARD
2025-26,E81612,DRS MIRZA SUKHANI & PARTNERS,Y61,EAST OF ENGLAND COMMISSIONING REGION,S1Y5D,NHS CENTRAL EAST INTEGRATED CARE BOARD
2025-26,E81617,DR PS BATH'S PRACTICE,Y61,EAST OF ENGLAND COMMISSIONING REGION,S1Y5D,NHS CENTRAL EAST INTEGRATED CARE BOARD
2025-26,E81632,BARTON HILLS MEDICAL GROUP,Y61,EAST OF ENGLAND COMMISSIONING REGION,S1Y5D,NHS CENTRAL EAST INTEGRATED CARE BOARD
2025-26,E82001,ROTHSCHILD HOUSE GROUP,Y61,EAST OF ENGLAND COMMISSIONING REGION,S1Y5D,NHS CENTRAL EAST INTEGRATED CARE BOARD
2025-26,E82002,WRAFTON HOUSE SURGERY,Y61,EAST OF ENGLAND COMMISSIONING REGION,S1Y5D,NHS CENTRAL EAST INTEGRATED CARE BOARD
2025-26,E82005,STANMORE MEDICAL GROUP,Y61,EAST OF ENGLAND COMMISSIONING REGION,S1Y5D,NHS CENTRAL EAST INTEGRATED CARE BOARD
2025-26,E82015,SUTHERGREY HOUSE MEDICAL CENTRE,Y61,EAST OF ENGLAND COMMISSIONING REGION,S1Y5D,NHS CENTRAL EAST INTEGRATED CARE BOARD
2025-26,E82022,FERNVILLE SURGERY,Y61,EAST OF ENGLAND COMMISSIONING REGION,S1Y5D,NHS CENTRAL EAST INTEGRATED CARE BOARD
2025-26,E82027,PARKFIELD MEDICAL CENTRE,Y61,EAST OF ENGLAND COMMISSIONING REGION,S1Y5D,NHS CENTRAL EAST INTEGRATED CARE BOARD
2025-26,E82032,BENNETTS END SURGERY,Y61,EAST OF ENGLAND COMMISSIONING REGION,S1Y5D,NHS CENTRAL EAST INTEGRATED CARE BOARD
2025-26,E82041,THE GARDEN CITY PRACTICE,Y61,EAST OF ENGLAND COMMISSIONING REGION,S1Y5D,NHS CENTRAL EAST INTEGRATED CARE BOARD
2025-26,F84666,THE RUIZ MEDICAL PRACTICE,Y56,LONDON COMMISSIONING REGION,QMF,NHS NORTH EAST LONDON INTEGRATED CARE BOARD
2025-26,F84686,THE SURGERY (CRANWICH ROAD),Y56,LONDON COMMISSIONING REGION,QMF,NHS NORTH EAST LONDON INTEGRATED CARE BOARD
2025-26,F84692,THE HOXTON SURGERY,Y56,LONDON COMMISSIONING REGION,QMF,NHS NORTH EAST LONDON INTEGRATED CARE BOARD
2025-26,F84710,ISLAND HEALTH,Y56,LONDON COMMISSIONING REGION,QMF,NHS NORTH EAST LONDON INTEGRATED CARE BOARD
2025-26,F84717,ROYAL DOCKS MEDICAL PRACTICE,Y56,LONDON COMMISSIONING REGION,QMF,NHS NORTH EAST LONDON INTEGRATED CARE BOARD
2025-26,F84719,LATIMER HEALTH CENTRE,Y56,LONDON COMMISSIONING REGION,QMF,NHS NORTH EAST LONDON INTEGRATED CARE BOARD
2025-26,F84729,THE MANOR PARK PRACTICE,Y56,LONDON COMMISSIONING REGION,QMF,NHS NORTH EAST LONDON INTEGRATED CARE BOARD
2025-26,F84739,E12 MEDICAL CENTRE,Y56,LONDON COMMISSIONING REGION,QMF,NHS NORTH EAST LONDON INTEGRATED CARE BOARD
2025-26,F84741,PLASHET HARMONY PRACTICE,Y56,LONDON COMMISSIONING REGION,QMF,NHS NORTH EAST LONDON INTEGRATED CARE BOARD
2025-26,F85013,TYNEMOUTH MEDICAL PRACTICE,Y56,LONDON COMMISSIONING REGION,Z9B2Z,NHS WEST AND NORTH LONDON INTEGRATED CARE BOARD
2025-26,F85017,CHARLTON HOUSE MEDICAL CENTRE,Y56,LONDON COMMISSIONING REGION,Z9B2Z,NHS WEST AND NORTH LONDON INTEGRATED CARE BOARD
2025-26,F85019,MORRIS HOUSE GROUP PRACTICE,Y56,LONDON COMMISSIONING REGION,Z9B2Z,NHS WEST AND NORTH LONDON INTEGRATED CARE BOARD
2025-26,F85025,WHITE LODGE MEDICAL PRACTICE,Y56,LONDON COMMISSIONING REGION,Z9B2Z,NHS WEST AND NORTH LONDON INTEGRATED CARE BOARD
2025-26,F85033,WINCHMORE HILL PRACTICE,Y56,LONDON COMMISSIONING REGION,Z9B2Z,NHS WEST AND NORTH LONDON INTEGRATED CARE BOARD
2025-26,F85071,FERNLEA SURGERY,Y56,LONDON COMMISSIONING REGION,Z9B2Z,NHS WEST AND NORTH LONDON INTEGRATED CARE BOARD
2025-26,F85628,"WELBOURNE GP SURGERY, WELBOURNE H C",Y56,LONDON COMMISSIONING REGION,Z9B2Z,NHS WEST AND NORTH LONDON INTEGRATED CARE BOARD
2025-26,E82043,SCHOPWICK SURGERY,Y61,EAST OF ENGLAND COMMISSIONING REGION,S1Y5D,NHS CENTRAL EAST INTEGRATED CARE BOARD
2025-26,E82053,BANCROFT MEDICAL CENTRE,Y61,EAST OF ENGLAND COMMISSIONING REGION,S1Y5D,NHS CENTRAL EAST INTEGRATED CARE BOARD
2025-26,E82055,MIDWAY SURGERY,Y61,EAST OF ENGLAND COMMISSIONING REGION,S1Y5D,NHS CENTRAL EAST INTEGRATED CARE BOARD
2025-26,E82061,AMWELL SURGERY,Y61,EAST OF ENGLAND COMMISSIONING REGION,S1Y5D,NHS CENTRAL EAST INTEGRATED CARE BOARD
2025-26,E82073,MANOR VIEW PRACTICE,Y61,EAST OF ENGLAND COMMISSIONING REGION,S1Y5D,NHS CENTRAL EAST INTEGRATED CARE BOARD
2025-26,E82074,SOUTH STREET SURGERY,Y61,EAST OF ENGLAND COMMISSIONING REGION,S1Y5D,NHS CENTRAL EAST INTEGRATED CARE BOARD
2025-26,E82084,HARVEY GROUP PRACTICE,Y61,EAST OF ENGLAND COMMISSIONING REGION,S1Y5D,NHS CENTRAL EAST INTEGRATED CARE BOARD
2025-26,E82090,PARK LANE SURGERY,Y61,EAST OF ENGLAND COMMISSIONING REGION,S1Y5D,NHS CENTRAL EAST INTEGRATED CARE BOARD
2025-26,E82092,DOLPHIN HOUSE SURGERY,Y61,EAST OF ENGLAND COMMISSIONING REGION,S1Y5D,NHS CENTRAL EAST INTEGRATED CARE BOARD
2025-26,E82093,BEDWELL MEDICAL CENTRE,Y61,EAST OF ENGLAND COMMISSIONING REGION,S1Y5D,NHS CENTRAL EAST INTEGRATED CARE BOARD
2025-26,E82094,THE MANOR STREET SURGERY,Y61,EAST OF ENGLAND COMMISSIONING REGION,S1Y5D,NHS CENTRAL EAST INTEGRATED CARE BOARD
2025-26,E82096,SHEEPCOT MEDICAL CENTRE,Y61,EAST OF ENGLAND COMMISSIONING REGION,S1Y5D,NHS CENTRAL EAST INTEGRATED CARE BOARD
2025-26,E82117,THE GROVE MEDICAL CENTRE,Y61,EAST OF ENGLAND COMMISSIONING REGION,S1Y5D,NHS CENTRAL EAST INTEGRATED CARE BOARD
2025-26,E82626,WHITWELL SURGERY,Y61,EAST OF ENGLAND COMMISSIONING REGION,S1Y5D,NHS CENTRAL EAST INTEGRATED CARE BOARD
2025-26,E82652,GOSSOMS END SURGERY,Y61,EAST OF ENGLAND COMMISSIONING REGION,S1Y5D,NHS CENTRAL EAST INTEGRATED CARE BOARD
2025-26,E82654,HELIX MEDICAL CENTRE,Y61,EAST OF ENGLAND COMMISSIONING REGION,S1Y5D,NHS CENTRAL EAST INTEGRATED CARE BOARD
2025-26,C84704,JRB HEALTHCARE BEECHDALE SURGERY,Y60,MIDLANDS COMMISSIONING REGION,QT1,NHS NOTTINGHAM AND NOTTINGHAMSHIRE INTEGRATED CARE BOARD
2025-26,C84705,HICKINGS LANE MEDICAL CTR,Y60,MIDLANDS COMMISSIONING REGION,QT1,NHS NOTTINGHAM AND NOTTINGHAMSHIRE INTEGRATED CARE BOARD
2025-26,C85004,PENISTONE GROUP PMS PRACTICE,Y63,NORTH EAST AND YORKSHIRE COMMISSIONING REGION,QF7,NHS SOUTH YORKSHIRE INTEGRATED CARE BOARD
2025-26,C85006,WOODLAND DRIVE MEDICAL CENTRE,Y63,NORTH EAST AND YORKSHIRE COMMISSIONING REGION,QF7,NHS SOUTH YORKSHIRE INTEGRATED CARE BOARD
2025-26,C85017,BURLEIGH MEDICAL CENTRE,Y63,NORTH EAST AND YORKSHIRE COMMISSIONING REGION,QF7,NHS SOUTH YORKSHIRE INTEGRATED CARE BOARD
2025-26,C85020,HUDDERSFIELD ROAD SURGERY,Y63,NORTH EAST AND YORKSHIRE COMMISSIONING REGION,QF7,NHS SOUTH YORKSHIRE INTEGRATED CARE BOARD
2025-26,C85619,ST GEORGE'S MEDICAL CENTRE PMS PRACTICE,Y63,NORTH EAST AND YORKSHIRE COMMISSIONING REGION,QF7,NHS SOUTH YORKSHIRE INTEGRATED CARE BOARD
2025-26,C86001,GREAT NORTH MEDICAL GROUP,Y63,NORTH EAST AND YORKSHIRE COMMISSIONING REGION,QF7,NHS SOUTH YORKSHIRE INTEGRATED CARE BOARD
2025-26,C86002,THE RANSOME PRACTICE,Y63,NORTH EAST AND YORKSHIRE COMMISSIONING REGION,QF7,NHS SOUTH YORKSHIRE INTEGRATED CARE BOARD
2025-26,C86011,MOUNT GROUP PRACTICE,Y63,NORTH EAST AND YORKSHIRE COMMISSIONING REGION,QF7,NHS SOUTH YORKSHIRE INTEGRATED CARE BOARD
2025-26,C86019,THE SCOTT PRACTICE,Y63,NORTH EAST AND YORKSHIRE COMMISSIONING REGION,QF7,NHS SOUTH YORKSHIRE INTEGRATED CARE BOARD
2025-26,C86023,DON VALLEY HEALTHCARE,Y63,NORTH EAST AND YORKSHIRE COMMISSIONING REGION,QF7,NHS SOUTH YORKSHIRE INTEGRATED CARE BOARD
2025-26,C86034,THE NEW SURGERY,Y63,NORTH EAST AND YORKSHIRE COMMISSIONING REGION,QF7,NHS SOUTH YORKSHIRE INTEGRATED CARE BOARD
2025-26,C86605,ASKERN MEDICAL PRACTICE,Y63,NORTH EAST AND YORKSHIRE COMMISSIONING REGION,QF7,NHS SOUTH YORKSHIRE INTEGRATED CARE BOARD
2025-26,C86609,ASA MEDICAL GROUP,Y63,NORTH EAST AND YORKSHIRE COMMISSIONING REGION,QF7,NHS SOUTH YORKSHIRE INTEGRATED CARE BOARD
2025-26,F85663,LATYMER ROAD SURGERY,Y56,LONDON COMMISSIONING REGION,Z9B2Z,NHS WEST AND NORTH LONDON INTEGRATED CARE BOARD
2025-26,F85669,WEST GREEN SURGERY,Y56,LONDON COMMISSIONING REGION,Z9B2Z,NHS WEST AND NORTH LONDON INTEGRATED CARE BOARD
2025-26,F85682,CHALFONT SURGERY,Y56,LONDON COMMISSIONING REGION,Z9B2Z,NHS WEST AND NORTH LONDON INTEGRATED CARE BOARD
2025-26,F85700,ARNOS GROVE MEDICAL CENTR,Y56,LONDON COMMISSIONING REGION,Z9B2Z,NHS WEST AND NORTH LONDON INTEGRATED CARE BOARD
2025-26,F85705,JS MEDICAL PRACTICE,Y56,LONDON COMMISSIONING REGION,Z9B2Z,NHS WEST AND NORTH LONDON INTEGRATED CARE BOARD
2025-26,F86004,HANDSWORTH MEDICAL PRACTICE,Y56,LONDON COMMISSIONING REGION,QMF,NHS NORTH EAST LONDON INTEGRATED CARE BOARD
2025-26,F86005,THE PENRHYN SURGERY,Y56,LONDON COMMISSIONING REGION,QMF,NHS NORTH EAST LONDON INTEGRATED CARE BOARD
2025-26,F86006,SEYMOUR MEDICAL CENTRE,Y56,LONDON COMMISSIONING REGION,QMF,NHS NORTH EAST LONDON INTEGRATED CARE BOARD
2025-26,F86008,GANTS HILL MED CTR & THE REDBRIDGE SURG,Y56,LONDON COMMISSIONING REGION,QMF,NHS NORTH EAST LONDON INTEGRATED CARE BOARD
2025-26,F86011,THE MANOR PRACTICE,Y56,LONDON COMMISSIONING REGION,QMF,NHS NORTH EAST LONDON INTEGRATED CARE BOARD
2025-26,F86025,OAK TREE MEDICAL CENTRE,Y56,LONDON COMMISSIONING REGION,QMF,NHS NORTH EAST LONDON INTEGRATED CARE BOARD
2025-26,F86028,CHADWELL HEATH SURGERY,Y56,LONDON COMMISSIONING REGION,QMF,NHS NORTH EAST LONDON INTEGRATED CARE BOARD
2025-26,F86032,WANSTEAD PLACE SURGERY,Y56,LONDON COMMISSIONING REGION,QMF,NHS NORTH EAST LONDON INTEGRATED CARE BOARD
2025-26,F86036,THE ALLUM MEDICAL CENTRE,Y56,LONDON COMMISSIONING REGION,QMF,NHS NORTH EAST LONDON INTEGRATED CARE BOARD
2025-26,F86040,DR A ARIF,Y56,LONDON COMMISSIONING REGION,QMF,NHS NORTH EAST LONDON INTEGRATED CARE BOARD
2025-26,F86081,KENWOOD MEDICAL,Y56,LONDON COMMISSIONING REGION,QMF,NHS NORTH EAST LONDON INTEGRATED CARE BOARD
2025-26,F86082,ILFORD LANE SURGERY,Y56,LONDON COMMISSIONING REGION,QMF,NHS NORTH EAST LONDON INTEGRATED CARE BOARD
2025-26,F86087,GOODMAYES MEDICAL CENTRE,Y56,LONDON COMMISSIONING REGION,QMF,NHS NORTH EAST LONDON INTEGRATED CARE BOARD
2025-26,F86607,ADDISON ROAD MEDICAL PRACTICE,Y56,LONDON COMMISSIONING REGION,QMF,NHS NORTH EAST LONDON INTEGRATED CARE BOARD
2025-26,F86657,YORK ROAD SURGERY,Y56,LONDON COMMISSIONING REGION,QMF,NHS NORTH EAST LONDON INTEGRATED CARE BOARD
2025-26,F86698,CRANBROOK SURGERY,Y56,LONDON COMMISSIONING REGION,QMF,NHS NORTH EAST LONDON INTEGRATED CARE BOARD
2025-26,F86712,HAMPTON MEDICAL CENTRE,Y56,LONDON COMMISSIONING REGION,QMF,NHS NORTH EAST LONDON INTEGRATED CARE BOARD
2025-26,G81001,HOVE MEDICAL CENTRE,Y59,SOUTH EAST COMMISSIONING REGION,S9B9J,NHS SURREY AND SUSSEX INTEGRATED CARE BOARD
2025-26,G81014,CARDEN SURGERY,Y59,SOUTH EAST COMMISSIONING REGION,S9B9J,NHS SURREY AND SUSSEX INTEGRATED CARE BOARD
2025-26,G81019,BEACON SURGERY,Y59,SOUTH EAST COMMISSIONING REGION,S9B9J,NHS SURREY AND SUSSEX INTEGRATED CARE BOARD
2025-26,G81023,MARTINS OAK SURGERY,Y59,SOUTH EAST COMMISSIONING REGION,S9B9J,NHS SURREY AND SUSSEX INTEGRATED CARE BOARD
2025-26,G81028,PARK CRESCENT HEALTH CENTRE,Y59,SOUTH EAST COMMISSIONING REGION,S9B9J,NHS SURREY AND SUSSEX INTEGRATED CARE BOARD
2025-26,G81037,THE MEADS SURGERY,Y59,SOUTH EAST COMMISSIONING REGION,S9B9J,NHS SURREY AND SUSSEX INTEGRATED CARE BOARD
2025-26,G81038,STANFORD MEDICAL CENTRE,Y59,SOUTH EAST COMMISSIONING REGION,S9B9J,NHS SURREY AND SUSSEX INTEGRATED CARE BOARD
2025-26,G81041,SIDLEY MEDICAL PRACTICE,Y59,SOUTH EAST COMMISSIONING REGION,S9B9J,NHS SURREY AND SUSSEX INTEGRATED CARE BOARD
2025-26,G81042,BEACONSFIELD MEDICAL PRACTICE,Y59,SOUTH EAST COMMISSIONING REGION,S9B9J,NHS SURREY AND SUSSEX INTEGRATED CARE BOARD
2025-26,G81044,MONTPELIER SURGERY,Y59,SOUTH EAST COMMISSIONING REGION,S9B9J,NHS SURREY AND SUSSEX INTEGRATED CARE BOARD
2025-26,C86625,CONISBROUGH MEDICAL PRACTICE,Y63,NORTH EAST AND YORKSHIRE COMMISSIONING REGION,QF7,NHS SOUTH YORKSHIRE INTEGRATED CARE BOARD
2025-26,C87002,DINNINGTON GROUP PRACTICE,Y63,NORTH EAST AND YORKSHIRE COMMISSIONING REGION,QF7,NHS SOUTH YORKSHIRE INTEGRATED CARE BOARD
2025-26,C87004,KIVETON PARK MEDICAL PRACTICE,Y63,NORTH EAST AND YORKSHIRE COMMISSIONING REGION,QF7,NHS SOUTH YORKSHIRE INTEGRATED CARE BOARD
2025-26,C87006,THE MAGNA GROUP PRACTICE,Y63,NORTH EAST AND YORKSHIRE COMMISSIONING REGION,QF7,NHS SOUTH YORKSHIRE INTEGRATED CARE BOARD
2025-26,C87007,STAG MEDICAL CENTRE,Y63,NORTH EAST AND YORKSHIRE COMMISSIONING REGION,QF7,NHS SOUTH YORKSHIRE INTEGRATED CARE BOARD
2025-26,C87010,YORK ROAD SURGERY,Y63,NORTH EAST AND YORKSHIRE COMMISSIONING REGION,QF7,NHS SOUTH YORKSHIRE INTEGRATED CARE BOARD
2025-26,C87016,MORTHEN ROAD SURGERY,Y63,NORTH EAST AND YORKSHIRE COMMISSIONING REGION,QF7,NHS SOUTH YORKSHIRE INTEGRATED CARE BOARD
2025-26,C87017,CLIFTON MEDICAL CENTRE,Y63,NORTH EAST AND YORKSHIRE COMMISSIONING REGION,QF7,NHS SOUTH YORKSHIRE INTEGRATED CARE BOARD
2025-26,C87018,HIGH STREET SURGERY,Y63,NORTH EAST AND YORKSHIRE COMMISSIONING REGION,QF7,NHS SOUTH YORKSHIRE INTEGRATED CARE BOARD
2025-26,C87020,GREENSIDE SURGERY,Y63,NORTH EAST AND YORKSHIRE COMMISSIONING REGION,QF7,NHS SOUTH YORKSHIRE INTEGRATED CARE BOARD
2025-26,C87022,VILLAGE SURGERY,Y63,NORTH EAST AND YORKSHIRE COMMISSIONING REGION,QF7,NHS SOUTH YORKSHIRE INTEGRATED CARE BOARD
2025-26,C87024,RAWMARSH HEALTH CENTRE,Y63,NORTH EAST AND YORKSHIRE COMMISSIONING REGION,QF7,NHS SOUTH YORKSHIRE INTEGRATED CARE BOARD
2025-26,C87029,MARKET SURGERY,Y63,NORTH EAST AND YORKSHIRE COMMISSIONING REGION,QF7,NHS SOUTH YORKSHIRE INTEGRATED CARE BOARD
2025-26,C87604,THORPE HESLEY SURGERY,Y63,NORTH EAST AND YORKSHIRE COMMISSIONING REGION,QF7,NHS SOUTH YORKSHIRE INTEGRATED CARE BOARD
2025-26,C87616,BLYTH ROAD MEDICAL CENTRE,Y63,NORTH EAST AND YORKSHIRE COMMISSIONING REGION,QF7,NHS SOUTH YORKSHIRE INTEGRATED CARE BOARD
2025-26,C88006,NORFOLK PARK HEALTH CENTRE,Y63,NORTH EAST AND YORKSHIRE COMMISSIONING REGION,QF7,NHS SOUTH YORKSHIRE INTEGRATED CARE BOARD
2025-26,C88028,BROOMHILL SURGERY,Y63,NORTH EAST AND YORKSHIRE COMMISSIONING REGION,QF7,NHS SOUTH YORKSHIRE INTEGRATED CARE BOARD
2025-26,C88034,NETHERGREEN SURGERY,Y63,NORTH EAST AND YORKSHIRE COMMISSIONING REGION,QF7,NHS SOUTH YORKSHIRE INTEGRATED CARE BOARD
2025-26,C88040,OUGHTIBRIDGE SURGERY,Y63,NORTH EAST AND YORKSHIRE COMMISSIONING REGION,QF7,NHS SOUTH YORKSHIRE INTEGRATED CARE BOARD
2025-26,C88043,TRAMWAYS AND MIDDLEWOOD MEDICAL CENTRES,Y63,NORTH EAST AND YORKSHIRE COMMISSIONING REGION,QF7,NHS SOUTH YORKSHIRE INTEGRATED CARE BOARD
2025-26,C88045,DYKES HALL MEDICAL CENTRE,Y63,NORTH EAST AND YORKSHIRE COMMISSIONING REGION,QF7,NHS SOUTH YORKSHIRE INTEGRATED CARE BOARD
2025-26,C88046,BEAUCHIEF MEDICAL PRACTICE,Y63,NORTH EAST AND YORKSHIRE COMMISSIONING REGION,QF7,NHS SOUTH YORKSHIRE INTEGRATED CARE BOARD
2025-26,C88052,HOLLIES MEDICAL CENTRE,Y63,NORTH EAST AND YORKSHIRE COMMISSIONING REGION,QF7,NHS SOUTH YORKSHIRE INTEGRATED CARE BOARD
2025-26,C88070,SHIREGREEN MEDICAL CENTRE,Y63,NORTH EAST AND YORKSHIRE COMMISSIONING REGION,QF7,NHS SOUTH YORKSHIRE INTEGRATED CARE BOARD
2025-26,C88076,DEVONSHIRE GREEN MEDICAL CENTRE,Y63,NORTH EAST AND YORKSHIRE COMMISSIONING REGION,QF7,NHS SOUTH YORKSHIRE INTEGRATED CARE BOARD
2025-26,C88078,MOSBOROUGH HEALTH CENTRE,Y63,NORTH EAST AND YORKSHIRE COMMISSIONING REGION,QF7,NHS SOUTH YORKSHIRE INTEGRATED CARE BOARD
2025-26,C88079,CROOKES PRACTICE,Y63,NORTH EAST AND YORKSHIRE COMMISSIONING REGION,QF7,NHS SOUTH YORKSHIRE INTEGRATED CARE BOARD
2025-26,C88090,MANOR AND PARK GROUP PRACTICE,Y63,NORTH EAST AND YORKSHIRE COMMISSIONING REGION,QF7,NHS SOUTH YORKSHIRE INTEGRATED CARE BOARD
2025-26,D81001,LENSFIELD MEDICAL PRACTICE,Y61,EAST OF ENGLAND COMMISSIONING REGION,S1Y5D,NHS CENTRAL EAST INTEGRATED CARE BOARD
2025-26,D81002,HUNTINGDON ROAD SURGERY,Y61,EAST OF ENGLAND COMMISSIONING REGION,S1Y5D,NHS CENTRAL EAST INTEGRATED CARE BOARD
2025-26,G81049,MANOR PARK MEDICAL CENTRE,Y59,SOUTH EAST COMMISSIONING REGION,S9B9J,NHS SURREY AND SUSSEX INTEGRATED CARE BOARD
2025-26,G81052,FAIRFIELD SURGERY,Y59,SOUTH EAST COMMISSIONING REGION,S9B9J,NHS SURREY AND SUSSEX INTEGRATED CARE BOARD
2025-26,G81055,SAXONBURY HOUSE SURGERY,Y59,SOUTH EAST COMMISSIONING REGION,S9B9J,NHS SURREY AND SUSSEX INTEGRATED CARE BOARD
2025-26,G81059,HAILSHAM MEDICAL GROUP,Y59,SOUTH EAST COMMISSIONING REGION,S9B9J,NHS SURREY AND SUSSEX INTEGRATED CARE BOARD
2025-26,G81061,CHAPEL STREET SURGERY,Y59,SOUTH EAST COMMISSIONING REGION,S9B9J,NHS SURREY AND SUSSEX INTEGRATED CARE BOARD
2025-26,G81077,COLLINGTON SURGERY,Y59,SOUTH EAST COMMISSIONING REGION,S9B9J,NHS SURREY AND SUSSEX INTEGRATED CARE BOARD
2025-26,G81083,WISH PARK SURGERY,Y59,SOUTH EAST COMMISSIONING REGION,S9B9J,NHS SURREY AND SUSSEX INTEGRATED CARE BOARD
2025-26,G81096,SEDLESCOMBE HOUSE,Y59,SOUTH EAST COMMISSIONING REGION,S9B9J,NHS SURREY AND SUSSEX INTEGRATED CARE BOARD
2025-26,G81098,QUINTINS MEDICAL CENTRE,Y59,SOUTH EAST COMMISSIONING REGION,S9B9J,NHS SURREY AND SUSSEX INTEGRATED CARE BOARD
2025-26,G81641,PRIORY ROAD SURGERY,Y59,SOUTH EAST COMMISSIONING REGION,S9B9J,NHS SURREY AND SUSSEX INTEGRATED CARE BOARD
2025-26,G81689,ARCH HEALTHCARE,Y59,SOUTH EAST COMMISSIONING REGION,S9B9J,NHS SURREY AND SUSSEX INTEGRATED CARE BOARD
2025-26,G82002,ST JAMES' SURGERY,Y59,SOUTH EAST COMMISSIONING REGION,QKS,NHS KENT AND MEDWAY INTEGRATED CARE BOARD
2025-26,G82007,CHURCH LANE HEALTH CENTRE,Y59,SOUTH EAST COMMISSIONING REGION,QKS,NHS KENT AND MEDWAY INTEGRATED CARE BOARD
2025-26,G82015,PENCESTER SURGERY,Y59,SOUTH EAST COMMISSIONING REGION,QKS,NHS KENT AND MEDWAY INTEGRATED CARE BOARD
2025-26,G82016,KINGSWOOD SURGERY,Y59,SOUTH EAST COMMISSIONING REGION,QKS,NHS KENT AND MEDWAY INTEGRATED CARE BOARD
2025-26,G82021,THE SHRUBBERY SURGERY,Y59,SOUTH EAST COMMISSIONING REGION,QKS,NHS KENT AND MEDWAY INTEGRATED CARE BOARD
2025-26,G82023,SHEERNESS HEALTH CENTRE,Y59,SOUTH EAST COMMISSIONING REGION,QKS,NHS KENT AND MEDWAY INTEGRATED CARE BOARD
2025-26,G82025,THE WELLS MEDICAL PRACTICE,Y59,SOUTH EAST COMMISSIONING REGION,QKS,NHS KENT AND MEDWAY INTEGRATED CARE BOARD
2025-26,G82032,PELHAM MEDICAL PRACTICE,Y59,SOUTH EAST COMMISSIONING REGION,QKS,NHS KENT AND MEDWAY INTEGRATED CARE BOARD
2025-26,G82038,ST RICHARDS ROAD SURGERY,Y59,SOUTH EAST COMMISSIONING REGION,QKS,NHS KENT AND MEDWAY INTEGRATED CARE BOARD
2025-26,G82039,NEWTON PLACE SURGERY,Y59,SOUTH EAST COMMISSIONING REGION,QKS,NHS KENT AND MEDWAY INTEGRATED CARE BOARD
2025-26,G82041,GROSVENOR & ST JAMES MEDICAL CENTRE,Y59,SOUTH EAST COMMISSIONING REGION,QKS,NHS KENT AND MEDWAY INTEGRATED CARE BOARD
2025-26,G82042,TONBRIDGE MEDICAL GROUP,Y59,SOUTH EAST COMMISSIONING REGION,QKS,NHS KENT AND MEDWAY INTEGRATED CARE BOARD
2025-26,G82053,WOODCHURCH SURGERY,Y59,SOUTH EAST COMMISSIONING REGION,QKS,NHS KENT AND MEDWAY INTEGRATED CARE BOARD
2025-26,G82058,AYLESFORD MEDICAL CENTRE,Y59,SOUTH EAST COMMISSIONING REGION,QKS,NHS KENT AND MEDWAY INTEGRATED CARE BOARD
2025-26,G82059,WARDERS MEDICAL CENTRE,Y59,SOUTH EAST COMMISSIONING REGION,QKS,NHS KENT AND MEDWAY INTEGRATED CARE BOARD
2025-26,G82062,PARROCK STREET SURGERY,Y59,SOUTH EAST COMMISSIONING REGION,QKS,NHS KENT AND MEDWAY INTEGRATED CARE BOARD
2025-26,G82069,WHITE HOUSE SURGERY,Y59,SOUTH EAST COMMISSIONING REGION,QKS,NHS KENT AND MEDWAY INTEGRATED CARE BOARD
2025-26,G82074,BEARSTED,Y59,SOUTH EAST COMMISSIONING REGION,QKS,NHS KENT AND MEDWAY INTEGRATED CARE BOARD
2025-26,G82076,MOTE,Y59,SOUTH EAST COMMISSIONING REGION,QKS,NHS KENT AND MEDWAY INTEGRATED CARE BOARD
2025-26,G82080,ASHFORD MEDICAL PARTNERSHIP,Y59,SOUTH EAST COMMISSIONING REGION,QKS,NHS KENT AND MEDWAY INTEGRATED CARE BOARD
2025-26,G82086,THE NEW SURGERY,Y59,SOUTH EAST COMMISSIONING REGION,QKS,NHS KENT AND MEDWAY INTEGRATED CARE BOARD
2025-26,G82090,THE HERON MEDICAL PRACTICE,Y59,SOUTH EAST COMMISSIONING REGION,QKS,NHS KENT AND MEDWAY INTEGRATED CARE BOARD
2025-26,E82655,SOUTH OXHEY SURGERY,Y61,EAST OF ENGLAND COMMISSIONING REGION,S1Y5D,NHS CENTRAL EAST INTEGRATED CARE BOARD
2025-26,E82661,THE GARDEN CITY SURGERY,Y61,EAST OF ENGLAND COMMISSIONING REGION,S1Y5D,NHS CENTRAL EAST INTEGRATED CARE BOARD
2025-26,E83009,PHGH DOCTORS,Y56,LONDON COMMISSIONING REGION,Z9B2Z,NHS WEST AND NORTH LONDON INTEGRATED CARE BOARD
2025-26,E83010,THE SPEEDWELL PRACTICE,Y56,LONDON COMMISSIONING REGION,Z9B2Z,NHS WEST AND NORTH LONDON INTEGRATED CARE BOARD
2025-26,E83012,THE OLD COURT HOUSE SURGERY,Y56,LONDON COMMISSIONING REGION,Z9B2Z,NHS WEST AND NORTH LONDON INTEGRATED CARE BOARD
2025-26,E83028,PARKVIEW SURGERY,Y56,LONDON COMMISSIONING REGION,Z9B2Z,NHS WEST AND NORTH LONDON INTEGRATED CARE BOARD
2025-26,E83030,PENSHURST GARDENS SURGERY,Y56,LONDON COMMISSIONING REGION,Z9B2Z,NHS WEST AND NORTH LONDON INTEGRATED CARE BOARD
2025-26,E83039,RAVENSCROFT MEDICAL CENTRE,Y56,LONDON COMMISSIONING REGION,Z9B2Z,NHS WEST AND NORTH LONDON INTEGRATED CARE BOARD
2025-26,E83045,FRIERN BARNET MEDICAL CENTRE,Y56,LONDON COMMISSIONING REGION,Z9B2Z,NHS WEST AND NORTH LONDON INTEGRATED CARE BOARD
2025-26,E83600,DRS ADLER AND ROSENBERG,Y56,LONDON COMMISSIONING REGION,Z9B2Z,NHS WEST AND NORTH LONDON INTEGRATED CARE BOARD
2025-26,E83638,THE MOUNTFIELD SURGERY,Y56,LONDON COMMISSIONING REGION,Z9B2Z,NHS WEST AND NORTH LONDON INTEGRATED CARE BOARD
2025-26,E83649,THE HODFORD ROAD PRACTICE,Y56,LONDON COMMISSIONING REGION,Z9B2Z,NHS WEST AND NORTH LONDON INTEGRATED CARE BOARD
2025-26,E83668,DR SP TALPAHEWA,Y56,LONDON COMMISSIONING REGION,Z9B2Z,NHS WEST AND NORTH LONDON INTEGRATED CARE BOARD
2025-26,E84002,FORTY WILLOWS SURGERY,Y56,LONDON COMMISSIONING REGION,Z9B2Z,NHS WEST AND NORTH LONDON INTEGRATED CARE BOARD
2025-26,E84006,THE LAW MEDICAL GROUP PRACTICE,Y56,LONDON COMMISSIONING REGION,Z9B2Z,NHS WEST AND NORTH LONDON INTEGRATED CARE BOARD
2025-26,E84011,ST ANDREWS MEDICAL CENTRE,Y56,LONDON COMMISSIONING REGION,Z9B2Z,NHS WEST AND NORTH LONDON INTEGRATED CARE BOARD
2025-26,G82092,WESTERHAM PRACTICE,Y59,SOUTH EAST COMMISSIONING REGION,QKS,NHS KENT AND MEDWAY INTEGRATED CARE BOARD
2025-26,G82093,LEN VALLEY PRACTICE,Y59,SOUTH EAST COMMISSIONING REGION,QKS,NHS KENT AND MEDWAY INTEGRATED CARE BOARD
2025-26,G82097,JUBILEE MEDICAL CENTRE,Y59,SOUTH EAST COMMISSIONING REGION,QKS,NHS KENT AND MEDWAY INTEGRATED CARE BOARD
2025-26,G82099,THE COLLEGE PRACTICE,Y59,SOUTH EAST COMMISSIONING REGION,QKS,NHS KENT AND MEDWAY INTEGRATED CARE BOARD
2025-26,G82106,RIVERSIDE MEDICAL PRACTICE,Y59,SOUTH EAST COMMISSIONING REGION,QKS,NHS KENT AND MEDWAY INTEGRATED CARE BOARD
2025-26,G82114,IVY COURT SURGERY,Y59,SOUTH EAST COMMISSIONING REGION,QKS,NHS KENT AND MEDWAY INTEGRATED CARE BOARD
2025-26,G82115,NEW DOVER ROAD SURGERY,Y59,SOUTH EAST COMMISSIONING REGION,QKS,NHS KENT AND MEDWAY INTEGRATED CARE BOARD
2025-26,G82118,WOODLANDS HEALTH CENTRE,Y59,SOUTH EAST COMMISSIONING REGION,QKS,NHS KENT AND MEDWAY INTEGRATED CARE BOARD
2025-26,G82126,EAST CLIFF MEDICAL PRACTICE,Y59,SOUTH EAST COMMISSIONING REGION,QKS,NHS KENT AND MEDWAY INTEGRATED CARE BOARD
2025-26,G82142,WYE SURGERY,Y59,SOUTH EAST COMMISSIONING REGION,QKS,NHS KENT AND MEDWAY INTEGRATED CARE BOARD
2025-26,G82143,LOWFIELD MEDICAL CENTRE,Y59,SOUTH EAST COMMISSIONING REGION,QKS,NHS KENT AND MEDWAY INTEGRATED CARE BOARD
2025-26,G82147,OAK HALL,Y59,SOUTH EAST COMMISSIONING REGION,QKS,NHS KENT AND MEDWAY INTEGRATED CARE BOARD
2025-26,G82150,NEWINGTON ROAD SURGERY,Y59,SOUTH EAST COMMISSIONING REGION,QKS,NHS KENT AND MEDWAY INTEGRATED CARE BOARD
2025-26,G82158,HOWELL SURGERY,Y59,SOUTH EAST COMMISSIONING REGION,QKS,NHS KENT AND MEDWAY INTEGRATED CARE BOARD
2025-26,G82161,REACH HEALTHCARE,Y59,SOUTH EAST COMMISSIONING REGION,QKS,NHS KENT AND MEDWAY INTEGRATED CARE BOARD
2025-26,G82164,THE VINE MEDICAL CENTRE,Y59,SOUTH EAST COMMISSIONING REGION,QKS,NHS KENT AND MEDWAY INTEGRATED CARE BOARD
2025-26,G82170,LAMBERHURST,Y59,SOUTH EAST COMMISSIONING REGION,QKS,NHS KENT AND MEDWAY INTEGRATED CARE BOARD
2025-26,D81005,NEWNHAM WALK SURGERY,Y61,EAST OF ENGLAND COMMISSIONING REGION,S1Y5D,NHS CENTRAL EAST INTEGRATED CARE BOARD
2025-26,D81016,ARBURY ROAD SURGERY,Y61,EAST OF ENGLAND COMMISSIONING REGION,S1Y5D,NHS CENTRAL EAST INTEGRATED CARE BOARD
2025-26,D81017,MILL ROAD SURGERY,Y61,EAST OF ENGLAND COMMISSIONING REGION,S1Y5D,NHS CENTRAL EAST INTEGRATED CARE BOARD
2025-26,D81021,ST. GEORGE'S MEDICAL CENTRE,Y61,EAST OF ENGLAND COMMISSIONING REGION,S1Y5D,NHS CENTRAL EAST INTEGRATED CARE BOARD
2025-26,D81029,OLD FLETTON SURGERY,Y61,EAST OF ENGLAND COMMISSIONING REGION,S1Y5D,NHS CENTRAL EAST INTEGRATED CARE BOARD
2025-26,D81036,PRIORS FIELD SURGERY,Y61,EAST OF ENGLAND COMMISSIONING REGION,S1Y5D,NHS CENTRAL EAST INTEGRATED CARE BOARD
2025-26,D81038,KIMBOLTON MEDICAL CENTRE,Y61,EAST OF ENGLAND COMMISSIONING REGION,S1Y5D,NHS CENTRAL EAST INTEGRATED CARE BOARD
2025-26,D81042,WATERBEACH AND COTTENHAM SURGERIES,Y61,EAST OF ENGLAND COMMISSIONING REGION,S1Y5D,NHS CENTRAL EAST INTEGRATED CARE BOARD
2025-26,D81044,NUFFIELD ROAD MEDICAL CENTRE,Y61,EAST OF ENGLAND COMMISSIONING REGION,S1Y5D,NHS CENTRAL EAST INTEGRATED CARE BOARD
2025-26,D81049,SPINNEY SURGERY,Y61,EAST OF ENGLAND COMMISSIONING REGION,S1Y5D,NHS CENTRAL EAST INTEGRATED CARE BOARD
2025-26,D81050,THE HICKS GROUP PRACTICE,Y61,EAST OF ENGLAND COMMISSIONING REGION,S1Y5D,NHS CENTRAL EAST INTEGRATED CARE BOARD
2025-26,D81055,BOTTISHAM MEDICAL PRACTICE,Y61,EAST OF ENGLAND COMMISSIONING REGION,S1Y5D,NHS CENTRAL EAST INTEGRATED CARE BOARD
2025-26,D81057,LAKESIDE HEALTHCARE ST NEOTS,Y61,EAST OF ENGLAND COMMISSIONING REGION,S1Y5D,NHS CENTRAL EAST INTEGRATED CARE BOARD
2025-26,D81061,GEORGE CLARE SURGERY,Y61,EAST OF ENGLAND COMMISSIONING REGION,S1Y5D,NHS CENTRAL EAST INTEGRATED CARE BOARD
2025-26,D81064,MERCHEFORD HOUSE,Y61,EAST OF ENGLAND COMMISSIONING REGION,S1Y5D,NHS CENTRAL EAST INTEGRATED CARE BOARD
2025-26,D81611,FENLAND GROUP PRACTICE,Y61,EAST OF ENGLAND COMMISSIONING REGION,S1Y5D,NHS CENTRAL EAST INTEGRATED CARE BOARD
2025-26,G82203,COURT VIEW SURGERY,Y59,SOUTH EAST COMMISSIONING REGION,QKS,NHS KENT AND MEDWAY INTEGRATED CARE BOARD
2025-26,G82212,PILGRIMS WAY SURGERY,Y59,SOUTH EAST COMMISSIONING REGION,QKS,NHS KENT AND MEDWAY INTEGRATED CARE BOARD
2025-26,G82218,RIVER DARENT MEDICAL GROUP,Y59,SOUTH EAST COMMISSIONING REGION,QKS,NHS KENT AND MEDWAY INTEGRATED CARE BOARD
2025-26,G82219,ST PETER'S SURGERY,Y59,SOUTH EAST COMMISSIONING REGION,QKS,NHS KENT AND MEDWAY INTEGRATED CARE BOARD
2025-26,G82227,LYDDEN SURGERY,Y59,SOUTH EAST COMMISSIONING REGION,QKS,NHS KENT AND MEDWAY INTEGRATED CARE BOARD
2025-26,G82228,CANTERBURY MEDICAL PRACTICE,Y59,SOUTH EAST COMMISSIONING REGION,QKS,NHS KENT AND MEDWAY INTEGRATED CARE BOARD
2025-26,G82232,MANOR CLINIC,Y59,SOUTH EAST COMMISSIONING REGION,QKS,NHS KENT AND MEDWAY INTEGRATED CARE BOARD
2025-26,G82631,BRYANT STREET MEDICAL PRACTICE,Y59,SOUTH EAST COMMISSIONING REGION,QKS,NHS KENT AND MEDWAY INTEGRATED CARE BOARD
2025-26,G82647,TEMPLE HILL SURGERY,Y59,SOUTH EAST COMMISSIONING REGION,QKS,NHS KENT AND MEDWAY INTEGRATED CARE BOARD
2025-26,G82665,MARTELLO HEALTH CENTRE,Y59,SOUTH EAST COMMISSIONING REGION,QKS,NHS KENT AND MEDWAY INTEGRATED CARE BOARD
2025-26,G82666,BIRCHINGTON MEDICAL CENTRE,Y59,SOUTH EAST COMMISSIONING REGION,QKS,NHS KENT AND MEDWAY INTEGRATED CARE BOARD
2025-26,G82684,NEW LYMINGE SURGERY,Y59,SOUTH EAST COMMISSIONING REGION,QKS,NHS KENT AND MEDWAY INTEGRATED CARE BOARD
2025-26,G82693,MEMORIAL MEDICAL CENTRE,Y59,SOUTH EAST COMMISSIONING REGION,QKS,NHS KENT AND MEDWAY INTEGRATED CARE BOARD
2025-26,G82737,LONG CATLIS ROAD SURGERY,Y59,SOUTH EAST COMMISSIONING REGION,QKS,NHS KENT AND MEDWAY INTEGRATED CARE BOARD
2025-26,G82741,PRINCES PARK MEDICAL CTR,Y59,SOUTH EAST COMMISSIONING REGION,QKS,NHS KENT AND MEDWAY INTEGRATED CARE BOARD
2025-26,G82763,NAPIER ROAD SURGERY,Y59,SOUTH EAST COMMISSIONING REGION,QKS,NHS KENT AND MEDWAY INTEGRATED CARE BOARD
2025-26,G82802,CANTERBURY HEALTH CENTRE,Y59,SOUTH EAST COMMISSIONING REGION,QKS,NHS KENT AND MEDWAY INTEGRATED CARE BOARD
2025-26,G83010,NORTHUMBERLAND HEATH MED.CTR.,Y56,LONDON COMMISSIONING REGION,QKK,NHS SOUTH EAST LONDON INTEGRATED CARE BOARD
2025-26,G83016,ROYAL ARSENAL MEDICAL CENTRE,Y56,LONDON COMMISSIONING REGION,QKK,NHS SOUTH EAST LONDON INTEGRATED CARE BOARD
2025-26,G83021,VANBRUGH GROUP PRACTICE,Y56,LONDON COMMISSIONING REGION,QKK,NHS SOUTH EAST LONDON INTEGRATED CARE BOARD
2025-26,G83033,DR DAVIES & PARTNER,Y56,LONDON COMMISSIONING REGION,QKK,NHS SOUTH EAST LONDON INTEGRATED CARE BOARD
2025-26,G83039,ST MARKS PMS,Y56,LONDON COMMISSIONING REGION,QKK,NHS SOUTH EAST LONDON INTEGRATED CARE BOARD
2025-26,G83062,SLADE GREEN MEDICAL CTR.,Y56,LONDON COMMISSIONING REGION,QKK,NHS SOUTH EAST LONDON INTEGRATED CARE BOARD
2025-26,G83630,RIVERSIDE SURGERY,Y56,LONDON COMMISSIONING REGION,QKK,NHS SOUTH EAST LONDON INTEGRATED CARE BOARD
2025-26,G84004,STOCK HILL SURGERY,Y56,LONDON COMMISSIONING REGION,QKK,NHS SOUTH EAST LONDON INTEGRATED CARE BOARD
2025-26,G84007,POVEREST MEDICAL CENTRE,Y56,LONDON COMMISSIONING REGION,QKK,NHS SOUTH EAST LONDON INTEGRATED CARE BOARD
2025-26,G84010,THE CHISLEHURST PARTNERSHIP,Y56,LONDON COMMISSIONING REGION,QKK,NHS SOUTH EAST LONDON INTEGRATED CARE BOARD
2025-26,G84018,CORNERWAYS SURGERY,Y56,LONDON COMMISSIONING REGION,QKK,NHS SOUTH EAST LONDON INTEGRATED CARE BOARD
2025-26,G84039,NORHEADS LANE SURGERY,Y56,LONDON COMMISSIONING REGION,QKK,NHS SOUTH EAST LONDON INTEGRATED CARE BOARD
2025-26,G84041,GILLMANS ROAD SURGERY,Y56,LONDON COMMISSIONING REGION,QKK,NHS SOUTH EAST LONDON INTEGRATED CARE BOARD
2025-26,G84625,OAKFIELD SURGERY,Y56,LONDON COMMISSIONING REGION,QKK,NHS SOUTH EAST LONDON INTEGRATED CARE BOARD
2025-26,G85002,STREATHAM HIGH PRACTICE,Y56,LONDON COMMISSIONING REGION,QKK,NHS SOUTH EAST LONDON INTEGRATED CARE BOARD
2025-26,G85015,THE QRP SURGERY,Y56,LONDON COMMISSIONING REGION,QKK,NHS SOUTH EAST LONDON INTEGRATED CARE BOARD
2025-26,G85020,KINGFISHER MEDICAL CENTRE,Y56,LONDON COMMISSIONING REGION,QKK,NHS SOUTH EAST LONDON INTEGRATED CARE BOARD
2025-26,D81629,WILLOW TREE SURGERY,Y61,EAST OF ENGLAND COMMISSIONING REGION,S1Y5D,NHS CENTRAL EAST INTEGRATED CARE BOARD
2025-26,D81633,ACORN SURGERY,Y61,EAST OF ENGLAND COMMISSIONING REGION,S1Y5D,NHS CENTRAL EAST INTEGRATED CARE BOARD
2025-26,D81645,THE GRANGE MEDICAL CENTRE,Y61,EAST OF ENGLAND COMMISSIONING REGION,S1Y5D,NHS CENTRAL EAST INTEGRATED CARE BOARD
2025-26,D82002,GROVE SURGERY,Y61,EAST OF ENGLAND COMMISSIONING REGION,T6Y0W,NHS NORFOLK AND SUFFOLK INTEGRATED CARE BOARD
2025-26,D82006,CHET VALLEY MEDICAL PRACTICE,Y61,EAST OF ENGLAND COMMISSIONING REGION,T6Y0W,NHS NORFOLK AND SUFFOLK INTEGRATED CARE BOARD
2025-26,D82013,OLD CATTON MEDICAL PRACTICE,Y61,EAST OF ENGLAND COMMISSIONING REGION,T6Y0W,NHS NORFOLK AND SUFFOLK INTEGRATED CARE BOARD
2025-26,D82015,BRIDGE STREET SURGERY,Y61,EAST OF ENGLAND COMMISSIONING REGION,T6Y0W,NHS NORFOLK AND SUFFOLK INTEGRATED CARE BOARD
2025-26,D82019,THE MILLWOOD PARTNERSHIP,Y61,EAST OF ENGLAND COMMISSIONING REGION,T6Y0W,NHS NORFOLK AND SUFFOLK INTEGRATED CARE BOARD
2025-26,D82022,LAWNS PRACTICE,Y61,EAST OF ENGLAND COMMISSIONING REGION,T6Y0W,NHS NORFOLK AND SUFFOLK INTEGRATED CARE BOARD
2025-26,D82025,HOVETON & WROXHAM MEDICAL CENTRE,Y61,EAST OF ENGLAND COMMISSIONING REGION,T6Y0W,NHS NORFOLK AND SUFFOLK INTEGRATED CARE BOARD
2025-26,D82026,LAKENHAM SURGERY,Y61,EAST OF ENGLAND COMMISSIONING REGION,T6Y0W,NHS NORFOLK AND SUFFOLK INTEGRATED CARE BOARD
2025-26,D82027,HEACHAM GROUP PRACTICE,Y61,EAST OF ENGLAND COMMISSIONING REGION,T6Y0W,NHS NORFOLK AND SUFFOLK INTEGRATED CARE BOARD
2025-26,D82031,PARISH FIELDS PRACTICE,Y61,EAST OF ENGLAND COMMISSIONING REGION,T6Y0W,NHS NORFOLK AND SUFFOLK INTEGRATED CARE BOARD
2025-26,D82036,OLD MILL AND MILLGATES MEDICAL PRACTICE,Y61,EAST OF ENGLAND COMMISSIONING REGION,T6Y0W,NHS NORFOLK AND SUFFOLK INTEGRATED CARE BOARD
2025-26,D82041,SCHOOL LANE SURGERY,Y61,EAST OF ENGLAND COMMISSIONING REGION,T6Y0W,NHS NORFOLK AND SUFFOLK INTEGRATED CARE BOARD
2025-26,G85028,STOCKWELL GROUP PRACTICE,Y56,LONDON COMMISSIONING REGION,QKK,NHS SOUTH EAST LONDON INTEGRATED CARE BOARD
2025-26,G85029,FALMOUTH ROAD GROUP PRACTICE,Y56,LONDON COMMISSIONING REGION,QKK,NHS SOUTH EAST LONDON INTEGRATED CARE BOARD
2025-26,G85034,NEXUS HEALTH GROUP,Y56,LONDON COMMISSIONING REGION,QKK,NHS SOUTH EAST LONDON INTEGRATED CARE BOARD
2025-26,G85038,THE LEWISHAM CARE PARTNERSHIP,Y56,LONDON COMMISSIONING REGION,QKK,NHS SOUTH EAST LONDON INTEGRATED CARE BOARD
2025-26,G85040,QUEENS ROAD SURGERY,Y56,LONDON COMMISSIONING REGION,QKK,NHS SOUTH EAST LONDON INTEGRATED CARE BOARD
2025-26,G85044,VALLEY ROAD SURGERY,Y56,LONDON COMMISSIONING REGION,QKK,NHS SOUTH EAST LONDON INTEGRATED CARE BOARD
2025-26,G85045,HETHERINGTON GROUP PRACTICE,Y56,LONDON COMMISSIONING REGION,QKK,NHS SOUTH EAST LONDON INTEGRATED CARE BOARD
2025-26,G85052,OLD KENT ROAD SURGERY,Y56,LONDON COMMISSIONING REGION,QKK,NHS SOUTH EAST LONDON INTEGRATED CARE BOARD
2025-26,G85076,NEW CROSS CENTRE (HURLEY GROUP),Y56,LONDON COMMISSIONING REGION,QKK,NHS SOUTH EAST LONDON INTEGRATED CARE BOARD
2025-26,G85096,THE VALE SURGERY,Y56,LONDON COMMISSIONING REGION,QKK,NHS SOUTH EAST LONDON INTEGRATED CARE BOARD
2025-26,G85100,BECKETT HOUSE PRACTICE,Y56,LONDON COMMISSIONING REGION,QKK,NHS SOUTH EAST LONDON INTEGRATED CARE BOARD
2025-26,G85114,WELLS PARK PRACTICE,Y56,LONDON COMMISSIONING REGION,QKK,NHS SOUTH EAST LONDON INTEGRATED CARE BOARD
2025-26,G85120,TRIANGLE GROUP PRACTICE,Y56,LONDON COMMISSIONING REGION,QKK,NHS SOUTH EAST LONDON INTEGRATED CARE BOARD
2025-26,G85132,TESSA JOWELL GP SURGERY,Y56,LONDON COMMISSIONING REGION,QKK,NHS SOUTH EAST LONDON INTEGRATED CARE BOARD
2025-26,G85134,THE LISTER PRIMARY CARE CENTRE,Y56,LONDON COMMISSIONING REGION,QKK,NHS SOUTH EAST LONDON INTEGRATED CARE BOARD
2025-26,G85135,MINET GREEN HEALTH PRACTICE,Y56,LONDON COMMISSIONING REGION,QKK,NHS SOUTH EAST LONDON INTEGRATED CARE BOARD
2025-26,G85674,GRAFTON SQUARE SURGERY,Y56,LONDON COMMISSIONING REGION,QKK,NHS SOUTH EAST LONDON INTEGRATED CARE BOARD
2025-26,G85681,THE LORDSHIP LANE SURGERY,Y56,LONDON COMMISSIONING REGION,QKK,NHS SOUTH EAST LONDON INTEGRATED CARE BOARD
2025-26,G85690,HERNE HILL ROAD MEDICAL PRACTICE,Y56,LONDON COMMISSIONING REGION,QKK,NHS SOUTH EAST LONDON INTEGRATED CARE BOARD
2025-26,G85711,DEPTFORD SURGERY,Y56,LONDON COMMISSIONING REGION,QKK,NHS SOUTH EAST LONDON INTEGRATED CARE BOARD
2025-26,G85715,THE LISTER PRACTICE,Y56,LONDON COMMISSIONING REGION,QKK,NHS SOUTH EAST LONDON INTEGRATED CARE BOARD
2025-26,G85721,EAST STREET,Y56,LONDON COMMISSIONING REGION,QKK,NHS SOUTH EAST LONDON INTEGRATED CARE BOARD
2025-26,G85724,EDITH CAVELL PRACTICE,Y56,LONDON COMMISSIONING REGION,QKK,NHS SOUTH EAST LONDON INTEGRATED CARE BOARD
2025-26,H81002,KNOWLE GREEN MEDICAL,Y59,SOUTH EAST COMMISSIONING REGION,S9B9J,NHS SURREY AND SUSSEX INTEGRATED CARE BOARD
2025-26,H81003,SUNBURY GROUP PRACTICE,Y59,SOUTH EAST COMMISSIONING REGION,S9B9J,NHS SURREY AND SUSSEX INTEGRATED CARE BOARD
2025-26,H81009,STUDHOLME MEDICAL CENTRE,Y59,SOUTH EAST COMMISSIONING REGION,S9B9J,NHS SURREY AND SUSSEX INTEGRATED CARE BOARD
2025-26,H81022,CHIDDINGFOLD SURGERY,Y59,SOUTH EAST COMMISSIONING REGION,S9B9J,NHS SURREY AND SUSSEX INTEGRATED CARE BOARD
2025-26,H81023,LINGFIELD SURGERY,Y59,SOUTH EAST COMMISSIONING REGION,S9B9J,NHS SURREY AND SUSSEX INTEGRATED CARE BOARD
2025-26,H81027,FARNHAM PARK HEALTH GROUP,Y59,SOUTH EAST COMMISSIONING REGION,S9B9J,NHS SURREY AND SUSSEX INTEGRATED CARE BOARD
2025-26,H81028,DORKING MEDICAL PRACTICE,Y59,SOUTH EAST COMMISSIONING REGION,S9B9J,NHS SURREY AND SUSSEX INTEGRATED CARE BOARD
2025-26,H81031,WITLEY SURGERY,Y59,SOUTH EAST COMMISSIONING REGION,S9B9J,NHS SURREY AND SUSSEX INTEGRATED CARE BOARD
2025-26,H81035,MERROW PARK SURGERY,Y59,SOUTH EAST COMMISSIONING REGION,S9B9J,NHS SURREY AND SUSSEX INTEGRATED CARE BOARD
2025-26,H81036,PARISHES BRIDGE MED.PRACT,Y59,SOUTH EAST COMMISSIONING REGION,S9B9J,NHS SURREY AND SUSSEX INTEGRATED CARE BOARD
2025-26,H81043,WONERSH SURGERY,Y59,SOUTH EAST COMMISSIONING REGION,S9B9J,NHS SURREY AND SUSSEX INTEGRATED CARE BOARD
2025-26,H81045,CATERHAM VALLEY MEDICAL PRACTICE,Y59,SOUTH EAST COMMISSIONING REGION,S9B9J,NHS SURREY AND SUSSEX INTEGRATED CARE BOARD
2025-26,H81047,RUNNYMEDE MEDICAL PRACTICE,Y59,SOUTH EAST COMMISSIONING REGION,S0E4D,NHS THAMES VALLEY INTEGRATED CARE BOARD
2025-26,H81051,DERBY MEDICAL CENTRE,Y59,SOUTH EAST COMMISSIONING REGION,S9B9J,NHS SURREY AND SUSSEX INTEGRATED CARE BOARD
2025-26,H81057,FORDBRIDGE MEDICAL CENTRE,Y59,SOUTH EAST COMMISSIONING REGION,S9B9J,NHS SURREY AND SUSSEX INTEGRATED CARE BOARD
2025-26,H81061,HILLVIEW MEDICAL CENTRE,Y59,SOUTH EAST COMMISSIONING REGION,S9B9J,NHS SURREY AND SUSSEX INTEGRATED CARE BOARD
2025-26,H81062,HASLEMERE HEALTH CENTRE,Y59,SOUTH EAST COMMISSIONING REGION,S9B9J,NHS SURREY AND SUSSEX INTEGRATED CARE BOARD
2025-26,H81069,PARK ROAD GROUP PRACTICE,Y59,SOUTH EAST COMMISSIONING REGION,S9B9J,NHS SURREY AND SUSSEX INTEGRATED CARE BOARD
2025-26,H81070,HEATHCOTE MEDICAL CENTRE,Y59,SOUTH EAST COMMISSIONING REGION,S9B9J,NHS SURREY AND SUSSEX INTEGRATED CARE BOARD
2025-26,H81072,MEDWYN SURGERY,Y59,SOUTH EAST COMMISSIONING REGION,S9B9J,NHS SURREY AND SUSSEX INTEGRATED CARE BOARD
2025-26,H81074,ST STEPHENS HOUSE SURGERY,Y59,SOUTH EAST COMMISSIONING REGION,S9B9J,NHS SURREY AND SUSSEX INTEGRATED CARE BOARD
2025-26,H81076,GRAYSHOTT SURGERY,Y59,SOUTH EAST COMMISSIONING REGION,S9B9J,NHS SURREY AND SUSSEX INTEGRATED CARE BOARD
2025-26,H81080,LONGCROFT CLINIC,Y59,SOUTH EAST COMMISSIONING REGION,S9B9J,NHS SURREY AND SUSSEX INTEGRATED CARE BOARD
2025-26,H81082,CAMBERLEY HEALTH CENTRE,Y59,SOUTH EAST COMMISSIONING REGION,S9B9J,NHS SURREY AND SUSSEX INTEGRATED CARE BOARD
2025-26,H81085,ST. LUKE'S SURGERY,Y59,SOUTH EAST COMMISSIONING REGION,S9B9J,NHS SURREY AND SUSSEX INTEGRATED CARE BOARD
2025-26,H81089,THE WALL HOUSE SURGERY,Y59,SOUTH EAST COMMISSIONING REGION,S9B9J,NHS SURREY AND SUSSEX INTEGRATED CARE BOARD
2025-26,H81091,SPRING STREET SURGERY,Y59,SOUTH EAST COMMISSIONING REGION,S9B9J,NHS SURREY AND SUSSEX INTEGRATED CARE BOARD
2025-26,H81095,THE YELLOW PRACTICE,Y59,SOUTH EAST COMMISSIONING REGION,S9B9J,NHS SURREY AND SUSSEX INTEGRATED CARE BOARD
2025-26,H81104,STANWELL ROAD SURGERY,Y59,SOUTH EAST COMMISSIONING REGION,S9B9J,NHS SURREY AND SUSSEX INTEGRATED CARE BOARD
2025-26,H81109,CAPELFIELD SURGERY,Y59,SOUTH EAST COMMISSIONING REGION,S9B9J,NHS SURREY AND SUSSEX INTEGRATED CARE BOARD
2025-26,H81110,HOLLY TREE SURGERY,Y59,SOUTH EAST COMMISSIONING REGION,S9B9J,NHS SURREY AND SUSSEX INTEGRATED CARE BOARD
2025-26,H81116,ELIZABETH HOUSE MEDICAL PRACTICE,Y59,SOUTH EAST COMMISSIONING REGION,S9B9J,NHS SURREY AND SUSSEX INTEGRATED CARE BOARD
2025-26,H81131,THE WHITE PRACTICE,Y59,SOUTH EAST COMMISSIONING REGION,S9B9J,NHS SURREY AND SUSSEX INTEGRATED CARE BOARD
2025-26,H81618,MOLEBRIDGE PRACTICE,Y59,SOUTH EAST COMMISSIONING REGION,S9B9J,NHS SURREY AND SUSSEX INTEGRATED CARE BOARD
2025-26,H81632,THE ORCHARD SURGERY,Y59,SOUTH EAST COMMISSIONING REGION,S9B9J,NHS SURREY AND SUSSEX INTEGRATED CARE BOARD
2025-26,H81644,FOUNTAIN PRACTICE,Y59,SOUTH EAST COMMISSIONING REGION,S9B9J,NHS SURREY AND SUSSEX INTEGRATED CARE BOARD
2025-26,H82003,MEADOWS SURGERY,Y59,SOUTH EAST COMMISSIONING REGION,S9B9J,NHS SURREY AND SUSSEX INTEGRATED CARE BOARD
2025-26,H82004,COWFOLD SURGERY,Y59,SOUTH EAST COMMISSIONING REGION,S9B9J,NHS SURREY AND SUSSEX INTEGRATED CARE BOARD
2025-26,H82005,CUCKFIELD MEDICAL CENTRE,Y59,SOUTH EAST COMMISSIONING REGION,S9B9J,NHS SURREY AND SUSSEX INTEGRATED CARE BOARD
2025-26,H82006,THE PETWORTH SURGERY,Y59,SOUTH EAST COMMISSIONING REGION,S9B9J,NHS SURREY AND SUSSEX INTEGRATED CARE BOARD
2025-26,H82007,WESTCOURT MEDICAL CENTRE,Y59,SOUTH EAST COMMISSIONING REGION,S9B9J,NHS SURREY AND SUSSEX INTEGRATED CARE BOARD
2025-26,H82009,ST. LAWRENCE SURGERY,Y59,SOUTH EAST COMMISSIONING REGION,S9B9J,NHS SURREY AND SUSSEX INTEGRATED CARE BOARD
2025-26,E84014,BACON LANE SURGERY,Y56,LONDON COMMISSIONING REGION,Z9B2Z,NHS WEST AND NORTH LONDON INTEGRATED CARE BOARD
2025-26,E84018,STREATFIELD HEALTH CENTRE,Y56,LONDON COMMISSIONING REGION,Z9B2Z,NHS WEST AND NORTH LONDON INTEGRATED CARE BOARD
2025-26,E84021,THE WILLESDEN MEDICAL CENTRE,Y56,LONDON COMMISSIONING REGION,Z9B2Z,NHS WEST AND NORTH LONDON INTEGRATED CARE BOARD
2025-26,E84030,PRESTON HILL SURGERY,Y56,LONDON COMMISSIONING REGION,Z9B2Z,NHS WEST AND NORTH LONDON INTEGRATED CARE BOARD
2025-26,E84042,KILBURN PARK MEDICAL CENTRE,Y56,LONDON COMMISSIONING REGION,Z9B2Z,NHS WEST AND NORTH LONDON INTEGRATED CARE BOARD
2025-26,E84053,HATCH END MEDICAL CENTRE,Y56,LONDON COMMISSIONING REGION,Z9B2Z,NHS WEST AND NORTH LONDON INTEGRATED CARE BOARD
2025-26,E84059,THE ALLENDALE ROAD SURGERY,Y56,LONDON COMMISSIONING REGION,Z9B2Z,NHS WEST AND NORTH LONDON INTEGRATED CARE BOARD
2025-26,E84067,CHURCH LANE SURGERY,Y56,LONDON COMMISSIONING REGION,Z9B2Z,NHS WEST AND NORTH LONDON INTEGRATED CARE BOARD
2025-26,E84069,BELMONT HEALTH CENTRE,Y56,LONDON COMMISSIONING REGION,Z9B2Z,NHS WEST AND NORTH LONDON INTEGRATED CARE BOARD
2025-26,E84070,PINNER VIEW MEDICAL CENTRE,Y56,LONDON COMMISSIONING REGION,Z9B2Z,NHS WEST AND NORTH LONDON INTEGRATED CARE BOARD
2025-26,E84078,KINGSBURY HEALTH AND WELLBEING,Y56,LONDON COMMISSIONING REGION,Z9B2Z,NHS WEST AND NORTH LONDON INTEGRATED CARE BOARD
2025-26,E84080,STAVERTON SURGERY,Y56,LONDON COMMISSIONING REGION,Z9B2Z,NHS WEST AND NORTH LONDON INTEGRATED CARE BOARD
2025-26,E84086,WALM LANE SURGERY,Y56,LONDON COMMISSIONING REGION,Z9B2Z,NHS WEST AND NORTH LONDON INTEGRATED CARE BOARD
2025-26,E84601,KENTON BRIDGE MEDICAL CENTRE DR GOLDEN,Y56,LONDON COMMISSIONING REGION,Z9B2Z,NHS WEST AND NORTH LONDON INTEGRATED CARE BOARD
2025-26,E84635,THE SURGERY,Y56,LONDON COMMISSIONING REGION,Z9B2Z,NHS WEST AND NORTH LONDON INTEGRATED CARE BOARD
2025-26,E84663,KENTON BRIDGE MEDICAL CENTRE - DR RAJA,Y56,LONDON COMMISSIONING REGION,Z9B2Z,NHS WEST AND NORTH LONDON INTEGRATED CARE BOARD
2025-26,H82017,PARK SURGERY,Y59,SOUTH EAST COMMISSIONING REGION,S9B9J,NHS SURREY AND SUSSEX INTEGRATED CARE BOARD
2025-26,H82021,ARUNDEL SURGERY,Y59,SOUTH EAST COMMISSIONING REGION,S9B9J,NHS SURREY AND SUSSEX INTEGRATED CARE BOARD
2025-26,H82022,STEYNING HEALTH CENTRE,Y59,SOUTH EAST COMMISSIONING REGION,S9B9J,NHS SURREY AND SUSSEX INTEGRATED CARE BOARD
2025-26,H82025,WOODLANDS&CLERKLANDS PARTNERSHIP,Y59,SOUTH EAST COMMISSIONING REGION,S9B9J,NHS SURREY AND SUSSEX INTEGRATED CARE BOARD
2025-26,H82031,LOXWOOD SURGERY,Y59,SOUTH EAST COMMISSIONING REGION,S9B9J,NHS SURREY AND SUSSEX INTEGRATED CARE BOARD
2025-26,H82036,ORCHARD SURGERY,Y59,SOUTH EAST COMMISSIONING REGION,S9B9J,NHS SURREY AND SUSSEX INTEGRATED CARE BOARD
2025-26,H82042,CATHEDRAL MEDICAL GROUP,Y59,SOUTH EAST COMMISSIONING REGION,S9B9J,NHS SURREY AND SUSSEX INTEGRATED CARE BOARD
2025-26,H82043,GROVE HOUSE SURGERY,Y59,SOUTH EAST COMMISSIONING REGION,S9B9J,NHS SURREY AND SUSSEX INTEGRATED CARE BOARD
2025-26,H82045,WORTHING MEDICAL GROUP,Y59,SOUTH EAST COMMISSIONING REGION,S9B9J,NHS SURREY AND SUSSEX INTEGRATED CARE BOARD
2025-26,H82046,BROADWATER MEDICAL CENTRE,Y59,SOUTH EAST COMMISSIONING REGION,S9B9J,NHS SURREY AND SUSSEX INTEGRATED CARE BOARD
2025-26,H82047,BRIDGE MEDICAL CENTRE,Y59,SOUTH EAST COMMISSIONING REGION,S9B9J,NHS SURREY AND SUSSEX INTEGRATED CARE BOARD
2025-26,H82053,FURNACE GREEN SURGERY,Y59,SOUTH EAST COMMISSIONING REGION,S9B9J,NHS SURREY AND SUSSEX INTEGRATED CARE BOARD
2025-26,H82058,MAYWOOD HEALTH CARE CENTRE,Y59,SOUTH EAST COMMISSIONING REGION,S9B9J,NHS SURREY AND SUSSEX INTEGRATED CARE BOARD
2025-26,H82063,MOATFIELD SURGERY,Y59,SOUTH EAST COMMISSIONING REGION,S9B9J,NHS SURREY AND SUSSEX INTEGRATED CARE BOARD
2025-26,H82064,SOUTHGATE MEDICAL GROUP,Y59,SOUTH EAST COMMISSIONING REGION,S9B9J,NHS SURREY AND SUSSEX INTEGRATED CARE BOARD
2025-26,H82065,BALL TREE SURGERY,Y59,SOUTH EAST COMMISSIONING REGION,S9B9J,NHS SURREY AND SUSSEX INTEGRATED CARE BOARD
2025-26,D82044,VIDA HEALTHCARE,Y61,EAST OF ENGLAND COMMISSIONING REGION,T6Y0W,NHS NORFOLK AND SUFFOLK INTEGRATED CARE BOARD
2025-26,D82046,CHURCH HILL SURGERY,Y61,EAST OF ENGLAND COMMISSIONING REGION,T6Y0W,NHS NORFOLK AND SUFFOLK INTEGRATED CARE BOARD
2025-26,D82058,COASTAL VILLAGES PRACTICE,Y61,EAST OF ENGLAND COMMISSIONING REGION,T6Y0W,NHS NORFOLK AND SUFFOLK INTEGRATED CARE BOARD
2025-26,D82064,HUMBLEYARD PRACTICE,Y61,EAST OF ENGLAND COMMISSIONING REGION,T6Y0W,NHS NORFOLK AND SUFFOLK INTEGRATED CARE BOARD
2025-26,D82067,THE PARK SURGERY,Y61,EAST OF ENGLAND COMMISSIONING REGION,T6Y0W,NHS NORFOLK AND SUFFOLK INTEGRATED CARE BOARD
2025-26,D82073,THE LIONWOOD MEDICAL PRACTICE,Y61,EAST OF ENGLAND COMMISSIONING REGION,T6Y0W,NHS NORFOLK AND SUFFOLK INTEGRATED CARE BOARD
2025-26,D82076,LAWSON ROAD SURGERY,Y61,EAST OF ENGLAND COMMISSIONING REGION,T6Y0W,NHS NORFOLK AND SUFFOLK INTEGRATED CARE BOARD
2025-26,D82078,HEATHGATE MEDICAL PRACTICE,Y61,EAST OF ENGLAND COMMISSIONING REGION,T6Y0W,NHS NORFOLK AND SUFFOLK INTEGRATED CARE BOARD
2025-26,D82618,THE WOOTTONS SURGERY,Y61,EAST OF ENGLAND COMMISSIONING REGION,T6Y0W,NHS NORFOLK AND SUFFOLK INTEGRATED CARE BOARD
2025-26,D83003,WICKHAMBROOK SURGERY,Y61,EAST OF ENGLAND COMMISSIONING REGION,T6Y0W,NHS NORFOLK AND SUFFOLK INTEGRATED CARE BOARD
2025-26,D83006,BILDESTON HEALTH CENTRE,Y61,EAST OF ENGLAND COMMISSIONING REGION,T6Y0W,NHS NORFOLK AND SUFFOLK INTEGRATED CARE BOARD
2025-26,D83008,BURLINGTON PRIMARY CARE,Y61,EAST OF ENGLAND COMMISSIONING REGION,T6Y0W,NHS NORFOLK AND SUFFOLK INTEGRATED CARE BOARD
2025-26,D83010,LONGSHORE SURGERIES,Y61,EAST OF ENGLAND COMMISSIONING REGION,T6Y0W,NHS NORFOLK AND SUFFOLK INTEGRATED CARE BOARD
2025-26,D83011,BRIDGE ROAD SURGERY,Y61,EAST OF ENGLAND COMMISSIONING REGION,T6Y0W,NHS NORFOLK AND SUFFOLK INTEGRATED CARE BOARD
2025-26,D83012,UNITY HEALTHCARE,Y61,EAST OF ENGLAND COMMISSIONING REGION,T6Y0W,NHS NORFOLK AND SUFFOLK INTEGRATED CARE BOARD
2025-26,D83016,VICTORIA ROAD SURGERY,Y61,EAST OF ENGLAND COMMISSIONING REGION,T6Y0W,NHS NORFOLK AND SUFFOLK INTEGRATED CARE BOARD
2025-26,D83019,MENDLESHAM MEDICAL GROUP,Y61,EAST OF ENGLAND COMMISSIONING REGION,T6Y0W,NHS NORFOLK AND SUFFOLK INTEGRATED CARE BOARD
2025-26,D83020,THE HOLBROOK AND SHOTLEY PRACTICE,Y61,EAST OF ENGLAND COMMISSIONING REGION,T6Y0W,NHS NORFOLK AND SUFFOLK INTEGRATED CARE BOARD
2025-26,D83026,FRAMLINGHAM SURGERY,Y61,EAST OF ENGLAND COMMISSIONING REGION,T6Y0W,NHS NORFOLK AND SUFFOLK INTEGRATED CARE BOARD
2025-26,D83038,MOUNT FARM SURGERY,Y61,EAST OF ENGLAND COMMISSIONING REGION,T6Y0W,NHS NORFOLK AND SUFFOLK INTEGRATED CARE BOARD
2025-26,D83044,STOWHEALTH,Y61,EAST OF ENGLAND COMMISSIONING REGION,T6Y0W,NHS NORFOLK AND SUFFOLK INTEGRATED CARE BOARD
2025-26,D83054,THE PENINSULA PRACTICE,Y61,EAST OF ENGLAND COMMISSIONING REGION,T6Y0W,NHS NORFOLK AND SUFFOLK INTEGRATED CARE BOARD
2025-26,D83055,WOOLPIT HEALTH CENTRE,Y61,EAST OF ENGLAND COMMISSIONING REGION,T6Y0W,NHS NORFOLK AND SUFFOLK INTEGRATED CARE BOARD
2025-26,D83060,HARDWICKE HOUSE GROUP PRACTICE,Y61,EAST OF ENGLAND COMMISSIONING REGION,T6Y0W,NHS NORFOLK AND SUFFOLK INTEGRATED CARE BOARD
2025-26,D83075,SIAM SURGERY,Y61,EAST OF ENGLAND COMMISSIONING REGION,T6Y0W,NHS NORFOLK AND SUFFOLK INTEGRATED CARE BOARD
2025-26,D83078,THE REYNARD SURGERY,Y61,EAST OF ENGLAND COMMISSIONING REGION,T6Y0W,NHS NORFOLK AND SUFFOLK INTEGRATED CARE BOARD
2025-26,E81002,GREENSAND SURGERY (AMPTHILL),Y61,EAST OF ENGLAND COMMISSIONING REGION,S1Y5D,NHS CENTRAL EAST INTEGRATED CARE BOARD
2025-26,E81006,STOPSLEY VILLAGE PRACTICE,Y61,EAST OF ENGLAND COMMISSIONING REGION,S1Y5D,NHS CENTRAL EAST INTEGRATED CARE BOARD
2025-26,E81019,LONDON ROAD HEALTH CENTRE,Y61,EAST OF ENGLAND COMMISSIONING REGION,S1Y5D,NHS CENTRAL EAST INTEGRATED CARE BOARD
2025-26,E81021,QUEENS PARK HEALTH CENTRE,Y61,EAST OF ENGLAND COMMISSIONING REGION,S1Y5D,NHS CENTRAL EAST INTEGRATED CARE BOARD
2025-26,E81025,THE OAKLEY SURGERY,Y61,EAST OF ENGLAND COMMISSIONING REGION,S1Y5D,NHS CENTRAL EAST INTEGRATED CARE BOARD
2025-26,E81028,THE BLENHEIM MEDICAL CENTRE,Y61,EAST OF ENGLAND COMMISSIONING REGION,S1Y5D,NHS CENTRAL EAST INTEGRATED CARE BOARD
2025-26,E81031,GREAT BARFORD SURGERY,Y61,EAST OF ENGLAND COMMISSIONING REGION,S1Y5D,NHS CENTRAL EAST INTEGRATED CARE BOARD
2025-26,E81036,IVEL MEDICAL CENTRE,Y61,EAST OF ENGLAND COMMISSIONING REGION,S1Y5D,NHS CENTRAL EAST INTEGRATED CARE BOARD
2025-26,E81038,KING STREET SURGERY,Y61,EAST OF ENGLAND COMMISSIONING REGION,S1Y5D,NHS CENTRAL EAST INTEGRATED CARE BOARD
2025-26,E81046,DR A SULAKSHANA & PARTNERS,Y61,EAST OF ENGLAND COMMISSIONING REGION,S1Y5D,NHS CENTRAL EAST INTEGRATED CARE BOARD
2025-26,E81047,GOLDINGTON AVENUE SURGERY,Y61,EAST OF ENGLAND COMMISSIONING REGION,S1Y5D,NHS CENTRAL EAST INTEGRATED CARE BOARD
2025-26,E81049,PRIORY MEDICAL CENTRE,Y61,EAST OF ENGLAND COMMISSIONING REGION,S1Y5D,NHS CENTRAL EAST INTEGRATED CARE BOARD
2025-26,E81076,DR DV SHAH'S PRACTICE,Y61,EAST OF ENGLAND COMMISSIONING REGION,S1Y5D,NHS CENTRAL EAST INTEGRATED CARE BOARD
2025-26,E81615,ASHBURNHAM ROAD SURGERY,Y61,EAST OF ENGLAND COMMISSIONING REGION,S1Y5D,NHS CENTRAL EAST INTEGRATED CARE BOARD
2025-26,E81635,EASTGATE SURGERY,Y61,EAST OF ENGLAND COMMISSIONING REGION,S1Y5D,NHS CENTRAL EAST INTEGRATED CARE BOARD
2025-26,E82004,HATFIELD ROAD SURGERY,Y61,EAST OF ENGLAND COMMISSIONING REGION,S1Y5D,NHS CENTRAL EAST INTEGRATED CARE BOARD
2025-26,E82007,HANSCOMBE HOUSE SURGERY,Y61,EAST OF ENGLAND COMMISSIONING REGION,S1Y5D,NHS CENTRAL EAST INTEGRATED CARE BOARD
2025-26,E82009,LINCOLN HOUSE SURGERY,Y61,EAST OF ENGLAND COMMISSIONING REGION,S1Y5D,NHS CENTRAL EAST INTEGRATED CARE BOARD
2025-26,E82017,GARSTON MEDICAL CENTRE,Y61,EAST OF ENGLAND COMMISSIONING REGION,S1Y5D,NHS CENTRAL EAST INTEGRATED CARE BOARD
2025-26,E82018,LISTER HOUSE SURGERY,Y61,EAST OF ENGLAND COMMISSIONING REGION,S1Y5D,NHS CENTRAL EAST INTEGRATED CARE BOARD
2025-26,E82023,BURVILL HOUSE SURGERY,Y61,EAST OF ENGLAND COMMISSIONING REGION,S1Y5D,NHS CENTRAL EAST INTEGRATED CARE BOARD
2025-26,H82077,THE CROFT SURGERY,Y59,SOUTH EAST COMMISSIONING REGION,S9B9J,NHS SURREY AND SUSSEX INTEGRATED CARE BOARD
2025-26,H82078,SOUTHBOURNE SURGERY,Y59,SOUTH EAST COMMISSIONING REGION,S9B9J,NHS SURREY AND SUSSEX INTEGRATED CARE BOARD
2025-26,H82087,BARN SURGERY,Y59,SOUTH EAST COMMISSIONING REGION,S9B9J,NHS SURREY AND SUSSEX INTEGRATED CARE BOARD
2025-26,H82096,THE ORCHARD SURGERY,Y59,SOUTH EAST COMMISSIONING REGION,S9B9J,NHS SURREY AND SUSSEX INTEGRATED CARE BOARD
2025-26,H82100,NORTHLANDS WOOD SURGERY,Y59,SOUTH EAST COMMISSIONING REGION,S9B9J,NHS SURREY AND SUSSEX INTEGRATED CARE BOARD
2025-26,H83001,PORTLAND MEDICAL CENTRE,Y56,LONDON COMMISSIONING REGION,QWE,NHS SOUTH WEST LONDON INTEGRATED CARE BOARD
2025-26,H83005,UPPER NORWOOD GROUP PRACTICE,Y56,LONDON COMMISSIONING REGION,QWE,NHS SOUTH WEST LONDON INTEGRATED CARE BOARD
2025-26,H83008,NORTHWAY ROAD SURGERY,Y56,LONDON COMMISSIONING REGION,QWE,NHS SOUTH WEST LONDON INTEGRATED CARE BOARD
2025-26,H83012,ST JAMES MEDICAL CENTRE,Y56,LONDON COMMISSIONING REGION,QWE,NHS SOUTH WEST LONDON INTEGRATED CARE BOARD
2025-26,H83014,QUEENHILL MEDICAL PRACTICE,Y56,LONDON COMMISSIONING REGION,QWE,NHS SOUTH WEST LONDON INTEGRATED CARE BOARD
2025-26,H83015,PARKSIDE GROUP PRACTICE,Y56,LONDON COMMISSIONING REGION,QWE,NHS SOUTH WEST LONDON INTEGRATED CARE BOARD
2025-26,H83016,KESTON MEDICAL PRACTICE,Y56,LONDON COMMISSIONING REGION,QWE,NHS SOUTH WEST LONDON INTEGRATED CARE BOARD
2025-26,H83020,EVERSLEY MEDICAL CENTRE,Y56,LONDON COMMISSIONING REGION,QWE,NHS SOUTH WEST LONDON INTEGRATED CARE BOARD
2025-26,H83029,HARTLAND WAY SURGERY,Y56,LONDON COMMISSIONING REGION,QWE,NHS SOUTH WEST LONDON INTEGRATED CARE BOARD
2025-26,H83030,BROOM ROAD MEDICAL PRACTICE,Y56,LONDON COMMISSIONING REGION,QWE,NHS SOUTH WEST LONDON INTEGRATED CARE BOARD
2025-26,H83033,ASHBURTON PARK MEDICAL CENTRE,Y56,LONDON COMMISSIONING REGION,QWE,NHS SOUTH WEST LONDON INTEGRATED CARE BOARD
2025-26,H83042,LEANDER FAMILY PRACTICE,Y56,LONDON COMMISSIONING REGION,QWE,NHS SOUTH WEST LONDON INTEGRATED CARE BOARD
2025-26,E84674,CHICHELE ROAD SURGERY,Y56,LONDON COMMISSIONING REGION,Z9B2Z,NHS WEST AND NORTH LONDON INTEGRATED CARE BOARD
2025-26,E84701,PEARL MEDICAL PRACTICE,Y56,LONDON COMMISSIONING REGION,Z9B2Z,NHS WEST AND NORTH LONDON INTEGRATED CARE BOARD
2025-26,E85003,NORTH END MEDICAL CENTRE,Y56,LONDON COMMISSIONING REGION,Z9B2Z,NHS WEST AND NORTH LONDON INTEGRATED CARE BOARD
2025-26,E85007,ST. MARGARETS PRACTICE,Y56,LONDON COMMISSIONING REGION,Z9B2Z,NHS WEST AND NORTH LONDON INTEGRATED CARE BOARD
2025-26,E85016,RICHFORD GATE MEDICAL CENTRE,Y56,LONDON COMMISSIONING REGION,Z9B2Z,NHS WEST AND NORTH LONDON INTEGRATED CARE BOARD
2025-26,E85021,YEADING MEDICAL CENTRE,Y56,LONDON COMMISSIONING REGION,Z9B2Z,NHS WEST AND NORTH LONDON INTEGRATED CARE BOARD
2025-26,E85024,CARLTON SURGERY,Y56,LONDON COMMISSIONING REGION,Z9B2Z,NHS WEST AND NORTH LONDON INTEGRATED CARE BOARD
2025-26,E85038,PALACE SURGERY,Y56,LONDON COMMISSIONING REGION,Z9B2Z,NHS WEST AND NORTH LONDON INTEGRATED CARE BOARD
2025-26,E85045,TWICKENHAM PARK MEDICAL CENTRE,Y56,LONDON COMMISSIONING REGION,Z9B2Z,NHS WEST AND NORTH LONDON INTEGRATED CARE BOARD
2025-26,E85050,GREENFORD ROAD MED.CTR.,Y56,LONDON COMMISSIONING REGION,Z9B2Z,NHS WEST AND NORTH LONDON INTEGRATED CARE BOARD
2025-26,E85060,KINGFISHER PRACTICE,Y56,LONDON COMMISSIONING REGION,Z9B2Z,NHS WEST AND NORTH LONDON INTEGRATED CARE BOARD
2025-26,E85074,WEST KENSINGTON GP SURGERY,Y56,LONDON COMMISSIONING REGION,Z9B2Z,NHS WEST AND NORTH LONDON INTEGRATED CARE BOARD
2025-26,E85091,BRUNSWICK SURGERY,Y56,LONDON COMMISSIONING REGION,Z9B2Z,NHS WEST AND NORTH LONDON INTEGRATED CARE BOARD
2025-26,E85114,CROSSLANDS SURGERY,Y56,LONDON COMMISSIONING REGION,Z9B2Z,NHS WEST AND NORTH LONDON INTEGRATED CARE BOARD
2025-26,E85116,THE CUCKOO LANE PRACTICE,Y56,LONDON COMMISSIONING REGION,Z9B2Z,NHS WEST AND NORTH LONDON INTEGRATED CARE BOARD
2025-26,E85119,THE MWH PRACTICE,Y56,LONDON COMMISSIONING REGION,Z9B2Z,NHS WEST AND NORTH LONDON INTEGRATED CARE BOARD
2025-26,H83631,GREENSIDE GROUP PRACTICE,Y56,LONDON COMMISSIONING REGION,QWE,NHS SOUTH WEST LONDON INTEGRATED CARE BOARD
2025-26,H84015,BRUNSWICK SURGERY,Y56,LONDON COMMISSIONING REGION,QWE,NHS SOUTH WEST LONDON INTEGRATED CARE BOARD
2025-26,H84018,BROAD LANE SURGERY,Y56,LONDON COMMISSIONING REGION,QWE,NHS SOUTH WEST LONDON INTEGRATED CARE BOARD
2025-26,H84027,CHURCHILL MEDICAL CENTRE,Y56,LONDON COMMISSIONING REGION,QWE,NHS SOUTH WEST LONDON INTEGRATED CARE BOARD
2025-26,H84030,CENTRAL SURGERY,Y56,LONDON COMMISSIONING REGION,QWE,NHS SOUTH WEST LONDON INTEGRATED CARE BOARD
2025-26,H84031,JUBILEE SURGERY,Y56,LONDON COMMISSIONING REGION,QWE,NHS SOUTH WEST LONDON INTEGRATED CARE BOARD
2025-26,H84041,VINEYARD SURGERY,Y56,LONDON COMMISSIONING REGION,QWE,NHS SOUTH WEST LONDON INTEGRATED CARE BOARD
2025-26,H84059,THAMESIDE MEDICAL PRACTICE,Y56,LONDON COMMISSIONING REGION,QWE,NHS SOUTH WEST LONDON INTEGRATED CARE BOARD
2025-26,H84061,KINGSTON HEALTH CENTRE,Y56,LONDON COMMISSIONING REGION,QWE,NHS SOUTH WEST LONDON INTEGRATED CARE BOARD
2025-26,H84623,HAMPTON HILL MEDICAL CENTRE,Y56,LONDON COMMISSIONING REGION,QWE,NHS SOUTH WEST LONDON INTEGRATED CARE BOARD
2025-26,H84625,WOODLAWN MEDICAL CENTRE,Y56,LONDON COMMISSIONING REGION,QWE,NHS SOUTH WEST LONDON INTEGRATED CARE BOARD
2025-26,H84639,KEW MEDICAL PRACTICE,Y56,LONDON COMMISSIONING REGION,QWE,NHS SOUTH WEST LONDON INTEGRATED CARE BOARD
2025-26,H85033,TAMWORTH HOUSE MEDICAL CENTRE,Y56,LONDON COMMISSIONING REGION,QWE,NHS SOUTH WEST LONDON INTEGRATED CARE BOARD
2025-26,H85037,MORDEN HALL MEDICAL CENTRE,Y56,LONDON COMMISSIONING REGION,QWE,NHS SOUTH WEST LONDON INTEGRATED CARE BOARD
2025-26,H85038,CRICKET GREEN MEDICAL PRACTICE,Y56,LONDON COMMISSIONING REGION,QWE,NHS SOUTH WEST LONDON INTEGRATED CARE BOARD
2025-26,H85049,BATTERSEA RISE GROUP PRACTICE,Y56,LONDON COMMISSIONING REGION,QWE,NHS SOUTH WEST LONDON INTEGRATED CARE BOARD
2025-26,H85051,LAMBTON ROAD MEDICAL PRACTICE,Y56,LONDON COMMISSIONING REGION,QWE,NHS SOUTH WEST LONDON INTEGRATED CARE BOARD
2025-26,H85052,STREATHAM PARK SURGERY,Y56,LONDON COMMISSIONING REGION,QWE,NHS SOUTH WEST LONDON INTEGRATED CARE BOARD
2025-26,H85066,BALHAM PARK SURGERY,Y56,LONDON COMMISSIONING REGION,QWE,NHS SOUTH WEST LONDON INTEGRATED CARE BOARD
2025-26,H85090,FIGGES MARSH SURGERY,Y56,LONDON COMMISSIONING REGION,QWE,NHS SOUTH WEST LONDON INTEGRATED CARE BOARD
2025-26,H85105,CHEAM FAMILY PRACTICE,Y56,LONDON COMMISSIONING REGION,QWE,NHS SOUTH WEST LONDON INTEGRATED CARE BOARD
2025-26,H85656,ALEXANDRA ROAD SURGERY,Y56,LONDON COMMISSIONING REGION,QWE,NHS SOUTH WEST LONDON INTEGRATED CARE BOARD
2025-26,J81014,WESTBOURNE MEDICAL CENTRE,Y58,SOUTH WEST COMMISSIONING REGION,QVV,NHS DORSET INTEGRATED CARE BOARD
2025-26,J81029,THE APPLES MEDICAL CENTRE,Y58,SOUTH WEST COMMISSIONING REGION,QVV,NHS DORSET INTEGRATED CARE BOARD
2025-26,J81033,TALBOT MEDICAL CENTRE,Y58,SOUTH WEST COMMISSIONING REGION,QVV,NHS DORSET INTEGRATED CARE BOARD
2025-26,J81039,MOORDOWN MEDICAL CENTRE,Y58,SOUTH WEST COMMISSIONING REGION,QVV,NHS DORSET INTEGRATED CARE BOARD
2025-26,J81045,KINSON ROAD MEDICAL CENTRE,Y58,SOUTH WEST COMMISSIONING REGION,QVV,NHS DORSET INTEGRATED CARE BOARD
2025-26,J81047,JAMES FISHER MEDICAL CENTRE,Y58,SOUTH WEST COMMISSIONING REGION,QVV,NHS DORSET INTEGRATED CARE BOARD
2025-26,J81049,THE MARINE & OAKRIDGE PARTNERSHIP,Y58,SOUTH WEST COMMISSIONING REGION,QVV,NHS DORSET INTEGRATED CARE BOARD
2025-26,J81064,POOLE TOWN SURGERY,Y58,SOUTH WEST COMMISSIONING REGION,QVV,NHS DORSET INTEGRATED CARE BOARD
2025-26,J81073,THE BRIDGES MEDICAL CTR.,Y58,SOUTH WEST COMMISSIONING REGION,QVV,NHS DORSET INTEGRATED CARE BOARD
2025-26,J81074,BARTON HOUSE MED PRACTICE,Y58,SOUTH WEST COMMISSIONING REGION,QVV,NHS DORSET INTEGRATED CARE BOARD
2025-26,J81081,GILLINGHAM MEDICAL PRACTICE,Y58,SOUTH WEST COMMISSIONING REGION,QVV,NHS DORSET INTEGRATED CARE BOARD
2025-26,J81087,THE BIRCHWOOD PRACTICE,Y58,SOUTH WEST COMMISSIONING REGION,QVV,NHS DORSET INTEGRATED CARE BOARD
2025-26,J81647,LYME BAY MEDICAL PRACTICE,Y58,SOUTH WEST COMMISSIONING REGION,QVV,NHS DORSET INTEGRATED CARE BOARD
2025-26,J82002,LORDSHILL HEALTH CENTRE,Y59,SOUTH EAST COMMISSIONING REGION,QRL,NHS HAMPSHIRE AND ISLE OF WIGHT INTEGRATED CARE BOARD
2025-26,J82007,COASTAL MEDICAL PARTNERSHIP,Y59,SOUTH EAST COMMISSIONING REGION,QRL,NHS HAMPSHIRE AND ISLE OF WIGHT INTEGRATED CARE BOARD
2025-26,J82012,PORTCHESTER PRACTICE,Y59,SOUTH EAST COMMISSIONING REGION,QRL,NHS HAMPSHIRE AND ISLE OF WIGHT INTEGRATED CARE BOARD
2025-26,J82017,THE ANDOVER HEALTH CENTRE MEDICAL PRACT,Y59,SOUTH EAST COMMISSIONING REGION,QRL,NHS HAMPSHIRE AND ISLE OF WIGHT INTEGRATED CARE BOARD
2025-26,J82018,STOKEWOOD SURGERY,Y59,SOUTH EAST COMMISSIONING REGION,QRL,NHS HAMPSHIRE AND ISLE OF WIGHT INTEGRATED CARE BOARD
2025-26,J82020,EASTLEIGH MEDICAL PRACTICE,Y59,SOUTH EAST COMMISSIONING REGION,QRL,NHS HAMPSHIRE AND ISLE OF WIGHT INTEGRATED CARE BOARD
2025-26,J82024,SOLENT GP SURGERY,Y59,SOUTH EAST COMMISSIONING REGION,QRL,NHS HAMPSHIRE AND ISLE OF WIGHT INTEGRATED CARE BOARD
2025-26,J82025,CHARLTON HILL SURGERY,Y59,SOUTH EAST COMMISSIONING REGION,QRL,NHS HAMPSHIRE AND ISLE OF WIGHT INTEGRATED CARE BOARD
2025-26,J82033,GUDGEHEATH LANE SURGERY,Y59,SOUTH EAST COMMISSIONING REGION,QRL,NHS HAMPSHIRE AND ISLE OF WIGHT INTEGRATED CARE BOARD
2025-26,J82039,RINGWOOD MEDICAL CENTRE,Y59,SOUTH EAST COMMISSIONING REGION,QRL,NHS HAMPSHIRE AND ISLE OF WIGHT INTEGRATED CARE BOARD
2025-26,J82051,HAMBLE VALLEY HEALTH,Y59,SOUTH EAST COMMISSIONING REGION,QRL,NHS HAMPSHIRE AND ISLE OF WIGHT INTEGRATED CARE BOARD
2025-26,J82053,ADELAIDE MEDICAL CENTRE,Y59,SOUTH EAST COMMISSIONING REGION,QRL,NHS HAMPSHIRE AND ISLE OF WIGHT INTEGRATED CARE BOARD
2025-26,J82055,CRANESWATER GROUP PRACTICE,Y59,SOUTH EAST COMMISSIONING REGION,QRL,NHS HAMPSHIRE AND ISLE OF WIGHT INTEGRATED CARE BOARD
2025-26,J82058,BRAMBLYS GRANGE MEDICAL PRACTICE,Y59,SOUTH EAST COMMISSIONING REGION,QRL,NHS HAMPSHIRE AND ISLE OF WIGHT INTEGRATED CARE BOARD
2025-26,E82024,LEA WHARF MEDICAL,Y61,EAST OF ENGLAND COMMISSIONING REGION,S1Y5D,NHS CENTRAL EAST INTEGRATED CARE BOARD
2025-26,E82031,MALTINGS SURGERY,Y61,EAST OF ENGLAND COMMISSIONING REGION,S1Y5D,NHS CENTRAL EAST INTEGRATED CARE BOARD
2025-26,E82038,THE BUNTINGFORD & PUCKERIDGE MED PRAC.,Y61,EAST OF ENGLAND COMMISSIONING REGION,S1Y5D,NHS CENTRAL EAST INTEGRATED CARE BOARD
2025-26,E82040,PEARTREE LANE SURGERY,Y61,EAST OF ENGLAND COMMISSIONING REGION,S1Y5D,NHS CENTRAL EAST INTEGRATED CARE BOARD
2025-26,E82056,SHEPHALL HEALTH CENTRE,Y61,EAST OF ENGLAND COMMISSIONING REGION,S1Y5D,NHS CENTRAL EAST INTEGRATED CARE BOARD
2025-26,E82066,HAVERFIELD SURGERY,Y61,EAST OF ENGLAND COMMISSIONING REGION,S1Y5D,NHS CENTRAL EAST INTEGRATED CARE BOARD
2025-26,E82067,CHURCH STREET PARTNERSHIP,Y61,EAST OF ENGLAND COMMISSIONING REGION,S1Y5D,NHS CENTRAL EAST INTEGRATED CARE BOARD
2025-26,E82069,THE ELMS SURGERY,Y61,EAST OF ENGLAND COMMISSIONING REGION,S1Y5D,NHS CENTRAL EAST INTEGRATED CARE BOARD
2025-26,E82078,HIGHVIEW MEDICAL CENTRE,Y61,EAST OF ENGLAND COMMISSIONING REGION,S1Y5D,NHS CENTRAL EAST INTEGRATED CARE BOARD
2025-26,E82081,CUFFLEY AND GOFFS OAK MEDICAL PRACTICE,Y61,EAST OF ENGLAND COMMISSIONING REGION,S1Y5D,NHS CENTRAL EAST INTEGRATED CARE BOARD
2025-26,E82082,THE BIRCHWOOD AND SOLLERSHOTT SURGERIES,Y61,EAST OF ENGLAND COMMISSIONING REGION,S1Y5D,NHS CENTRAL EAST INTEGRATED CARE BOARD
2025-26,E82085,THE RED HOUSE GROUP,Y61,EAST OF ENGLAND COMMISSIONING REGION,S1Y5D,NHS CENTRAL EAST INTEGRATED CARE BOARD
2025-26,E82086,KING GEORGE & MANOR HOUSE SURGERIES,Y61,EAST OF ENGLAND COMMISSIONING REGION,S1Y5D,NHS CENTRAL EAST INTEGRATED CARE BOARD
2025-26,E82088,HAILEY VIEW SURGERY,Y61,EAST OF ENGLAND COMMISSIONING REGION,S1Y5D,NHS CENTRAL EAST INTEGRATED CARE BOARD
2025-26,E82091,PARKWOOD SURGERY,Y61,EAST OF ENGLAND COMMISSIONING REGION,S1Y5D,NHS CENTRAL EAST INTEGRATED CARE BOARD
2025-26,E82098,ANNANDALE MEDICAL CENTRE,Y61,EAST OF ENGLAND COMMISSIONING REGION,S1Y5D,NHS CENTRAL EAST INTEGRATED CARE BOARD
2025-26,E82100,CENTRAL SURGERY,Y61,EAST OF ENGLAND COMMISSIONING REGION,S1Y5D,NHS CENTRAL EAST INTEGRATED CARE BOARD
2025-26,E82105,ABBOTSWOOD MEDICAL CENTRE,Y61,EAST OF ENGLAND COMMISSIONING REGION,S1Y5D,NHS CENTRAL EAST INTEGRATED CARE BOARD
2025-26,E82113,VERULAM MEDICAL GROUP,Y61,EAST OF ENGLAND COMMISSIONING REGION,S1Y5D,NHS CENTRAL EAST INTEGRATED CARE BOARD
2025-26,E82123,WARDEN LODGE MEDICAL PRACTICE,Y61,EAST OF ENGLAND COMMISSIONING REGION,S1Y5D,NHS CENTRAL EAST INTEGRATED CARE BOARD
2025-26,E82132,ROYSIA SURGERY,Y61,EAST OF ENGLAND COMMISSIONING REGION,S1Y5D,NHS CENTRAL EAST INTEGRATED CARE BOARD
2025-26,E83003,OAKLEIGH ROAD HEALTH CENTRE,Y56,LONDON COMMISSIONING REGION,Z9B2Z,NHS WEST AND NORTH LONDON INTEGRATED CARE BOARD
2025-26,E83006,GREENFIELD MEDICAL CENTRE,Y56,LONDON COMMISSIONING REGION,Z9B2Z,NHS WEST AND NORTH LONDON INTEGRATED CARE BOARD
2025-26,E83016,MILLWAY MEDICAL PRACTICE,Y56,LONDON COMMISSIONING REGION,Z9B2Z,NHS WEST AND NORTH LONDON INTEGRATED CARE BOARD
2025-26,E83018,WATLING MEDICAL CENTRE,Y56,LONDON COMMISSIONING REGION,Z9B2Z,NHS WEST AND NORTH LONDON INTEGRATED CARE BOARD
2025-26,E83020,ST. GEORGES MEDICAL CENTRE,Y56,LONDON COMMISSIONING REGION,Z9B2Z,NHS WEST AND NORTH LONDON INTEGRATED CARE BOARD
2025-26,E83027,THE PRACTICE AT 188,Y56,LONDON COMMISSIONING REGION,Z9B2Z,NHS WEST AND NORTH LONDON INTEGRATED CARE BOARD
2025-26,E83032,OAK LODGE MEDICAL CENTRE,Y56,LONDON COMMISSIONING REGION,Z9B2Z,NHS WEST AND NORTH LONDON INTEGRATED CARE BOARD
2025-26,E83038,JAI MEDICAL CENTRE,Y56,LONDON COMMISSIONING REGION,Z9B2Z,NHS WEST AND NORTH LONDON INTEGRATED CARE BOARD
2025-26,E83046,MULBERRY MEDICAL PRACTICE,Y56,LONDON COMMISSIONING REGION,Z9B2Z,NHS WEST AND NORTH LONDON INTEGRATED CARE BOARD
2025-26,E83050,EAST FINCHLEY MEDICAL CENTRE,Y56,LONDON COMMISSIONING REGION,Z9B2Z,NHS WEST AND NORTH LONDON INTEGRATED CARE BOARD
2025-26,E83639,ROSEMARY SURGERY,Y56,LONDON COMMISSIONING REGION,Z9B2Z,NHS WEST AND NORTH LONDON INTEGRATED CARE BOARD
2025-26,E84003,PREMIER MEDICAL CENTRE,Y56,LONDON COMMISSIONING REGION,Z9B2Z,NHS WEST AND NORTH LONDON INTEGRATED CARE BOARD
2025-26,E84007,UXENDON CRESCENT SURGERY,Y56,LONDON COMMISSIONING REGION,Z9B2Z,NHS WEST AND NORTH LONDON INTEGRATED CARE BOARD
2025-26,E84017,SUDBURY & ALPERTON MEDICAL CENTRE,Y56,LONDON COMMISSIONING REGION,Z9B2Z,NHS WEST AND NORTH LONDON INTEGRATED CARE BOARD
2025-26,E84022,ROXBOURNE MEDICAL CENTRE,Y56,LONDON COMMISSIONING REGION,Z9B2Z,NHS WEST AND NORTH LONDON INTEGRATED CARE BOARD
2025-26,E84031,BRENTFIELD MEDICAL CENTRE,Y56,LONDON COMMISSIONING REGION,Z9B2Z,NHS WEST AND NORTH LONDON INTEGRATED CARE BOARD
2025-26,E84033,CHALKHILL FAMILY PRACTICE,Y56,LONDON COMMISSIONING REGION,Z9B2Z,NHS WEST AND NORTH LONDON INTEGRATED CARE BOARD
2025-26,E84044,THE NORTHWICK SURGERY,Y56,LONDON COMMISSIONING REGION,Z9B2Z,NHS WEST AND NORTH LONDON INTEGRATED CARE BOARD
2025-26,E84048,THE FRYENT WAY SURGERY,Y56,LONDON COMMISSIONING REGION,Z9B2Z,NHS WEST AND NORTH LONDON INTEGRATED CARE BOARD
2025-26,E84057,THE STANMORE MEDICAL CENTRE,Y56,LONDON COMMISSIONING REGION,Z9B2Z,NHS WEST AND NORTH LONDON INTEGRATED CARE BOARD
2025-26,E84058,GP DIRECT,Y56,LONDON COMMISSIONING REGION,Z9B2Z,NHS WEST AND NORTH LONDON INTEGRATED CARE BOARD
2025-26,E84063,LANCELOT MEDICAL CENTRE,Y56,LONDON COMMISSIONING REGION,Z9B2Z,NHS WEST AND NORTH LONDON INTEGRATED CARE BOARD
2025-26,E84066,GP PATHFINDER CLINICS,Y56,LONDON COMMISSIONING REGION,Z9B2Z,NHS WEST AND NORTH LONDON INTEGRATED CARE BOARD
2025-26,E84638,ALPERTON MEDICAL CENTRE,Y56,LONDON COMMISSIONING REGION,Z9B2Z,NHS WEST AND NORTH LONDON INTEGRATED CARE BOARD
2025-26,E84646,THE STREATFIELD MEDICAL CENTRE,Y56,LONDON COMMISSIONING REGION,Z9B2Z,NHS WEST AND NORTH LONDON INTEGRATED CARE BOARD
2025-26,E84647,KENTON CLINIC,Y56,LONDON COMMISSIONING REGION,Z9B2Z,NHS WEST AND NORTH LONDON INTEGRATED CARE BOARD
2025-26,E84658,ASPRI MEDICAL CENTRE,Y56,LONDON COMMISSIONING REGION,Z9B2Z,NHS WEST AND NORTH LONDON INTEGRATED CARE BOARD
2025-26,J82061,ODIHAM HEALTH CENTRE,Y59,SOUTH EAST COMMISSIONING REGION,QRL,NHS HAMPSHIRE AND ISLE OF WIGHT INTEGRATED CARE BOARD
2025-26,J82062,CHEVIOT ROAD SURGERY,Y59,SOUTH EAST COMMISSIONING REGION,QRL,NHS HAMPSHIRE AND ISLE OF WIGHT INTEGRATED CARE BOARD
2025-26,J82067,VOYAGER FAMILY HEALTH,Y59,SOUTH EAST COMMISSIONING REGION,QRL,NHS HAMPSHIRE AND ISLE OF WIGHT INTEGRATED CARE BOARD
2025-26,J82071,ST. ANDREW'S SURGERY,Y59,SOUTH EAST COMMISSIONING REGION,QRL,NHS HAMPSHIRE AND ISLE OF WIGHT INTEGRATED CARE BOARD
2025-26,J82072,FORESTSIDE MEDICAL PRACTICE,Y59,SOUTH EAST COMMISSIONING REGION,QRL,NHS HAMPSHIRE AND ISLE OF WIGHT INTEGRATED CARE BOARD
2025-26,J82075,CHAWTON HOUSE SURGERY,Y59,SOUTH EAST COMMISSIONING REGION,QRL,NHS HAMPSHIRE AND ISLE OF WIGHT INTEGRATED CARE BOARD
2025-26,J82076,WOOLSTON AND CHARTWELL PARTNERSHIP,Y59,SOUTH EAST COMMISSIONING REGION,QRL,NHS HAMPSHIRE AND ISLE OF WIGHT INTEGRATED CARE BOARD
2025-26,J82084,BLOSSOM HEALTH - GOSPORT,Y59,SOUTH EAST COMMISSIONING REGION,QRL,NHS HAMPSHIRE AND ISLE OF WIGHT INTEGRATED CARE BOARD
2025-26,J82087,STONEHAM LANE SURGERY,Y59,SOUTH EAST COMMISSIONING REGION,QRL,NHS HAMPSHIRE AND ISLE OF WIGHT INTEGRATED CARE BOARD
2025-26,J82092,ALDERMOOR SURGERY,Y59,SOUTH EAST COMMISSIONING REGION,QRL,NHS HAMPSHIRE AND ISLE OF WIGHT INTEGRATED CARE BOARD
2025-26,J82094,TADLEY MEDICAL P'SHIP,Y59,SOUTH EAST COMMISSIONING REGION,QRL,NHS HAMPSHIRE AND ISLE OF WIGHT INTEGRATED CARE BOARD
2025-26,J82129,NEW FOREST MEDICAL GROUP,Y59,SOUTH EAST COMMISSIONING REGION,QRL,NHS HAMPSHIRE AND ISLE OF WIGHT INTEGRATED CARE BOARD
2025-26,J82130,FRIARSGATE PRACTICE,Y59,SOUTH EAST COMMISSIONING REGION,QRL,NHS HAMPSHIRE AND ISLE OF WIGHT INTEGRATED CARE BOARD
2025-26,J82136,CHAWTON PARK SURGERY,Y59,SOUTH EAST COMMISSIONING REGION,QRL,NHS HAMPSHIRE AND ISLE OF WIGHT INTEGRATED CARE BOARD
2025-26,J82149,DERBY ROAD GROUP PRACTICE,Y59,SOUTH EAST COMMISSIONING REGION,QRL,NHS HAMPSHIRE AND ISLE OF WIGHT INTEGRATED CARE BOARD
2025-26,E85123,THE CORFTON ROAD SURGERY,Y56,LONDON COMMISSIONING REGION,Z9B2Z,NHS WEST AND NORTH LONDON INTEGRATED CARE BOARD
2025-26,E85128,SANDS END HEALTH CLINIC,Y56,LONDON COMMISSIONING REGION,Z9B2Z,NHS WEST AND NORTH LONDON INTEGRATED CARE BOARD
2025-26,E85600,WILLOW PRACTICE,Y56,LONDON COMMISSIONING REGION,Z9B2Z,NHS WEST AND NORTH LONDON INTEGRATED CARE BOARD
2025-26,E85628,ELTHORNE PARK SURGERY,Y56,LONDON COMMISSIONING REGION,Z9B2Z,NHS WEST AND NORTH LONDON INTEGRATED CARE BOARD
2025-26,E85656,SUNRISE MEDICAL CENTRE,Y56,LONDON COMMISSIONING REGION,Z9B2Z,NHS WEST AND NORTH LONDON INTEGRATED CARE BOARD
2025-26,E85683,GLEBE STREET SURGERY,Y56,LONDON COMMISSIONING REGION,Z9B2Z,NHS WEST AND NORTH LONDON INTEGRATED CARE BOARD
2025-26,E85687,ACTON LANE MEDICAL CENTRE,Y56,LONDON COMMISSIONING REGION,Z9B2Z,NHS WEST AND NORTH LONDON INTEGRATED CARE BOARD
2025-26,E85694,THE BOILEAU ROAD SURGERY,Y56,LONDON COMMISSIONING REGION,Z9B2Z,NHS WEST AND NORTH LONDON INTEGRATED CARE BOARD
2025-26,E85707,SKYWAYS MEDICAL CENTRE,Y56,LONDON COMMISSIONING REGION,Z9B2Z,NHS WEST AND NORTH LONDON INTEGRATED CARE BOARD
2025-26,E85715,BROADMEAD SURGERY,Y56,LONDON COMMISSIONING REGION,Z9B2Z,NHS WEST AND NORTH LONDON INTEGRATED CARE BOARD
2025-26,E85719,ASHVILLE SURGERY,Y56,LONDON COMMISSIONING REGION,Z9B2Z,NHS WEST AND NORTH LONDON INTEGRATED CARE BOARD
2025-26,E85725,THE GROVE MEDICAL PRACTICE,Y56,LONDON COMMISSIONING REGION,Z9B2Z,NHS WEST AND NORTH LONDON INTEGRATED CARE BOARD
2025-26,E85743,ST. GEORGES MEDICAL CTR.,Y56,LONDON COMMISSIONING REGION,Z9B2Z,NHS WEST AND NORTH LONDON INTEGRATED CARE BOARD
2025-26,E85745,JUBILEE GARDENS MEDICAL CENTRE,Y56,LONDON COMMISSIONING REGION,Z9B2Z,NHS WEST AND NORTH LONDON INTEGRATED CARE BOARD
2025-26,E85750,SPRING GROVE MEDICAL PRACTICE,Y56,LONDON COMMISSIONING REGION,Z9B2Z,NHS WEST AND NORTH LONDON INTEGRATED CARE BOARD
2025-26,E86004,THE MEDICAL CENTRE,Y56,LONDON COMMISSIONING REGION,Z9B2Z,NHS WEST AND NORTH LONDON INTEGRATED CARE BOARD
2025-26,J82151,TWIN OAKS MEDICAL CENTRE,Y59,SOUTH EAST COMMISSIONING REGION,QRL,NHS HAMPSHIRE AND ISLE OF WIGHT INTEGRATED CARE BOARD
2025-26,J82161,WESTLANDS MEDICAL CENTRE,Y59,SOUTH EAST COMMISSIONING REGION,QRL,NHS HAMPSHIRE AND ISLE OF WIGHT INTEGRATED CARE BOARD
2025-26,J82178,PRINCES GARDENS SURGERY,Y59,SOUTH EAST COMMISSIONING REGION,QRL,NHS HAMPSHIRE AND ISLE OF WIGHT INTEGRATED CARE BOARD
2025-26,J82181,MAYFIELD MEDICAL CENTRE,Y59,SOUTH EAST COMMISSIONING REGION,QRL,NHS HAMPSHIRE AND ISLE OF WIGHT INTEGRATED CARE BOARD
2025-26,J82184,PINEHILL SURGERY,Y59,SOUTH EAST COMMISSIONING REGION,QRL,NHS HAMPSHIRE AND ISLE OF WIGHT INTEGRATED CARE BOARD
2025-26,J82199,THE UNICITY MEDICAL CENTRE,Y59,SOUTH EAST COMMISSIONING REGION,QRL,NHS HAMPSHIRE AND ISLE OF WIGHT INTEGRATED CARE BOARD
2025-26,J82201,THE GRANGE SURGERY,Y59,SOUTH EAST COMMISSIONING REGION,QRL,NHS HAMPSHIRE AND ISLE OF WIGHT INTEGRATED CARE BOARD
2025-26,J82213,BROOK HOUSE SURGERY,Y59,SOUTH EAST COMMISSIONING REGION,QRL,NHS HAMPSHIRE AND ISLE OF WIGHT INTEGRATED CARE BOARD
2025-26,J82218,CHINEHAM MEDICAL PRACTICE,Y59,SOUTH EAST COMMISSIONING REGION,QRL,NHS HAMPSHIRE AND ISLE OF WIGHT INTEGRATED CARE BOARD
2025-26,J82630,NORTH CAMP SURGERY,Y59,SOUTH EAST COMMISSIONING REGION,QRL,NHS HAMPSHIRE AND ISLE OF WIGHT INTEGRATED CARE BOARD
2025-26,J82640,HORNDEAN SURGERY,Y59,SOUTH EAST COMMISSIONING REGION,QRL,NHS HAMPSHIRE AND ISLE OF WIGHT INTEGRATED CARE BOARD
2025-26,J82646,BLOSSOM HEALTH,Y59,SOUTH EAST COMMISSIONING REGION,QRL,NHS HAMPSHIRE AND ISLE OF WIGHT INTEGRATED CARE BOARD
2025-26,J82669,ROWNER HEALTH CENTRE,Y59,SOUTH EAST COMMISSIONING REGION,QRL,NHS HAMPSHIRE AND ISLE OF WIGHT INTEGRATED CARE BOARD
2025-26,J83007,HATHAWAY SURGERY,Y58,SOUTH WEST COMMISSIONING REGION,QOX,"NHS BATH AND NORTH EAST SOMERSET, SWINDON AND WILTSHIRE INTEGRATED CARE BOARD"
2025-26,J83013,BOX SURGERY,Y58,SOUTH WEST COMMISSIONING REGION,QOX,"NHS BATH AND NORTH EAST SOMERSET, SWINDON AND WILTSHIRE INTEGRATED CARE BOARD"
2025-26,E84665,NEASDEN MEDICAL CENTRE,Y56,LONDON COMMISSIONING REGION,Z9B2Z,NHS WEST AND NORTH LONDON INTEGRATED CARE BOARD
2025-26,E84676,HEADSTONE LANE MEDICAL CENTRE,Y56,LONDON COMMISSIONING REGION,Z9B2Z,NHS WEST AND NORTH LONDON INTEGRATED CARE BOARD
2025-26,E84678,PRESTON MEDICAL CENTRE,Y56,LONDON COMMISSIONING REGION,Z9B2Z,NHS WEST AND NORTH LONDON INTEGRATED CARE BOARD
2025-26,E84699,KINGS EDGE MEDICAL CENTRE,Y56,LONDON COMMISSIONING REGION,Z9B2Z,NHS WEST AND NORTH LONDON INTEGRATED CARE BOARD
2025-26,E84709,WEMBLEY PARK MEDICAL CENTRE,Y56,LONDON COMMISSIONING REGION,Z9B2Z,NHS WEST AND NORTH LONDON INTEGRATED CARE BOARD
2025-26,E85014,NORTHFIELDS SURGERY,Y56,LONDON COMMISSIONING REGION,Z9B2Z,NHS WEST AND NORTH LONDON INTEGRATED CARE BOARD
2025-26,E85025,CASSIDY ROAD MEDICAL CENTRE,Y56,LONDON COMMISSIONING REGION,Z9B2Z,NHS WEST AND NORTH LONDON INTEGRATED CARE BOARD
2025-26,E85033,HAMMERSMITH SURGERY,Y56,LONDON COMMISSIONING REGION,Z9B2Z,NHS WEST AND NORTH LONDON INTEGRATED CARE BOARD
2025-26,E85034,GROSVENOR HOUSE SURGERY,Y56,LONDON COMMISSIONING REGION,Z9B2Z,NHS WEST AND NORTH LONDON INTEGRATED CARE BOARD
2025-26,E85035,MOUNT MEDICAL CENTRE,Y56,LONDON COMMISSIONING REGION,Z9B2Z,NHS WEST AND NORTH LONDON INTEGRATED CARE BOARD
2025-26,E85040,WEST4 GPS,Y56,LONDON COMMISSIONING REGION,Z9B2Z,NHS WEST AND NORTH LONDON INTEGRATED CARE BOARD
2025-26,E85046,EASTMEAD AVENUE SURGERY,Y56,LONDON COMMISSIONING REGION,Z9B2Z,NHS WEST AND NORTH LONDON INTEGRATED CARE BOARD
2025-26,E85049,BELMONT MEDICAL CENTRE,Y56,LONDON COMMISSIONING REGION,Z9B2Z,NHS WEST AND NORTH LONDON INTEGRATED CARE BOARD
2025-26,E85052,CRANFORD MEDICAL CENTRE,Y56,LONDON COMMISSIONING REGION,Z9B2Z,NHS WEST AND NORTH LONDON INTEGRATED CARE BOARD
2025-26,E85056,ST DAVIDS PRACTICE,Y56,LONDON COMMISSIONING REGION,Z9B2Z,NHS WEST AND NORTH LONDON INTEGRATED CARE BOARD
2025-26,E85057,QUEENS WALK PRACTICE,Y56,LONDON COMMISSIONING REGION,Z9B2Z,NHS WEST AND NORTH LONDON INTEGRATED CARE BOARD
2025-26,E85059,CHESTNUT PRACTICE,Y56,LONDON COMMISSIONING REGION,Z9B2Z,NHS WEST AND NORTH LONDON INTEGRATED CARE BOARD
2025-26,E85062,HIYOS,Y56,LONDON COMMISSIONING REGION,Z9B2Z,NHS WEST AND NORTH LONDON INTEGRATED CARE BOARD
2025-26,E85064,WEST END SURGERY,Y56,LONDON COMMISSIONING REGION,Z9B2Z,NHS WEST AND NORTH LONDON INTEGRATED CARE BOARD
2025-26,E85069,OLDFIELD FAMILY PRACTICE,Y56,LONDON COMMISSIONING REGION,Z9B2Z,NHS WEST AND NORTH LONDON INTEGRATED CARE BOARD
2025-26,E85071,CLIFFORD HOUSE MEDICAL CENTRE,Y56,LONDON COMMISSIONING REGION,Z9B2Z,NHS WEST AND NORTH LONDON INTEGRATED CARE BOARD
2025-26,E85083,DR SIVANESAN & PARTNER,Y56,LONDON COMMISSIONING REGION,Z9B2Z,NHS WEST AND NORTH LONDON INTEGRATED CARE BOARD
2025-26,E85090,HAMMOND ROAD SURGERY,Y56,LONDON COMMISSIONING REGION,Z9B2Z,NHS WEST AND NORTH LONDON INTEGRATED CARE BOARD
2025-26,E85107,THE MILL HILL SURGERY,Y56,LONDON COMMISSIONING REGION,Z9B2Z,NHS WEST AND NORTH LONDON INTEGRATED CARE BOARD
2025-26,E85108,MANDEVILLE MEDICAL CENTRE,Y56,LONDON COMMISSIONING REGION,Z9B2Z,NHS WEST AND NORTH LONDON INTEGRATED CARE BOARD
2025-26,E85109,THE ACTON HEALTH CENTRE,Y56,LONDON COMMISSIONING REGION,Z9B2Z,NHS WEST AND NORTH LONDON INTEGRATED CARE BOARD
2025-26,E85111,PERIVALE MEDICAL CLINIC,Y56,LONDON COMMISSIONING REGION,Z9B2Z,NHS WEST AND NORTH LONDON INTEGRATED CARE BOARD
2025-26,E85113,REDWOOD PRACTICE,Y56,LONDON COMMISSIONING REGION,Z9B2Z,NHS WEST AND NORTH LONDON INTEGRATED CARE BOARD
2025-26,E85122,THE FLORENCE ROAD SURGERY,Y56,LONDON COMMISSIONING REGION,Z9B2Z,NHS WEST AND NORTH LONDON INTEGRATED CARE BOARD
2025-26,E85126,GREEN PRACTICE,Y56,LONDON COMMISSIONING REGION,Z9B2Z,NHS WEST AND NORTH LONDON INTEGRATED CARE BOARD
2025-26,E85605,BRENTFORD GROUP PRACTICE,Y56,LONDON COMMISSIONING REGION,Z9B2Z,NHS WEST AND NORTH LONDON INTEGRATED CARE BOARD
2025-26,E85657,EALING PARK HEALTH CENTRE,Y56,LONDON COMMISSIONING REGION,Z9B2Z,NHS WEST AND NORTH LONDON INTEGRATED CARE BOARD
2025-26,J83021,SALISBURY MEDICAL PRACTICE,Y58,SOUTH WEST COMMISSIONING REGION,QOX,"NHS BATH AND NORTH EAST SOMERSET, SWINDON AND WILTSHIRE INTEGRATED CARE BOARD"
2025-26,J83022,OLD TOWN SURGERY,Y58,SOUTH WEST COMMISSIONING REGION,QOX,"NHS BATH AND NORTH EAST SOMERSET, SWINDON AND WILTSHIRE INTEGRATED CARE BOARD"
2025-26,J83027,HAWTHORN MEDICAL CENTRE,Y58,SOUTH WEST COMMISSIONING REGION,QOX,"NHS BATH AND NORTH EAST SOMERSET, SWINDON AND WILTSHIRE INTEGRATED CARE BOARD"
2025-26,J83029,TINKERS LANE SURGERY,Y58,SOUTH WEST COMMISSIONING REGION,QOX,"NHS BATH AND NORTH EAST SOMERSET, SWINDON AND WILTSHIRE INTEGRATED CARE BOARD"
2025-26,J83034,LANSDOWNE SURGERY,Y58,SOUTH WEST COMMISSIONING REGION,QOX,"NHS BATH AND NORTH EAST SOMERSET, SWINDON AND WILTSHIRE INTEGRATED CARE BOARD"
2025-26,J83036,ASHINGTON HOUSE SURGERY,Y58,SOUTH WEST COMMISSIONING REGION,QOX,"NHS BATH AND NORTH EAST SOMERSET, SWINDON AND WILTSHIRE INTEGRATED CARE BOARD"
2025-26,J83037,KENNET AND AVON MEDICAL PARTNERSHIP,Y58,SOUTH WEST COMMISSIONING REGION,QOX,"NHS BATH AND NORTH EAST SOMERSET, SWINDON AND WILTSHIRE INTEGRATED CARE BOARD"
2025-26,J83041,MALMESBURY MEDICAL PARTNERSHIP,Y58,SOUTH WEST COMMISSIONING REGION,QOX,"NHS BATH AND NORTH EAST SOMERSET, SWINDON AND WILTSHIRE INTEGRATED CARE BOARD"
2025-26,J83045,RAMSBURY SURGERY,Y58,SOUTH WEST COMMISSIONING REGION,QOX,"NHS BATH AND NORTH EAST SOMERSET, SWINDON AND WILTSHIRE INTEGRATED CARE BOARD"
2025-26,J83050,PATFORD HOUSE PARTNERSHIP,Y58,SOUTH WEST COMMISSIONING REGION,QOX,"NHS BATH AND NORTH EAST SOMERSET, SWINDON AND WILTSHIRE INTEGRATED CARE BOARD"
2025-26,J83646,PARK LANE PRACTICE,Y58,SOUTH WEST COMMISSIONING REGION,QOX,"NHS BATH AND NORTH EAST SOMERSET, SWINDON AND WILTSHIRE INTEGRATED CARE BOARD"
2025-26,J84003,VENTNOR MEDICAL PRACTICE,Y59,SOUTH EAST COMMISSIONING REGION,QRL,NHS HAMPSHIRE AND ISLE OF WIGHT INTEGRATED CARE BOARD
2025-26,J84004,EAST COWES MEDICAL CENTRE,Y59,SOUTH EAST COMMISSIONING REGION,QRL,NHS HAMPSHIRE AND ISLE OF WIGHT INTEGRATED CARE BOARD
2025-26,J84015,COWES MEDICAL CENTRE,Y59,SOUTH EAST COMMISSIONING REGION,QRL,NHS HAMPSHIRE AND ISLE OF WIGHT INTEGRATED CARE BOARD
2025-26,J84016,SOUTH WIGHT MEDICAL PRACTICE,Y59,SOUTH EAST COMMISSIONING REGION,QRL,NHS HAMPSHIRE AND ISLE OF WIGHT INTEGRATED CARE BOARD
2025-26,K81004,THE POTTERIES,Y59,SOUTH EAST COMMISSIONING REGION,S0E4D,NHS THAMES VALLEY INTEGRATED CARE BOARD
2025-26,K81022,WOKINGHAM MEDICAL CENTRE,Y59,SOUTH EAST COMMISSIONING REGION,S0E4D,NHS THAMES VALLEY INTEGRATED CARE BOARD
2025-26,K81040,MILMAN & KENNET SURGERY,Y59,SOUTH EAST COMMISSIONING REGION,S0E4D,NHS THAMES VALLEY INTEGRATED CARE BOARD
2025-26,K81041,EMMER GREEN SURGERY,Y59,SOUTH EAST COMMISSIONING REGION,S0E4D,NHS THAMES VALLEY INTEGRATED CARE BOARD
2025-26,K81046,LEE HOUSE SURGERY,Y59,SOUTH EAST COMMISSIONING REGION,S0E4D,NHS THAMES VALLEY INTEGRATED CARE BOARD
2025-26,K81050,THE DOWNLAND PRACTICE,Y59,SOUTH EAST COMMISSIONING REGION,S0E4D,NHS THAMES VALLEY INTEGRATED CARE BOARD
2025-26,K81057,HUNGERFORD SURGERY,Y59,SOUTH EAST COMMISSIONING REGION,S0E4D,NHS THAMES VALLEY INTEGRATED CARE BOARD
2025-26,K81063,STRAWBERRY HILL MEDICAL CENTRE,Y59,SOUTH EAST COMMISSIONING REGION,S0E4D,NHS THAMES VALLEY INTEGRATED CARE BOARD
2025-26,K81070,TWYFORD SURGERY,Y59,SOUTH EAST COMMISSIONING REGION,S0E4D,NHS THAMES VALLEY INTEGRATED CARE BOARD
2025-26,K81078,GROVELANDS MEDICAL CENTRE,Y59,SOUTH EAST COMMISSIONING REGION,S0E4D,NHS THAMES VALLEY INTEGRATED CARE BOARD
2025-26,K81082,THE VILLAGE MEDICAL CENTRE,Y59,SOUTH EAST COMMISSIONING REGION,S0E4D,NHS THAMES VALLEY INTEGRATED CARE BOARD
2025-26,K81084,ROSEMEAD SURGERY,Y59,SOUTH EAST COMMISSIONING REGION,S0E4D,NHS THAMES VALLEY INTEGRATED CARE BOARD
2025-26,K81094,GREAT HOLLANDS PRACTICE,Y59,SOUTH EAST COMMISSIONING REGION,S0E4D,NHS THAMES VALLEY INTEGRATED CARE BOARD
2025-26,K81103,CHAPEL ROW SURGERY,Y59,SOUTH EAST COMMISSIONING REGION,S0E4D,NHS THAMES VALLEY INTEGRATED CARE BOARD
2025-26,E85680,CLOISTER ROAD SURGERY,Y56,LONDON COMMISSIONING REGION,Z9B2Z,NHS WEST AND NORTH LONDON INTEGRATED CARE BOARD
2025-26,E85681,JERSEY PRACTICE,Y56,LONDON COMMISSIONING REGION,Z9B2Z,NHS WEST AND NORTH LONDON INTEGRATED CARE BOARD
2025-26,E85685,THE LILYVILLE SURGERY,Y56,LONDON COMMISSIONING REGION,Z9B2Z,NHS WEST AND NORTH LONDON INTEGRATED CARE BOARD
2025-26,E85696,CLIFFORD ROAD SURGERY,Y56,LONDON COMMISSIONING REGION,Z9B2Z,NHS WEST AND NORTH LONDON INTEGRATED CARE BOARD
2025-26,E85697,GREENBROOK BEDFONT,Y56,LONDON COMMISSIONING REGION,Z9B2Z,NHS WEST AND NORTH LONDON INTEGRATED CARE BOARD
2025-26,E85699,GROVE VILLAGE MEDICAL CENTRE,Y56,LONDON COMMISSIONING REGION,Z9B2Z,NHS WEST AND NORTH LONDON INTEGRATED CARE BOARD
2025-26,E85712,GOODCARE PRACTICE,Y56,LONDON COMMISSIONING REGION,Z9B2Z,NHS WEST AND NORTH LONDON INTEGRATED CARE BOARD
2025-26,E85713,HOUNSLOW FAMILY PRACTICE,Y56,LONDON COMMISSIONING REGION,Z9B2Z,NHS WEST AND NORTH LONDON INTEGRATED CARE BOARD
2025-26,E85716,BATH ROAD SURGERY,Y56,LONDON COMMISSIONING REGION,Z9B2Z,NHS WEST AND NORTH LONDON INTEGRATED CARE BOARD
2025-26,E85726,MATTOCK LANE HEALTH CENTRE,Y56,LONDON COMMISSIONING REGION,Z9B2Z,NHS WEST AND NORTH LONDON INTEGRATED CARE BOARD
2025-26,E85735,BRENTFORD FAMILY PRACTICE,Y56,LONDON COMMISSIONING REGION,Z9B2Z,NHS WEST AND NORTH LONDON INTEGRATED CARE BOARD
2025-26,E85744,ARGYLE HEALTH-ISLEWORTH PRACTICE,Y56,LONDON COMMISSIONING REGION,Z9B2Z,NHS WEST AND NORTH LONDON INTEGRATED CARE BOARD
2025-26,E86009,BELMONT MEDICAL CENTRE,Y56,LONDON COMMISSIONING REGION,Z9B2Z,NHS WEST AND NORTH LONDON INTEGRATED CARE BOARD
2025-26,E86010,YIEWSLEY FAMILY PRACTICE,Y56,LONDON COMMISSIONING REGION,Z9B2Z,NHS WEST AND NORTH LONDON INTEGRATED CARE BOARD
2025-26,E86015,CENTRAL UXBRIDGE SURGERY,Y56,LONDON COMMISSIONING REGION,Z9B2Z,NHS WEST AND NORTH LONDON INTEGRATED CARE BOARD
2025-26,E86016,THE PINE MEDICAL CENTRE,Y56,LONDON COMMISSIONING REGION,Z9B2Z,NHS WEST AND NORTH LONDON INTEGRATED CARE BOARD
2025-26,K81610,FOREST HEALTH GROUP-MOUNT LANE,Y59,SOUTH EAST COMMISSIONING REGION,S0E4D,NHS THAMES VALLEY INTEGRATED CARE BOARD
2025-26,K81656,CROWN WOOD MEDICAL CENTRE,Y59,SOUTH EAST COMMISSIONING REGION,S0E4D,NHS THAMES VALLEY INTEGRATED CARE BOARD
2025-26,K82001,RECTORY MEADOW SURGERY,Y59,SOUTH EAST COMMISSIONING REGION,S0E4D,NHS THAMES VALLEY INTEGRATED CARE BOARD
2025-26,K82003,WOLVERTON HEALTH CENTRE,Y61,EAST OF ENGLAND COMMISSIONING REGION,S1Y5D,NHS CENTRAL EAST INTEGRATED CARE BOARD
2025-26,K82004,AMERSHAM HEALTH CENTRE,Y59,SOUTH EAST COMMISSIONING REGION,S0E4D,NHS THAMES VALLEY INTEGRATED CARE BOARD
2025-26,K82009,WATLING STREET PRACTICE,Y61,EAST OF ENGLAND COMMISSIONING REGION,S1Y5D,NHS CENTRAL EAST INTEGRATED CARE BOARD
2025-26,K82011,MILLBARN MEDICAL CENTRE,Y59,SOUTH EAST COMMISSIONING REGION,S0E4D,NHS THAMES VALLEY INTEGRATED CARE BOARD
2025-26,K82013,THE RED HOUSE SURGERY,Y61,EAST OF ENGLAND COMMISSIONING REGION,S1Y5D,NHS CENTRAL EAST INTEGRATED CARE BOARD
2025-26,K82030,WYE VALLEY SURGERY,Y59,SOUTH EAST COMMISSIONING REGION,S0E4D,NHS THAMES VALLEY INTEGRATED CARE BOARD
2025-26,K82031,THREEWAYS SURGERY,Y59,SOUTH EAST COMMISSIONING REGION,S0E4D,NHS THAMES VALLEY INTEGRATED CARE BOARD
2025-26,K82032,OAKRIDGE PARK MEDICAL CENTRE,Y61,EAST OF ENGLAND COMMISSIONING REGION,S1Y5D,NHS CENTRAL EAST INTEGRATED CARE BOARD
2025-26,K82033,BURNHAM HEALTH CENTRE,Y59,SOUTH EAST COMMISSIONING REGION,S0E4D,NHS THAMES VALLEY INTEGRATED CARE BOARD
2025-26,K82035,THE JOHN HAMPDEN SURGERY,Y59,SOUTH EAST COMMISSIONING REGION,S0E4D,NHS THAMES VALLEY INTEGRATED CARE BOARD
2025-26,K82037,WATER MEADOW SURGERY,Y59,SOUTH EAST COMMISSIONING REGION,S0E4D,NHS THAMES VALLEY INTEGRATED CARE BOARD
2025-26,K82040,WHITEHILL SURGERY,Y59,SOUTH EAST COMMISSIONING REGION,S0E4D,NHS THAMES VALLEY INTEGRATED CARE BOARD
2025-26,K82044,CARRINGTON HOUSE SURGERY,Y59,SOUTH EAST COMMISSIONING REGION,S0E4D,NHS THAMES VALLEY INTEGRATED CARE BOARD
2025-26,E86028,EASTBURY SURGERY,Y56,LONDON COMMISSIONING REGION,Z9B2Z,NHS WEST AND NORTH LONDON INTEGRATED CARE BOARD
2025-26,E86030,BRUNEL MEDICAL CENTRE,Y56,LONDON COMMISSIONING REGION,Z9B2Z,NHS WEST AND NORTH LONDON INTEGRATED CARE BOARD
2025-26,E86033,ST MARTINS MEDICAL CENTRE,Y56,LONDON COMMISSIONING REGION,Z9B2Z,NHS WEST AND NORTH LONDON INTEGRATED CARE BOARD
2025-26,E86036,HILLINGDON HEALTH CENTRE,Y56,LONDON COMMISSIONING REGION,Z9B2Z,NHS WEST AND NORTH LONDON INTEGRATED CARE BOARD
2025-26,E86038,GLENDALE MEDICAL CENTRE,Y56,LONDON COMMISSIONING REGION,Z9B2Z,NHS WEST AND NORTH LONDON INTEGRATED CARE BOARD
2025-26,E86042,THE HIGH STREET PRACTICE,Y56,LONDON COMMISSIONING REGION,Z9B2Z,NHS WEST AND NORTH LONDON INTEGRATED CARE BOARD
2025-26,E86609,NORTH HYDE ROAD SURGERY,Y56,LONDON COMMISSIONING REGION,Z9B2Z,NHS WEST AND NORTH LONDON INTEGRATED CARE BOARD
2025-26,E86615,ACREFIELD SURGERY,Y56,LONDON COMMISSIONING REGION,Z9B2Z,NHS WEST AND NORTH LONDON INTEGRATED CARE BOARD
2025-26,E86625,KINCORA DOCTORS SURGERY,Y56,LONDON COMMISSIONING REGION,Z9B2Z,NHS WEST AND NORTH LONDON INTEGRATED CARE BOARD
2025-26,E86626,QUEENS WALK MEDICAL CENTRE,Y56,LONDON COMMISSIONING REGION,Z9B2Z,NHS WEST AND NORTH LONDON INTEGRATED CARE BOARD
2025-26,E86637,HEATHROW MEDICAL CENTRE,Y56,LONDON COMMISSIONING REGION,Z9B2Z,NHS WEST AND NORTH LONDON INTEGRATED CARE BOARD
2025-26,E87004,HEALTH PARTNERS AT VIOLET MELCHETT,Y56,LONDON COMMISSIONING REGION,Z9B2Z,NHS WEST AND NORTH LONDON INTEGRATED CARE BOARD
2025-26,E87008,PADDINGTON GREEN HEALTH CENTRE,Y56,LONDON COMMISSIONING REGION,Z9B2Z,NHS WEST AND NORTH LONDON INTEGRATED CARE BOARD
2025-26,E87016,HOLLAND PARK SURGERY,Y56,LONDON COMMISSIONING REGION,Z9B2Z,NHS WEST AND NORTH LONDON INTEGRATED CARE BOARD
2025-26,E87043,EMPEROR'S GATE SURGERY,Y56,LONDON COMMISSIONING REGION,Z9B2Z,NHS WEST AND NORTH LONDON INTEGRATED CARE BOARD
2025-26,E87045,COVENT GARDEN MEDICAL CENTRE,Y56,LONDON COMMISSIONING REGION,Z9B2Z,NHS WEST AND NORTH LONDON INTEGRATED CARE BOARD
2025-26,K82047,UNITY HEALTH,Y59,SOUTH EAST COMMISSIONING REGION,S0E4D,NHS THAMES VALLEY INTEGRATED CARE BOARD
2025-26,K82064,FISHERMEAD MEDICAL CENTRE,Y61,EAST OF ENGLAND COMMISSIONING REGION,S1Y5D,NHS CENTRAL EAST INTEGRATED CARE BOARD
2025-26,K82065,CENTRAL MILTON KEYNES MEDICAL CENTRE,Y61,EAST OF ENGLAND COMMISSIONING REGION,S1Y5D,NHS CENTRAL EAST INTEGRATED CARE BOARD
2025-26,K82617,THE STONEDEAN PRACTICE,Y61,EAST OF ENGLAND COMMISSIONING REGION,S1Y5D,NHS CENTRAL EAST INTEGRATED CARE BOARD
2025-26,K83006,HEADLANDS SURGERY,Y60,MIDLANDS COMMISSIONING REGION,QPM,NHS NORTHAMPTONSHIRE INTEGRATED CARE BOARD
2025-26,K83008,THE PINES SURGERY,Y60,MIDLANDS COMMISSIONING REGION,QPM,NHS NORTHAMPTONSHIRE INTEGRATED CARE BOARD
2025-26,K83012,KING EDWARD ROAD SURGERY,Y60,MIDLANDS COMMISSIONING REGION,QPM,NHS NORTHAMPTONSHIRE INTEGRATED CARE BOARD
2025-26,K83017,WANSFORD,Y61,EAST OF ENGLAND COMMISSIONING REGION,S1Y5D,NHS CENTRAL EAST INTEGRATED CARE BOARD
2025-26,K83018,SPRINGFIELD SURGERY,Y60,MIDLANDS COMMISSIONING REGION,QPM,NHS NORTHAMPTONSHIRE INTEGRATED CARE BOARD
2025-26,K83022,TOWCESTER MEDICAL CENTRE,Y60,MIDLANDS COMMISSIONING REGION,QPM,NHS NORTHAMPTONSHIRE INTEGRATED CARE BOARD
2025-26,K83025,THE MOUNTS MEDICAL CENTRE,Y60,MIDLANDS COMMISSIONING REGION,QPM,NHS NORTHAMPTONSHIRE INTEGRATED CARE BOARD
2025-26,K83027,LANGHAM PLACE SURGERY,Y60,MIDLANDS COMMISSIONING REGION,QPM,NHS NORTHAMPTONSHIRE INTEGRATED CARE BOARD
2025-26,K83029,ABINGTON PARK SURGERY,Y60,MIDLANDS COMMISSIONING REGION,QPM,NHS NORTHAMPTONSHIRE INTEGRATED CARE BOARD
2025-26,K83030,THE COTTONS MEDICAL CENTRE,Y60,MIDLANDS COMMISSIONING REGION,QPM,NHS NORTHAMPTONSHIRE INTEGRATED CARE BOARD
2025-26,K83031,BYFIELD MEDICAL CENTRE,Y60,MIDLANDS COMMISSIONING REGION,QPM,NHS NORTHAMPTONSHIRE INTEGRATED CARE BOARD
2025-26,K83032,ABBEY HOUSE MEDICAL PRACTICE,Y60,MIDLANDS COMMISSIONING REGION,QPM,NHS NORTHAMPTONSHIRE INTEGRATED CARE BOARD
2025-26,K83037,DR SPENCER & PARTNERS,Y60,MIDLANDS COMMISSIONING REGION,QPM,NHS NORTHAMPTONSHIRE INTEGRATED CARE BOARD
2025-26,K83039,DRYLAND MEDICAL CENTRE,Y60,MIDLANDS COMMISSIONING REGION,QPM,NHS NORTHAMPTONSHIRE INTEGRATED CARE BOARD
2025-26,K83040,WOODVIEW MEDICAL CENTRE,Y60,MIDLANDS COMMISSIONING REGION,QPM,NHS NORTHAMPTONSHIRE INTEGRATED CARE BOARD
2025-26,K83044,PARKLANDS MEDICAL CENTRE,Y60,MIDLANDS COMMISSIONING REGION,QPM,NHS NORTHAMPTONSHIRE INTEGRATED CARE BOARD
2025-26,K83047,ABBEY MEDICAL PRACTICE,Y60,MIDLANDS COMMISSIONING REGION,QPM,NHS NORTHAMPTONSHIRE INTEGRATED CARE BOARD
2025-26,K83048,BROOK MEDICAL CENTRE,Y60,MIDLANDS COMMISSIONING REGION,QPM,NHS NORTHAMPTONSHIRE INTEGRATED CARE BOARD
2025-26,K83049,BRACKLEY MEDICAL CENTRE,Y60,MIDLANDS COMMISSIONING REGION,QPM,NHS NORTHAMPTONSHIRE INTEGRATED CARE BOARD
2025-26,K83050,THE CRESCENT MEDICAL CTR.,Y60,MIDLANDS COMMISSIONING REGION,QPM,NHS NORTHAMPTONSHIRE INTEGRATED CARE BOARD
2025-26,K83051,WEAVERS MEDICAL,Y60,MIDLANDS COMMISSIONING REGION,QPM,NHS NORTHAMPTONSHIRE INTEGRATED CARE BOARD
2025-26,K83052,THE PARKS MEDICAL PRACTICE,Y60,MIDLANDS COMMISSIONING REGION,QPM,NHS NORTHAMPTONSHIRE INTEGRATED CARE BOARD
2025-26,K83055,WOOTTON MEDICAL CENTRE,Y60,MIDLANDS COMMISSIONING REGION,QPM,NHS NORTHAMPTONSHIRE INTEGRATED CARE BOARD
2025-26,K83059,WOODSEND MEDICAL CENTRE,Y60,MIDLANDS COMMISSIONING REGION,QPM,NHS NORTHAMPTONSHIRE INTEGRATED CARE BOARD
2025-26,K83068,DENTON VILLAGE SURGERY,Y60,MIDLANDS COMMISSIONING REGION,QPM,NHS NORTHAMPTONSHIRE INTEGRATED CARE BOARD
2025-26,K83622,GREAT OAKLEY MEDICAL CENTRE,Y60,MIDLANDS COMMISSIONING REGION,QPM,NHS NORTHAMPTONSHIRE INTEGRATED CARE BOARD
2025-26,K84002,DIDCOT HEALTH CENTRE PRACTICE,Y59,SOUTH EAST COMMISSIONING REGION,S0E4D,NHS THAMES VALLEY INTEGRATED CARE BOARD
2025-26,K84003,ISLIP SURGERY,Y59,SOUTH EAST COMMISSIONING REGION,S0E4D,NHS THAMES VALLEY INTEGRATED CARE BOARD
2025-26,K84007,TEMPLE COWLEY HEALTH CENTRE,Y59,SOUTH EAST COMMISSIONING REGION,S0E4D,NHS THAMES VALLEY INTEGRATED CARE BOARD
2025-26,K84020,SONNING COMMON HEALTH CTR,Y59,SOUTH EAST COMMISSIONING REGION,S0E4D,NHS THAMES VALLEY INTEGRATED CARE BOARD
2025-26,K84024,WINDRUSH SURGERY,Y59,SOUTH EAST COMMISSIONING REGION,S0E4D,NHS THAMES VALLEY INTEGRATED CARE BOARD
2025-26,K84030,CHIPPING NORTON HEALTH CENTRE,Y59,SOUTH EAST COMMISSIONING REGION,S0E4D,NHS THAMES VALLEY INTEGRATED CARE BOARD
2025-26,K84033,CHURCH STREET PRACTICE,Y59,SOUTH EAST COMMISSIONING REGION,S0E4D,NHS THAMES VALLEY INTEGRATED CARE BOARD
2025-26,K84035,THE BELL SURGERY,Y59,SOUTH EAST COMMISSIONING REGION,S0E4D,NHS THAMES VALLEY INTEGRATED CARE BOARD
2025-26,K84041,MARCHAM RD FAMILY HEALTH CENTRE,Y59,SOUTH EAST COMMISSIONING REGION,S0E4D,NHS THAMES VALLEY INTEGRATED CARE BOARD
2025-26,K84042,WOODSTOCK SURGERY,Y59,SOUTH EAST COMMISSIONING REGION,S0E4D,NHS THAMES VALLEY INTEGRATED CARE BOARD
2025-26,K84044,MANOR SURGERY,Y59,SOUTH EAST COMMISSIONING REGION,S0E4D,NHS THAMES VALLEY INTEGRATED CARE BOARD
2025-26,K84046,WYCHWOOD SURGERY,Y59,SOUTH EAST COMMISSIONING REGION,S0E4D,NHS THAMES VALLEY INTEGRATED CARE BOARD
2025-26,K84047,BURFORD SURGERY,Y59,SOUTH EAST COMMISSIONING REGION,S0E4D,NHS THAMES VALLEY INTEGRATED CARE BOARD
2025-26,K84051,WHITE HORSE MEDICAL PRACTICE,Y59,SOUTH EAST COMMISSIONING REGION,S0E4D,NHS THAMES VALLEY INTEGRATED CARE BOARD
2025-26,K84056,CROPREDY SURGERY,Y59,SOUTH EAST COMMISSIONING REGION,S0E4D,NHS THAMES VALLEY INTEGRATED CARE BOARD
2025-26,K84071,GORING & WOODCOTE MEDICAL PRACTICE,Y59,SOUTH EAST COMMISSIONING REGION,S0E4D,NHS THAMES VALLEY INTEGRATED CARE BOARD
2025-26,K84610,THE CHARLBURY MEDICAL CENTRE,Y59,SOUTH EAST COMMISSIONING REGION,S0E4D,NHS THAMES VALLEY INTEGRATED CARE BOARD
2025-26,K84618,COGGES SURGERY,Y59,SOUTH EAST COMMISSIONING REGION,S0E4D,NHS THAMES VALLEY INTEGRATED CARE BOARD
2025-26,L81004,PORTISHEAD MEDICAL GROUP,Y58,SOUTH WEST COMMISSIONING REGION,QUY,"NHS BRISTOL, NORTH SOMERSET AND SOUTH GLOUCESTERSHIRE INTEGRATED CARE BOARD"
2025-26,E86012,WOOD LANE MEDICAL CENTRE,Y56,LONDON COMMISSIONING REGION,Z9B2Z,NHS WEST AND NORTH LONDON INTEGRATED CARE BOARD
2025-26,E86014,CEDARS MEDICAL CENTRE,Y56,LONDON COMMISSIONING REGION,Z9B2Z,NHS WEST AND NORTH LONDON INTEGRATED CARE BOARD
2025-26,E86019,THE WARREN PRACTICE,Y56,LONDON COMMISSIONING REGION,Z9B2Z,NHS WEST AND NORTH LONDON INTEGRATED CARE BOARD
2025-26,E86020,YEADING COURT SURGERY,Y56,LONDON COMMISSIONING REGION,Z9B2Z,NHS WEST AND NORTH LONDON INTEGRATED CARE BOARD
2025-26,E86027,OTTERFIELD MEDICAL CENTRE,Y56,LONDON COMMISSIONING REGION,Z9B2Z,NHS WEST AND NORTH LONDON INTEGRATED CARE BOARD
2025-26,E86029,CEDAR BROOK PRACTICE,Y56,LONDON COMMISSIONING REGION,Z9B2Z,NHS WEST AND NORTH LONDON INTEGRATED CARE BOARD
2025-26,E86041,ACRE SURGERY,Y56,LONDON COMMISSIONING REGION,Z9B2Z,NHS WEST AND NORTH LONDON INTEGRATED CARE BOARD
2025-26,E86610,WILLOW TREE SURGERY,Y56,LONDON COMMISSIONING REGION,Z9B2Z,NHS WEST AND NORTH LONDON INTEGRATED CARE BOARD
2025-26,E87006,LITTLE VENICE MEDICAL CENTRE,Y56,LONDON COMMISSIONING REGION,Z9B2Z,NHS WEST AND NORTH LONDON INTEGRATED CARE BOARD
2025-26,E87013,STANHOPE MEWS SURGERY,Y56,LONDON COMMISSIONING REGION,Z9B2Z,NHS WEST AND NORTH LONDON INTEGRATED CARE BOARD
2025-26,E87026,MEANWHILE GARDEN MEDICAL CENTRE,Y56,LONDON COMMISSIONING REGION,Z9B2Z,NHS WEST AND NORTH LONDON INTEGRATED CARE BOARD
2025-26,E87066,FITZROVIA MEDICAL CENTRE,Y56,LONDON COMMISSIONING REGION,Z9B2Z,NHS WEST AND NORTH LONDON INTEGRATED CARE BOARD
2025-26,E87637,GRAND UNION HEALTH CENTRE,Y56,LONDON COMMISSIONING REGION,Z9B2Z,NHS WEST AND NORTH LONDON INTEGRATED CARE BOARD
2025-26,E87648,MAYFAIR MEDICAL CENTRE,Y56,LONDON COMMISSIONING REGION,Z9B2Z,NHS WEST AND NORTH LONDON INTEGRATED CARE BOARD
2025-26,E87665,THE CHELSEA PRACTICE,Y56,LONDON COMMISSIONING REGION,Z9B2Z,NHS WEST AND NORTH LONDON INTEGRATED CARE BOARD
2025-26,E87681,NEWTON MEDICAL CENTRE,Y56,LONDON COMMISSIONING REGION,Z9B2Z,NHS WEST AND NORTH LONDON INTEGRATED CARE BOARD
2025-26,L81007,BRIDGE VIEW MEDICAL,Y58,SOUTH WEST COMMISSIONING REGION,QUY,"NHS BRISTOL, NORTH SOMERSET AND SOUTH GLOUCESTERSHIRE INTEGRATED CARE BOARD"
2025-26,L81012,MONTPELIER HEALTH CENTRE,Y58,SOUTH WEST COMMISSIONING REGION,QUY,"NHS BRISTOL, NORTH SOMERSET AND SOUTH GLOUCESTERSHIRE INTEGRATED CARE BOARD"
2025-26,L81013,FISHPONDS FAMILY PRACTICE,Y58,SOUTH WEST COMMISSIONING REGION,QUY,"NHS BRISTOL, NORTH SOMERSET AND SOUTH GLOUCESTERSHIRE INTEGRATED CARE BOARD"
2025-26,L81014,FROME VALLEY MEDICAL CENTRE,Y58,SOUTH WEST COMMISSIONING REGION,QUY,"NHS BRISTOL, NORTH SOMERSET AND SOUTH GLOUCESTERSHIRE INTEGRATED CARE BOARD"
2025-26,L81017,WESTBURY ON TRYM PRIMARY CARE CENTRE,Y58,SOUTH WEST COMMISSIONING REGION,QUY,"NHS BRISTOL, NORTH SOMERSET AND SOUTH GLOUCESTERSHIRE INTEGRATED CARE BOARD"
2025-26,L81019,CONCORD MEDICAL CENTRE,Y58,SOUTH WEST COMMISSIONING REGION,QUY,"NHS BRISTOL, NORTH SOMERSET AND SOUTH GLOUCESTERSHIRE INTEGRATED CARE BOARD"
2025-26,L81022,HORFIELD HC,Y58,SOUTH WEST COMMISSIONING REGION,QUY,"NHS BRISTOL, NORTH SOMERSET AND SOUTH GLOUCESTERSHIRE INTEGRATED CARE BOARD"
2025-26,L81023,EAST TREES HEALTH CENTRE,Y58,SOUTH WEST COMMISSIONING REGION,QUY,"NHS BRISTOL, NORTH SOMERSET AND SOUTH GLOUCESTERSHIRE INTEGRATED CARE BOARD"
2025-26,L81045,ST AUGUSTINE'S MEDICAL PRACTICE,Y58,SOUTH WEST COMMISSIONING REGION,QOX,"NHS BATH AND NORTH EAST SOMERSET, SWINDON AND WILTSHIRE INTEGRATED CARE BOARD"
2025-26,L81046,LEAP VALLEY MEDICAL CENTRE,Y58,SOUTH WEST COMMISSIONING REGION,QUY,"NHS BRISTOL, NORTH SOMERSET AND SOUTH GLOUCESTERSHIRE INTEGRATED CARE BOARD"
2025-26,L81053,THE LENNARD SURGERY,Y58,SOUTH WEST COMMISSIONING REGION,QUY,"NHS BRISTOL, NORTH SOMERSET AND SOUTH GLOUCESTERSHIRE INTEGRATED CARE BOARD"
2025-26,L81055,ORCHARD MEDICAL CENTRE,Y58,SOUTH WEST COMMISSIONING REGION,QUY,"NHS BRISTOL, NORTH SOMERSET AND SOUTH GLOUCESTERSHIRE INTEGRATED CARE BOARD"
2025-26,E87067,COLVILLE HEALTH CENTRE,Y56,LONDON COMMISSIONING REGION,Z9B2Z,NHS WEST AND NORTH LONDON INTEGRATED CARE BOARD
2025-26,E87070,CRAWFORD STREET SURGERY,Y56,LONDON COMMISSIONING REGION,Z9B2Z,NHS WEST AND NORTH LONDON INTEGRATED CARE BOARD
2025-26,E87609,ST JOHNS WOOD MEDICAL PRACTICE,Y56,LONDON COMMISSIONING REGION,Z9B2Z,NHS WEST AND NORTH LONDON INTEGRATED CARE BOARD
2025-26,E87663,THIRD FLOOR LANARK ROAD MEDICAL CENTRE,Y56,LONDON COMMISSIONING REGION,Z9B2Z,NHS WEST AND NORTH LONDON INTEGRATED CARE BOARD
2025-26,E87715,SCARSDALE MEDICAL CENTRE,Y56,LONDON COMMISSIONING REGION,Z9B2Z,NHS WEST AND NORTH LONDON INTEGRATED CARE BOARD
2025-26,E87720,KENSINGTON PARK MEDICAL CENTRE,Y56,LONDON COMMISSIONING REGION,Z9B2Z,NHS WEST AND NORTH LONDON INTEGRATED CARE BOARD
2025-26,E87740,THE DR HICKEY SURGERY FOR THE HOMELESS,Y56,LONDON COMMISSIONING REGION,Z9B2Z,NHS WEST AND NORTH LONDON INTEGRATED CARE BOARD
2025-26,E87754,WELLINGTON HEALTH CENTRE,Y56,LONDON COMMISSIONING REGION,Z9B2Z,NHS WEST AND NORTH LONDON INTEGRATED CARE BOARD
2025-26,E87755,QUEENS PARK HEALTH CENTRE,Y56,LONDON COMMISSIONING REGION,Z9B2Z,NHS WEST AND NORTH LONDON INTEGRATED CARE BOARD
2025-26,E87768,KINGS COLLEGE HEALTH CENTRE,Y56,LONDON COMMISSIONING REGION,Z9B2Z,NHS WEST AND NORTH LONDON INTEGRATED CARE BOARD
2025-26,F81003,DR F KHAN CARNAVON ROAD SURGERY,Y61,EAST OF ENGLAND COMMISSIONING REGION,D7T5G,NHS ESSEX INTEGRATED CARE BOARD
2025-26,F81011,KELVEDON & FEERING HEALTH CENTRE,Y61,EAST OF ENGLAND COMMISSIONING REGION,D7T5G,NHS ESSEX INTEGRATED CARE BOARD
2025-26,F81030,FERN HOUSE SURGERY,Y61,EAST OF ENGLAND COMMISSIONING REGION,D7T5G,NHS ESSEX INTEGRATED CARE BOARD
2025-26,F81041,LONDON ROAD SURGERY,Y61,EAST OF ENGLAND COMMISSIONING REGION,D7T5G,NHS ESSEX INTEGRATED CARE BOARD
2025-26,F81042,COLCHESTER MEDICAL PRACTICE,Y61,EAST OF ENGLAND COMMISSIONING REGION,D7T5G,NHS ESSEX INTEGRATED CARE BOARD
2025-26,E87701,THE ABINGDON HEALTH CENTRE,Y56,LONDON COMMISSIONING REGION,Z9B2Z,NHS WEST AND NORTH LONDON INTEGRATED CARE BOARD
2025-26,E87722,LANCASTER GATE MEDICAL CENTRE,Y56,LONDON COMMISSIONING REGION,Z9B2Z,NHS WEST AND NORTH LONDON INTEGRATED CARE BOARD
2025-26,E87737,MARYLEBONE HEALTH CENTRE,Y56,LONDON COMMISSIONING REGION,Z9B2Z,NHS WEST AND NORTH LONDON INTEGRATED CARE BOARD
2025-26,E87745,CAVENDISH HEALTH CENTRE,Y56,LONDON COMMISSIONING REGION,Z9B2Z,NHS WEST AND NORTH LONDON INTEGRATED CARE BOARD
2025-26,E87746,BROMPTON MEDICAL CENTRE,Y56,LONDON COMMISSIONING REGION,Z9B2Z,NHS WEST AND NORTH LONDON INTEGRATED CARE BOARD
2025-26,E87751,SRIKRISHNAMURTHY HARROW ROAD SURGERY,Y56,LONDON COMMISSIONING REGION,Z9B2Z,NHS WEST AND NORTH LONDON INTEGRATED CARE BOARD
2025-26,F81001,DR KHAN & PARTNERS,Y61,EAST OF ENGLAND COMMISSIONING REGION,D7T5G,NHS ESSEX INTEGRATED CARE BOARD
2025-26,F81004,THE EDEN SURGERIES,Y61,EAST OF ENGLAND COMMISSIONING REGION,D7T5G,NHS ESSEX INTEGRATED CARE BOARD
2025-26,F81009,THE GOLD STREET SURGERY,Y61,EAST OF ENGLAND COMMISSIONING REGION,D7T5G,NHS ESSEX INTEGRATED CARE BOARD
2025-26,F81014,CHURCH LANE SURGERY,Y61,EAST OF ENGLAND COMMISSIONING REGION,D7T5G,NHS ESSEX INTEGRATED CARE BOARD
2025-26,F81021,GREAT BENTLEY SURGERY,Y61,EAST OF ENGLAND COMMISSIONING REGION,D7T5G,NHS ESSEX INTEGRATED CARE BOARD
2025-26,F81023,BEECHWOOD SURGERY,Y61,EAST OF ENGLAND COMMISSIONING REGION,D7T5G,NHS ESSEX INTEGRATED CARE BOARD
2025-26,F81025,DR GC CHAJED'S PRACTICE,Y61,EAST OF ENGLAND COMMISSIONING REGION,D7T5G,NHS ESSEX INTEGRATED CARE BOARD
2025-26,F81026,CARADOC SURGERY,Y61,EAST OF ENGLAND COMMISSIONING REGION,D7T5G,NHS ESSEX INTEGRATED CARE BOARD
2025-26,F81032,GRACE HOUSE SURGERY,Y61,EAST OF ENGLAND COMMISSIONING REGION,D7T5G,NHS ESSEX INTEGRATED CARE BOARD
2025-26,F81044,THE ARDLEIGH SURGERY,Y61,EAST OF ENGLAND COMMISSIONING REGION,D7T5G,NHS ESSEX INTEGRATED CARE BOARD
2025-26,F81045,THE NEW SURGERY,Y61,EAST OF ENGLAND COMMISSIONING REGION,D7T5G,NHS ESSEX INTEGRATED CARE BOARD
2025-26,F81043,THE LIMES MEDICAL CENTRE,Y61,EAST OF ENGLAND COMMISSIONING REGION,D7T5G,NHS ESSEX INTEGRATED CARE BOARD
2025-26,F81055,MOUNT AVENUE SURGERY,Y61,EAST OF ENGLAND COMMISSIONING REGION,D7T5G,NHS ESSEX INTEGRATED CARE BOARD
2025-26,F81060,AEGIS MEDICAL CENTRE,Y61,EAST OF ENGLAND COMMISSIONING REGION,D7T5G,NHS ESSEX INTEGRATED CARE BOARD
2025-26,F81061,CONNER & PARTNERS,Y61,EAST OF ENGLAND COMMISSIONING REGION,D7T5G,NHS ESSEX INTEGRATED CARE BOARD
2025-26,F81069,WINSTREE MEDICAL PRACTICE,Y61,EAST OF ENGLAND COMMISSIONING REGION,D7T5G,NHS ESSEX INTEGRATED CARE BOARD
2025-26,F81090,ANGEL LANE SURGERY,Y61,EAST OF ENGLAND COMMISSIONING REGION,D7T5G,NHS ESSEX INTEGRATED CARE BOARD
2025-26,F81097,THE VALKYRIE SURGERY,Y61,EAST OF ENGLAND COMMISSIONING REGION,D7T5G,NHS ESSEX INTEGRATED CARE BOARD
2025-26,F81104,CHAPEL STREET SURGERY,Y61,EAST OF ENGLAND COMMISSIONING REGION,D7T5G,NHS ESSEX INTEGRATED CARE BOARD
2025-26,F81106,THE ROSS PRACTICE,Y61,EAST OF ENGLAND COMMISSIONING REGION,D7T5G,NHS ESSEX INTEGRATED CARE BOARD
2025-26,F81112,HIGHLANDS SURGERY,Y61,EAST OF ENGLAND COMMISSIONING REGION,D7T5G,NHS ESSEX INTEGRATED CARE BOARD
2025-26,F81128,EASTWOOD GROUP PRACTICE,Y61,EAST OF ENGLAND COMMISSIONING REGION,D7T5G,NHS ESSEX INTEGRATED CARE BOARD
2025-26,F81144,THE PALL MALL SURGERY,Y61,EAST OF ENGLAND COMMISSIONING REGION,D7T5G,NHS ESSEX INTEGRATED CARE BOARD
2025-26,F81147,DR NAVIN KUMAR,Y61,EAST OF ENGLAND COMMISSIONING REGION,D7T5G,NHS ESSEX INTEGRATED CARE BOARD
2025-26,F81155,BALFOUR MEDICAL CENTRE,Y61,EAST OF ENGLAND COMMISSIONING REGION,D7T5G,NHS ESSEX INTEGRATED CARE BOARD
2025-26,F81158,DR NASAH & PARTNERS,Y61,EAST OF ENGLAND COMMISSIONING REGION,D7T5G,NHS ESSEX INTEGRATED CARE BOARD
2025-26,F81159,SOUTHEND MEDICAL CENTRE,Y61,EAST OF ENGLAND COMMISSIONING REGION,D7T5G,NHS ESSEX INTEGRATED CARE BOARD
2025-26,F81170,KINGSWAY SURGERY,Y61,EAST OF ENGLAND COMMISSIONING REGION,D7T5G,NHS ESSEX INTEGRATED CARE BOARD
2025-26,F81181,ADDISON HOUSE - HAQUE PRACTICE,Y61,EAST OF ENGLAND COMMISSIONING REGION,D7T5G,NHS ESSEX INTEGRATED CARE BOARD
2025-26,F81215,DEAL TREE HEALTH CENTRE,Y61,EAST OF ENGLAND COMMISSIONING REGION,D7T5G,NHS ESSEX INTEGRATED CARE BOARD
2025-26,F81219,DELL MEDICAL CENTRE,Y61,EAST OF ENGLAND COMMISSIONING REGION,D7T5G,NHS ESSEX INTEGRATED CARE BOARD
2025-26,F81606,HAREWOOD SURGERY,Y61,EAST OF ENGLAND COMMISSIONING REGION,D7T5G,NHS ESSEX INTEGRATED CARE BOARD
2025-26,F81640,ARYAN MEDICAL CENTRE,Y61,EAST OF ENGLAND COMMISSIONING REGION,D7T5G,NHS ESSEX INTEGRATED CARE BOARD
2025-26,F81669,DERRY COURT MEDICAL PRACTICE,Y61,EAST OF ENGLAND COMMISSIONING REGION,D7T5G,NHS ESSEX INTEGRATED CARE BOARD
2025-26,F81674,GREENWOOD AND WYNCROFT SURGERY,Y61,EAST OF ENGLAND COMMISSIONING REGION,D7T5G,NHS ESSEX INTEGRATED CARE BOARD
2025-26,F81697,DR DEVARAJA VC PRACTICE,Y61,EAST OF ENGLAND COMMISSIONING REGION,D7T5G,NHS ESSEX INTEGRATED CARE BOARD
2025-26,F81707,FRYERNS MEDICAL CENTRE,Y61,EAST OF ENGLAND COMMISSIONING REGION,D7T5G,NHS ESSEX INTEGRATED CARE BOARD
2025-26,F81732,SWANWOOD PARTNERSHIP,Y61,EAST OF ENGLAND COMMISSIONING REGION,D7T5G,NHS ESSEX INTEGRATED CARE BOARD
2025-26,F81737,THE HIGHWOOD SURGERY,Y61,EAST OF ENGLAND COMMISSIONING REGION,D7T5G,NHS ESSEX INTEGRATED CARE BOARD
2025-26,F81749,MARKET SQUARE SURGERY,Y61,EAST OF ENGLAND COMMISSIONING REGION,D7T5G,NHS ESSEX INTEGRATED CARE BOARD
2025-26,F81757,THE RIVERSIDE HEALTH CTR,Y61,EAST OF ENGLAND COMMISSIONING REGION,D7T5G,NHS ESSEX INTEGRATED CARE BOARD
2025-26,F82001,HALBUTT STREET SURGERY,Y56,LONDON COMMISSIONING REGION,QMF,NHS NORTH EAST LONDON INTEGRATED CARE BOARD
2025-26,F82003,FIRST AVENUE SURGERY,Y56,LONDON COMMISSIONING REGION,QMF,NHS NORTH EAST LONDON INTEGRATED CARE BOARD
2025-26,F82014,THE SAHEECHA'S PRACTICES,Y56,LONDON COMMISSIONING REGION,QMF,NHS NORTH EAST LONDON INTEGRATED CARE BOARD
2025-26,F82021,THE NEW MEDICAL CENTRE,Y56,LONDON COMMISSIONING REGION,QMF,NHS NORTH EAST LONDON INTEGRATED CARE BOARD
2025-26,F82028,WOOD LANE SURGERY,Y56,LONDON COMMISSIONING REGION,QMF,NHS NORTH EAST LONDON INTEGRATED CARE BOARD
2025-26,L81058,THE MILTON SURGERY,Y58,SOUTH WEST COMMISSIONING REGION,QUY,"NHS BRISTOL, NORTH SOMERSET AND SOUTH GLOUCESTERSHIRE INTEGRATED CARE BOARD"
2025-26,L81059,ELM HAYES SURGERY,Y58,SOUTH WEST COMMISSIONING REGION,QOX,"NHS BATH AND NORTH EAST SOMERSET, SWINDON AND WILTSHIRE INTEGRATED CARE BOARD"
2025-26,L81061,THE WELLSPRING SURGERY,Y58,SOUTH WEST COMMISSIONING REGION,QUY,"NHS BRISTOL, NORTH SOMERSET AND SOUTH GLOUCESTERSHIRE INTEGRATED CARE BOARD"
2025-26,L81063,KINGSWOOD HEALTH CENTRE,Y58,SOUTH WEST COMMISSIONING REGION,QUY,"NHS BRISTOL, NORTH SOMERSET AND SOUTH GLOUCESTERSHIRE INTEGRATED CARE BOARD"
2025-26,L81070,NEWBRIDGE SURGERY,Y58,SOUTH WEST COMMISSIONING REGION,QOX,"NHS BATH AND NORTH EAST SOMERSET, SWINDON AND WILTSHIRE INTEGRATED CARE BOARD"
2025-26,L81072,CHEW MEDICAL PRACTICE,Y58,SOUTH WEST COMMISSIONING REGION,QOX,"NHS BATH AND NORTH EAST SOMERSET, SWINDON AND WILTSHIRE INTEGRATED CARE BOARD"
2025-26,L81079,HANHAM HEALTH,Y58,SOUTH WEST COMMISSIONING REGION,QUY,"NHS BRISTOL, NORTH SOMERSET AND SOUTH GLOUCESTERSHIRE INTEGRATED CARE BOARD"
2025-26,L81081,PEMBROKE ROAD SURGERY,Y58,SOUTH WEST COMMISSIONING REGION,QUY,"NHS BRISTOL, NORTH SOMERSET AND SOUTH GLOUCESTERSHIRE INTEGRATED CARE BOARD"
2025-26,L81098,GREENWAY COMMUNITY PRACTICE,Y58,SOUTH WEST COMMISSIONING REGION,QUY,"NHS BRISTOL, NORTH SOMERSET AND SOUTH GLOUCESTERSHIRE INTEGRATED CARE BOARD"
2025-26,L81127,ALMONDSBURY SURGERY,Y58,SOUTH WEST COMMISSIONING REGION,QUY,"NHS BRISTOL, NORTH SOMERSET AND SOUTH GLOUCESTERSHIRE INTEGRATED CARE BOARD"
2025-26,L81131,FALLODON WAY MEDICAL CENTRE,Y58,SOUTH WEST COMMISSIONING REGION,QUY,"NHS BRISTOL, NORTH SOMERSET AND SOUTH GLOUCESTERSHIRE INTEGRATED CARE BOARD"
2025-26,L81133,STUDENT HEALTH SERVICE,Y58,SOUTH WEST COMMISSIONING REGION,QUY,"NHS BRISTOL, NORTH SOMERSET AND SOUTH GLOUCESTERSHIRE INTEGRATED CARE BOARD"
2025-26,F82030,LYNWOOD MEDICAL CENTRE,Y56,LONDON COMMISSIONING REGION,QMF,NHS NORTH EAST LONDON INTEGRATED CARE BOARD
2025-26,F82040,JOHN SMITH MEDICAL CENTRE,Y56,LONDON COMMISSIONING REGION,QMF,NHS NORTH EAST LONDON INTEGRATED CARE BOARD
2025-26,F82042,AURORA MEDCARE,Y56,LONDON COMMISSIONING REGION,QMF,NHS NORTH EAST LONDON INTEGRATED CARE BOARD
2025-26,F82045,CHOWDHURY,Y56,LONDON COMMISSIONING REGION,QMF,NHS NORTH EAST LONDON INTEGRATED CARE BOARD
2025-26,F82625,ABBEY MEDICAL CENTRE,Y56,LONDON COMMISSIONING REGION,QMF,NHS NORTH EAST LONDON INTEGRATED CARE BOARD
2025-26,F82627,RAINHAM HEALTH CENTRE,Y56,LONDON COMMISSIONING REGION,QMF,NHS NORTH EAST LONDON INTEGRATED CARE BOARD
2025-26,F82630,CHASE CROSS MEDICAL CENTRE,Y56,LONDON COMMISSIONING REGION,QMF,NHS NORTH EAST LONDON INTEGRATED CARE BOARD
2025-26,F82634,HEATHWAY MEDICAL CENTRE,Y56,LONDON COMMISSIONING REGION,QMF,NHS NORTH EAST LONDON INTEGRATED CARE BOARD
2025-26,F82650,DR AA ANSARI'S PRACTICE,Y56,LONDON COMMISSIONING REGION,QMF,NHS NORTH EAST LONDON INTEGRATED CARE BOARD
2025-26,F82661,GREEN LANE SURGERY,Y56,LONDON COMMISSIONING REGION,QMF,NHS NORTH EAST LONDON INTEGRATED CARE BOARD
2025-26,F82686,ASHTON GARDENS SURGERY,Y56,LONDON COMMISSIONING REGION,QMF,NHS NORTH EAST LONDON INTEGRATED CARE BOARD
2025-26,F83006,AMPTHILL & REGENTS PARK PRACTICE,Y56,LONDON COMMISSIONING REGION,Z9B2Z,NHS WEST AND NORTH LONDON INTEGRATED CARE BOARD
2025-26,F83020,ADELAIDE MEDICAL CENTRE,Y56,LONDON COMMISSIONING REGION,Z9B2Z,NHS WEST AND NORTH LONDON INTEGRATED CARE BOARD
2025-26,F83023,JAMES WIGG PRACTICE,Y56,LONDON COMMISSIONING REGION,Z9B2Z,NHS WEST AND NORTH LONDON INTEGRATED CARE BOARD
2025-26,F83033,BARNSBURY MEDICAL PRACTICE,Y56,LONDON COMMISSIONING REGION,Z9B2Z,NHS WEST AND NORTH LONDON INTEGRATED CARE BOARD
2025-26,F83042,GRAY'S INN MEDICAL GROUP CHANCERY LANE,Y56,LONDON COMMISSIONING REGION,Z9B2Z,NHS WEST AND NORTH LONDON INTEGRATED CARE BOARD
2025-26,F83043,RIDGMOUNT PRACTICE,Y56,LONDON COMMISSIONING REGION,Z9B2Z,NHS WEST AND NORTH LONDON INTEGRATED CARE BOARD
2025-26,F83044,THE BLOOMSBURY SURGERY,Y56,LONDON COMMISSIONING REGION,Z9B2Z,NHS WEST AND NORTH LONDON INTEGRATED CARE BOARD
2025-26,F83045,THE MILLER PRACTICE,Y56,LONDON COMMISSIONING REGION,Z9B2Z,NHS WEST AND NORTH LONDON INTEGRATED CARE BOARD
2025-26,F83050,GRAY'S INN MEDICAL GROUP WEST HAMPSTEAD,Y56,LONDON COMMISSIONING REGION,Z9B2Z,NHS WEST AND NORTH LONDON INTEGRATED CARE BOARD
2025-26,F83052,BROOKFIELD PARK SURGERY,Y56,LONDON COMMISSIONING REGION,Z9B2Z,NHS WEST AND NORTH LONDON INTEGRATED CARE BOARD
2025-26,F83059,BRONDESBURY MEDICAL CENTRE,Y56,LONDON COMMISSIONING REGION,Z9B2Z,NHS WEST AND NORTH LONDON INTEGRATED CARE BOARD
2025-26,F83060,THE NORTHERN MEDICAL CENTRE,Y56,LONDON COMMISSIONING REGION,Z9B2Z,NHS WEST AND NORTH LONDON INTEGRATED CARE BOARD
2025-26,F83624,CLERKENWELL MEDICAL PRACTICE,Y56,LONDON COMMISSIONING REGION,Z9B2Z,NHS WEST AND NORTH LONDON INTEGRATED CARE BOARD
2025-26,F83633,GRAY'S INN MEDICAL GROUP HAMPSTEAD,Y56,LONDON COMMISSIONING REGION,Z9B2Z,NHS WEST AND NORTH LONDON INTEGRATED CARE BOARD
2025-26,F83658,BELSIZE PRIORY MEDICAL PRACTICE (GROUP),Y56,LONDON COMMISSIONING REGION,Z9B2Z,NHS WEST AND NORTH LONDON INTEGRATED CARE BOARD
2025-26,F83666,ANDOVER MEDICAL CENTRE,Y56,LONDON COMMISSIONING REGION,Z9B2Z,NHS WEST AND NORTH LONDON INTEGRATED CARE BOARD
2025-26,F83671,THE BEAUMONT PRACTICE,Y56,LONDON COMMISSIONING REGION,Z9B2Z,NHS WEST AND NORTH LONDON INTEGRATED CARE BOARD
2025-26,F84015,KINGSMEAD HEALTHCARE,Y56,LONDON COMMISSIONING REGION,QMF,NHS NORTH EAST LONDON INTEGRATED CARE BOARD
2025-26,F84017,STAR LANE MEDICAL CENTRE,Y56,LONDON COMMISSIONING REGION,QMF,NHS NORTH EAST LONDON INTEGRATED CARE BOARD
2025-26,F84021,LONDON FIELDS MEDICAL CENTRE,Y56,LONDON COMMISSIONING REGION,QMF,NHS NORTH EAST LONDON INTEGRATED CARE BOARD
2025-26,F84022,STRATFORD HEALTH CENTRE,Y56,LONDON COMMISSIONING REGION,QMF,NHS NORTH EAST LONDON INTEGRATED CARE BOARD
2025-26,L81632,EMERSONS GREEN MEDICAL CENTRE,Y58,SOUTH WEST COMMISSIONING REGION,QUY,"NHS BRISTOL, NORTH SOMERSET AND SOUTH GLOUCESTERSHIRE INTEGRATED CARE BOARD"
2025-26,L82001,LANDER MEDICAL PRACTICE,Y58,SOUTH WEST COMMISSIONING REGION,QT6,NHS CORNWALL AND THE ISLES OF SCILLY INTEGRATED CARE BOARD
2025-26,L82003,PORT ISAAC SURGERY,Y58,SOUTH WEST COMMISSIONING REGION,QT6,NHS CORNWALL AND THE ISLES OF SCILLY INTEGRATED CARE BOARD
2025-26,L82008,STRATTON MEDICAL CENTRE,Y58,SOUTH WEST COMMISSIONING REGION,QT6,NHS CORNWALL AND THE ISLES OF SCILLY INTEGRATED CARE BOARD
2025-26,L82010,BOSVENA HEALTH,Y58,SOUTH WEST COMMISSIONING REGION,QT6,NHS CORNWALL AND THE ISLES OF SCILLY INTEGRATED CARE BOARD
2025-26,L82016,OAK TREE SURGERY,Y58,SOUTH WEST COMMISSIONING REGION,QT6,NHS CORNWALL AND THE ISLES OF SCILLY INTEGRATED CARE BOARD
2025-26,L82017,ST MARY'S HEALTH CENTRE,Y58,SOUTH WEST COMMISSIONING REGION,QT6,NHS CORNWALL AND THE ISLES OF SCILLY INTEGRATED CARE BOARD
2025-26,L82023,PETROC GROUP PRACTICE,Y58,SOUTH WEST COMMISSIONING REGION,QT6,NHS CORNWALL AND THE ISLES OF SCILLY INTEGRATED CARE BOARD
2025-26,L82028,THREE SPIRES MEDICAL PRACTICE,Y58,SOUTH WEST COMMISSIONING REGION,QT6,NHS CORNWALL AND THE ISLES OF SCILLY INTEGRATED CARE BOARD
2025-26,L82030,LAUNCESTON MEDICAL CENTRE,Y58,SOUTH WEST COMMISSIONING REGION,QT6,NHS CORNWALL AND THE ISLES OF SCILLY INTEGRATED CARE BOARD
2025-26,L82038,ATLANTIC MEDICAL GROUP,Y58,SOUTH WEST COMMISSIONING REGION,QT6,NHS CORNWALL AND THE ISLES OF SCILLY INTEGRATED CARE BOARD
2025-26,L82058,BOTTREAUX SURGERY,Y58,SOUTH WEST COMMISSIONING REGION,QT6,NHS CORNWALL AND THE ISLES OF SCILLY INTEGRATED CARE BOARD
2025-26,L82068,GODOLPHIN HEALTH,Y58,SOUTH WEST COMMISSIONING REGION,QT6,NHS CORNWALL AND THE ISLES OF SCILLY INTEGRATED CARE BOARD
2025-26,L83003,QUEEN'S MEDICAL CENTRE,Y58,SOUTH WEST COMMISSIONING REGION,QJK,NHS DEVON INTEGRATED CARE BOARD
2025-26,L83006,MAYFLOWER MEDICAL GROUP,Y58,SOUTH WEST COMMISSIONING REGION,QJK,NHS DEVON INTEGRATED CARE BOARD
2025-26,L83012,BRADWORTHY SURGERY,Y58,SOUTH WEST COMMISSIONING REGION,QJK,NHS DEVON INTEGRATED CARE BOARD
2025-26,L83016,ST THOMAS MEDICAL GROUP,Y58,SOUTH WEST COMMISSIONING REGION,QJK,NHS DEVON INTEGRATED CARE BOARD
2025-26,L83020,AXMINSTER MEDICAL PRACTICE,Y58,SOUTH WEST COMMISSIONING REGION,QJK,NHS DEVON INTEGRATED CARE BOARD
2025-26,L83024,BARNFIELD HILL SURGERY,Y58,SOUTH WEST COMMISSIONING REGION,QJK,NHS DEVON INTEGRATED CARE BOARD
2025-26,L83028,ST NEOTS SURGERY,Y58,SOUTH WEST COMMISSIONING REGION,QJK,NHS DEVON INTEGRATED CARE BOARD
2025-26,L83031,KINGSKERSWELL & IPPLEPEN MED PRACTICE,Y58,SOUTH WEST COMMISSIONING REGION,QJK,NHS DEVON INTEGRATED CARE BOARD
2025-26,L83038,TAVYSIDE HEALTH CENTRE,Y58,SOUTH WEST COMMISSIONING REGION,QJK,NHS DEVON INTEGRATED CARE BOARD
2025-26,L83039,SOUTHWAY SURGERY,Y58,SOUTH WEST COMMISSIONING REGION,QJK,NHS DEVON INTEGRATED CARE BOARD
2025-26,L83040,PINHOE SURGERY,Y58,SOUTH WEST COMMISSIONING REGION,QJK,NHS DEVON INTEGRATED CARE BOARD
2025-26,L83051,CRICKETFIELD SURGERY,Y58,SOUTH WEST COMMISSIONING REGION,QJK,NHS DEVON INTEGRATED CARE BOARD
2025-26,L83055,COMPASS HOUSE MEDICAL CENTRES,Y58,SOUTH WEST COMMISSIONING REGION,QJK,NHS DEVON INTEGRATED CARE BOARD
2025-26,L83069,RUBY COUNTRY MEDICAL GROUP,Y58,SOUTH WEST COMMISSIONING REGION,QJK,NHS DEVON INTEGRATED CARE BOARD
2025-26,L83070,BUCKFASTLEIGH MEDICAL CENTRE,Y58,SOUTH WEST COMMISSIONING REGION,QJK,NHS DEVON INTEGRATED CARE BOARD
2025-26,L83076,WYCLIFFE SURGERY,Y58,SOUTH WEST COMMISSIONING REGION,QJK,NHS DEVON INTEGRATED CARE BOARD
2025-26,L83077,HEAVITREE PRACTICE,Y58,SOUTH WEST COMMISSIONING REGION,QJK,NHS DEVON INTEGRATED CARE BOARD
2025-26,L83079,IDE LANE SURGERY,Y58,SOUTH WEST COMMISSIONING REGION,QJK,NHS DEVON INTEGRATED CARE BOARD
2025-26,L83083,BIDEFORD MEDICAL CENTRE,Y58,SOUTH WEST COMMISSIONING REGION,QJK,NHS DEVON INTEGRATED CARE BOARD
2025-26,F81048,LOUGHTON HEALTH CENTRE,Y61,EAST OF ENGLAND COMMISSIONING REGION,D7T5G,NHS ESSEX INTEGRATED CARE BOARD
2025-26,F81056,OLD HARLOW HEALTH CENTRE,Y61,EAST OF ENGLAND COMMISSIONING REGION,D7T5G,NHS ESSEX INTEGRATED CARE BOARD
2025-26,F81072,"HIGH STREET SURGERY, EPPING",Y61,EAST OF ENGLAND COMMISSIONING REGION,D7T5G,NHS ESSEX INTEGRATED CARE BOARD
2025-26,F81082,THE RIGG-MILNER MEDICAL CENTRE,Y61,EAST OF ENGLAND COMMISSIONING REGION,D7T5G,NHS ESSEX INTEGRATED CARE BOARD
2025-26,F81086,CENTRAL SURGERY - SOUTHCHURCH BLVD,Y61,EAST OF ENGLAND COMMISSIONING REGION,D7T5G,NHS ESSEX INTEGRATED CARE BOARD
2025-26,F81095,ABBEY FIELD MEDICAL CENTRE,Y61,EAST OF ENGLAND COMMISSIONING REGION,D7T5G,NHS ESSEX INTEGRATED CARE BOARD
2025-26,F81096,OAKLANDS SURGERY,Y61,EAST OF ENGLAND COMMISSIONING REGION,D7T5G,NHS ESSEX INTEGRATED CARE BOARD
2025-26,F81100,BEACON HEALTH GROUP-DANBURY MEDICAL CTR,Y61,EAST OF ENGLAND COMMISSIONING REGION,D7T5G,NHS ESSEX INTEGRATED CARE BOARD
2025-26,F81105,LITTLE WALTHAM & GT NOTLEY SURGERY,Y61,EAST OF ENGLAND COMMISSIONING REGION,D7T5G,NHS ESSEX INTEGRATED CARE BOARD
2025-26,F81113,CHAFFORD HUNDRED MEDICAL CENTRE,Y61,EAST OF ENGLAND COMMISSIONING REGION,D7T5G,NHS ESSEX INTEGRATED CARE BOARD
2025-26,F81117,SUTHERLAND LODGE SURGERY,Y61,EAST OF ENGLAND COMMISSIONING REGION,D7T5G,NHS ESSEX INTEGRATED CARE BOARD
2025-26,F81136,THE LOUGHTON SURGERY,Y61,EAST OF ENGLAND COMMISSIONING REGION,D7T5G,NHS ESSEX INTEGRATED CARE BOARD
2025-26,F81164,WEST ROAD SURGERY,Y61,EAST OF ENGLAND COMMISSIONING REGION,D7T5G,NHS ESSEX INTEGRATED CARE BOARD
2025-26,F81165,PALMERSTON ROAD SURGERY,Y61,EAST OF ENGLAND COMMISSIONING REGION,D7T5G,NHS ESSEX INTEGRATED CARE BOARD
2025-26,F81177,NEERA MEDICAL CENTRE,Y61,EAST OF ENGLAND COMMISSIONING REGION,D7T5G,NHS ESSEX INTEGRATED CARE BOARD
2025-26,F81197,SANCTA MARIA MEDICAL CENTRE,Y61,EAST OF ENGLAND COMMISSIONING REGION,D7T5G,NHS ESSEX INTEGRATED CARE BOARD
2025-26,F81205,GHAURI PRACTICE,Y61,EAST OF ENGLAND COMMISSIONING REGION,D7T5G,NHS ESSEX INTEGRATED CARE BOARD
2025-26,F84036,THE CEDAR PRACTICE,Y56,LONDON COMMISSIONING REGION,QMF,NHS NORTH EAST LONDON INTEGRATED CARE BOARD
2025-26,F84038,BEECHWOOD MEDICAL CENTRE,Y56,LONDON COMMISSIONING REGION,QMF,NHS NORTH EAST LONDON INTEGRATED CARE BOARD
2025-26,F84050,BOLEYN MEDICAL CENTRE,Y56,LONDON COMMISSIONING REGION,QMF,NHS NORTH EAST LONDON INTEGRATED CARE BOARD
2025-26,F84053,GREENGATE MEDICAL CENTRE,Y56,LONDON COMMISSIONING REGION,QMF,NHS NORTH EAST LONDON INTEGRATED CARE BOARD
2025-26,F84062,THE CHRISP STREET HTH CTR,Y56,LONDON COMMISSIONING REGION,QMF,NHS NORTH EAST LONDON INTEGRATED CARE BOARD
2025-26,F84072,DE BEAUVOIR SURGERY,Y56,LONDON COMMISSIONING REGION,QMF,NHS NORTH EAST LONDON INTEGRATED CARE BOARD
2025-26,F84080,FOUNTAYNE ROAD MEDICAL PRACTICE,Y56,LONDON COMMISSIONING REGION,QMF,NHS NORTH EAST LONDON INTEGRATED CARE BOARD
2025-26,F84081,THE SPITALFIELDS PRACTICE,Y56,LONDON COMMISSIONING REGION,QMF,NHS NORTH EAST LONDON INTEGRATED CARE BOARD
2025-26,F84083,BETHNAL GREEN HEALTH CTR.,Y56,LONDON COMMISSIONING REGION,QMF,NHS NORTH EAST LONDON INTEGRATED CARE BOARD
2025-26,F84092,GLEN ROAD MEDICAL CENTRE,Y56,LONDON COMMISSIONING REGION,QMF,NHS NORTH EAST LONDON INTEGRATED CARE BOARD
2025-26,F84111,ABBEY ROAD MEDICAL PRACTICE,Y56,LONDON COMMISSIONING REGION,QMF,NHS NORTH EAST LONDON INTEGRATED CARE BOARD
2025-26,F84115,THE STATHAM GROVE SURGERY,Y56,LONDON COMMISSIONING REGION,QMF,NHS NORTH EAST LONDON INTEGRATED CARE BOARD
2025-26,F84121,E12 HEALTH,Y56,LONDON COMMISSIONING REGION,QMF,NHS NORTH EAST LONDON INTEGRATED CARE BOARD
2025-26,F84123,SUTTONS WHARF HEALTH CENTRE,Y56,LONDON COMMISSIONING REGION,QMF,NHS NORTH EAST LONDON INTEGRATED CARE BOARD
2025-26,F84124,THE PROJECT SURGERY,Y56,LONDON COMMISSIONING REGION,QMF,NHS NORTH EAST LONDON INTEGRATED CARE BOARD
2025-26,F84620,THE WICK HEALTH CENTRE,Y56,LONDON COMMISSIONING REGION,QMF,NHS NORTH EAST LONDON INTEGRATED CARE BOARD
2025-26,F84621,SANDRINGHAM PRACTICE,Y56,LONDON COMMISSIONING REGION,QMF,NHS NORTH EAST LONDON INTEGRATED CARE BOARD
2025-26,F81223,DR MALIK - KENT ELMS HC,Y61,EAST OF ENGLAND COMMISSIONING REGION,D7T5G,NHS ESSEX INTEGRATED CARE BOARD
2025-26,F81613,DR KUMAR & PTNR - SHOEBURY HC,Y61,EAST OF ENGLAND COMMISSIONING REGION,D7T5G,NHS ESSEX INTEGRATED CARE BOARD
2025-26,F81619,SYDENHAM HOUSE SURGERY,Y61,EAST OF ENGLAND COMMISSIONING REGION,D7T5G,NHS ESSEX INTEGRATED CARE BOARD
2025-26,F81641,MILTON ROAD AND THE GRAYS SURGERY,Y61,EAST OF ENGLAND COMMISSIONING REGION,D7T5G,NHS ESSEX INTEGRATED CARE BOARD
2025-26,F81652,MEDIC HOUSE,Y61,EAST OF ENGLAND COMMISSIONING REGION,D7T5G,NHS ESSEX INTEGRATED CARE BOARD
2025-26,F81683,BLYTH'S MEADOW SURGERY,Y61,EAST OF ENGLAND COMMISSIONING REGION,D7T5G,NHS ESSEX INTEGRATED CARE BOARD
2025-26,F81690,ASHINGDON MEDICAL CENTRE,Y61,EAST OF ENGLAND COMMISSIONING REGION,D7T5G,NHS ESSEX INTEGRATED CARE BOARD
2025-26,F81696,THE LEIGH SURGERY,Y61,EAST OF ENGLAND COMMISSIONING REGION,D7T5G,NHS ESSEX INTEGRATED CARE BOARD
2025-26,F81700,CANVEY VILLAGE SURGERY,Y61,EAST OF ENGLAND COMMISSIONING REGION,D7T5G,NHS ESSEX INTEGRATED CARE BOARD
2025-26,F81704,DOWNHALL PARK SURGERY,Y61,EAST OF ENGLAND COMMISSIONING REGION,D7T5G,NHS ESSEX INTEGRATED CARE BOARD
2025-26,F81711,KNIGHTS SURGERY,Y61,EAST OF ENGLAND COMMISSIONING REGION,D7T5G,NHS ESSEX INTEGRATED CARE BOARD
2025-26,F81730,THE COGGESHALL SURGERY,Y61,EAST OF ENGLAND COMMISSIONING REGION,D7T5G,NHS ESSEX INTEGRATED CARE BOARD
2025-26,F81739,THE ISLAND SURGERY,Y61,EAST OF ENGLAND COMMISSIONING REGION,D7T5G,NHS ESSEX INTEGRATED CARE BOARD
2025-26,F81741,NORTH CLACTON MEDICAL PRACTICE,Y61,EAST OF ENGLAND COMMISSIONING REGION,D7T5G,NHS ESSEX INTEGRATED CARE BOARD
2025-26,F82002,HAIDERIAN MEDICAL CENTRE,Y56,LONDON COMMISSIONING REGION,QMF,NHS NORTH EAST LONDON INTEGRATED CARE BOARD
2025-26,F82007,THE GREEN WOOD PRACTICE,Y56,LONDON COMMISSIONING REGION,QMF,NHS NORTH EAST LONDON INTEGRATED CARE BOARD
2025-26,F82009,NORTH STREET MEDICAL CARE,Y56,LONDON COMMISSIONING REGION,QMF,NHS NORTH EAST LONDON INTEGRATED CARE BOARD
2025-26,F84632,THE GREENHOUSE WALK-IN,Y56,LONDON COMMISSIONING REGION,QMF,NHS NORTH EAST LONDON INTEGRATED CARE BOARD
2025-26,F84635,SHOREDITCH PARK SURGERY,Y56,LONDON COMMISSIONING REGION,QMF,NHS NORTH EAST LONDON INTEGRATED CARE BOARD
2025-26,F84636,THE SURGERY (BARRETTS GROVE),Y56,LONDON COMMISSIONING REGION,QMF,NHS NORTH EAST LONDON INTEGRATED CARE BOARD
2025-26,F84641,BIRCHDALE ROAD MEDICAL CENTRE,Y56,LONDON COMMISSIONING REGION,QMF,NHS NORTH EAST LONDON INTEGRATED CARE BOARD
2025-26,F84647,ROSERTON STREET SURGERY,Y56,LONDON COMMISSIONING REGION,QMF,NHS NORTH EAST LONDON INTEGRATED CARE BOARD
2025-26,F84658,SANGAM PRACTICE,Y56,LONDON COMMISSIONING REGION,QMF,NHS NORTH EAST LONDON INTEGRATED CARE BOARD
2025-26,F84672,FIRST 4 HEALTH GROUP - E7 HEALTH,Y56,LONDON COMMISSIONING REGION,QMF,NHS NORTH EAST LONDON INTEGRATED CARE BOARD
2025-26,F84677,EAST END MEDICAL CENTRE,Y56,LONDON COMMISSIONING REGION,QMF,NHS NORTH EAST LONDON INTEGRATED CARE BOARD
2025-26,F84735,THE AZAD PRACTICE,Y56,LONDON COMMISSIONING REGION,QMF,NHS NORTH EAST LONDON INTEGRATED CARE BOARD
2025-26,F84749,CARPENTERS PRACTICE,Y56,LONDON COMMISSIONING REGION,QMF,NHS NORTH EAST LONDON INTEGRATED CARE BOARD
2025-26,F85002,MEDICUS HEALTH PARTNERS,Y56,LONDON COMMISSIONING REGION,Z9B2Z,NHS WEST AND NORTH LONDON INTEGRATED CARE BOARD
2025-26,F85004,EAGLE HOUSE SURGERY,Y56,LONDON COMMISSIONING REGION,Z9B2Z,NHS WEST AND NORTH LONDON INTEGRATED CARE BOARD
2025-26,F85008,STAUNTON GROUP PRACTICE,Y56,LONDON COMMISSIONING REGION,Z9B2Z,NHS WEST AND NORTH LONDON INTEGRATED CARE BOARD
2025-26,F85010,KEATS SURGERY,Y56,LONDON COMMISSIONING REGION,Z9B2Z,NHS WEST AND NORTH LONDON INTEGRATED CARE BOARD
2025-26,F85014,HIGHGATE GROUP PRACTICE,Y56,LONDON COMMISSIONING REGION,Z9B2Z,NHS WEST AND NORTH LONDON INTEGRATED CARE BOARD
2025-26,F85029,ABERNETHY HOUSE SURGERY,Y56,LONDON COMMISSIONING REGION,Z9B2Z,NHS WEST AND NORTH LONDON INTEGRATED CARE BOARD
2025-26,L83086,MODBURY HEALTH CENTRE,Y58,SOUTH WEST COMMISSIONING REGION,QJK,NHS DEVON INTEGRATED CARE BOARD
2025-26,L83094,DARTMOUTH MEDICAL PRACTICE,Y58,SOUTH WEST COMMISSIONING REGION,QJK,NHS DEVON INTEGRATED CARE BOARD
2025-26,L83096,COMBE COASTAL PRACTICE,Y58,SOUTH WEST COMMISSIONING REGION,QJK,NHS DEVON INTEGRATED CARE BOARD
2025-26,L83101,ABBEY SURGERY,Y58,SOUTH WEST COMMISSIONING REGION,QJK,NHS DEVON INTEGRATED CARE BOARD
2025-26,L83105,CASTLE GARDENS SURGERY,Y58,SOUTH WEST COMMISSIONING REGION,QJK,NHS DEVON INTEGRATED CARE BOARD
2025-26,L83116,WOODBURY SURGERY,Y58,SOUTH WEST COMMISSIONING REGION,QJK,NHS DEVON INTEGRATED CARE BOARD
2025-26,L83120,CHANNEL VIEW MEDICAL GROUP,Y58,SOUTH WEST COMMISSIONING REGION,QJK,NHS DEVON INTEGRATED CARE BOARD
2025-26,L83131,PEMBROKE MEDICAL GROUP,Y58,SOUTH WEST COMMISSIONING REGION,QJK,NHS DEVON INTEGRATED CARE BOARD
2025-26,L83136,HALDON HOUSE SURGERY,Y58,SOUTH WEST COMMISSIONING REGION,QJK,NHS DEVON INTEGRATED CARE BOARD
2025-26,L83147,LISSON GROVE MEDICAL CTR.,Y58,SOUTH WEST COMMISSIONING REGION,QJK,NHS DEVON INTEGRATED CARE BOARD
2025-26,L83616,SAMPFORD PEVERELL SURGERY,Y58,SOUTH WEST COMMISSIONING REGION,QJK,NHS DEVON INTEGRATED CARE BOARD
2025-26,L83639,WEMBURY SURGERY,Y58,SOUTH WEST COMMISSIONING REGION,QJK,NHS DEVON INTEGRATED CARE BOARD
2025-26,L83655,WONFORD GREEN SURGERY,Y58,SOUTH WEST COMMISSIONING REGION,QJK,NHS DEVON INTEGRATED CARE BOARD
2025-26,L83673,INCLUSION HEALTH DEVON CIC,Y58,SOUTH WEST COMMISSIONING REGION,QJK,NHS DEVON INTEGRATED CARE BOARD
2025-26,L84005,MINCHINHAMPTON SURGERY,Y58,SOUTH WEST COMMISSIONING REGION,QR1,NHS GLOUCESTERSHIRE INTEGRATED CARE BOARD
2025-26,L84006,STAUNTON & CORSE SURGERY,Y58,SOUTH WEST COMMISSIONING REGION,QR1,NHS GLOUCESTERSHIRE INTEGRATED CARE BOARD
2025-26,L84007,ROWCROFT MEDICAL CENTRE,Y58,SOUTH WEST COMMISSIONING REGION,QR1,NHS GLOUCESTERSHIRE INTEGRATED CARE BOARD
2025-26,L84008,ST. GEORGE'S SURGERY,Y58,SOUTH WEST COMMISSIONING REGION,QR1,NHS GLOUCESTERSHIRE INTEGRATED CARE BOARD
2025-26,L84012,PHOENIX HEALTH GROUP,Y58,SOUTH WEST COMMISSIONING REGION,QR1,NHS GLOUCESTERSHIRE INTEGRATED CARE BOARD
2025-26,L84015,SIXWAYS CLINIC,Y58,SOUTH WEST COMMISSIONING REGION,QR1,NHS GLOUCESTERSHIRE INTEGRATED CARE BOARD
2025-26,L84023,CHURCH STREET PRACTICE,Y58,SOUTH WEST COMMISSIONING REGION,QR1,NHS GLOUCESTERSHIRE INTEGRATED CARE BOARD
2025-26,L84024,DRYBROOK SURGERY,Y58,SOUTH WEST COMMISSIONING REGION,QR1,NHS GLOUCESTERSHIRE INTEGRATED CARE BOARD
2025-26,L84027,CULVERHAY SURGERY,Y58,SOUTH WEST COMMISSIONING REGION,QR1,NHS GLOUCESTERSHIRE INTEGRATED CARE BOARD
2025-26,L84030,BERKELEY PLACE SURGERY,Y58,SOUTH WEST COMMISSIONING REGION,QR1,NHS GLOUCESTERSHIRE INTEGRATED CARE BOARD
2025-26,L84031,STOW SURGERY,Y58,SOUTH WEST COMMISSIONING REGION,QR1,NHS GLOUCESTERSHIRE INTEGRATED CARE BOARD
2025-26,L84033,WESTON HOUSE PRACTICE,Y58,SOUTH WEST COMMISSIONING REGION,QR1,NHS GLOUCESTERSHIRE INTEGRATED CARE BOARD
2025-26,L84038,COTSWOLD MEDICAL PRACTICE,Y58,SOUTH WEST COMMISSIONING REGION,QR1,NHS GLOUCESTERSHIRE INTEGRATED CARE BOARD
2025-26,L84040,THE LECKHAMPTON SURGERY,Y58,SOUTH WEST COMMISSIONING REGION,QR1,NHS GLOUCESTERSHIRE INTEGRATED CARE BOARD
2025-26,L84041,OVERTON PARK SURGERY,Y58,SOUTH WEST COMMISSIONING REGION,QR1,NHS GLOUCESTERSHIRE INTEGRATED CARE BOARD
2025-26,L84046,DOCKHAM SURGERY,Y58,SOUTH WEST COMMISSIONING REGION,QR1,NHS GLOUCESTERSHIRE INTEGRATED CARE BOARD
2025-26,L84048,"THE STOKE ROAD SURGERY,",Y58,SOUTH WEST COMMISSIONING REGION,QR1,NHS GLOUCESTERSHIRE INTEGRATED CARE BOARD
2025-26,L84049,THE ROYAL WELL SURGERY,Y58,SOUTH WEST COMMISSIONING REGION,QR1,NHS GLOUCESTERSHIRE INTEGRATED CARE BOARD
2025-26,L84050,ROSEBANK SURGERY,Y58,SOUTH WEST COMMISSIONING REGION,QR1,NHS GLOUCESTERSHIRE INTEGRATED CARE BOARD
2025-26,L84051,CHIPPING SURGERY,Y58,SOUTH WEST COMMISSIONING REGION,QR1,NHS GLOUCESTERSHIRE INTEGRATED CARE BOARD
2025-26,L84053,HILARY COTTAGE SURGERY,Y58,SOUTH WEST COMMISSIONING REGION,QR1,NHS GLOUCESTERSHIRE INTEGRATED CARE BOARD
2025-26,F85031,WESTBURY MEDICAL CENTRE,Y56,LONDON COMMISSIONING REGION,Z9B2Z,NHS WEST AND NORTH LONDON INTEGRATED CARE BOARD
2025-26,F85044,BOUNCES ROAD SURGERY LTD,Y56,LONDON COMMISSIONING REGION,Z9B2Z,NHS WEST AND NORTH LONDON INTEGRATED CARE BOARD
2025-26,F85046,HORNSEY PARK SURGERY,Y56,LONDON COMMISSIONING REGION,Z9B2Z,NHS WEST AND NORTH LONDON INTEGRATED CARE BOARD
2025-26,F85060,HAVERGAL SURGERY,Y56,LONDON COMMISSIONING REGION,Z9B2Z,NHS WEST AND NORTH LONDON INTEGRATED CARE BOARD
2025-26,F85615,TOTTENHAM HEALTH CENTRE,Y56,LONDON COMMISSIONING REGION,Z9B2Z,NHS WEST AND NORTH LONDON INTEGRATED CARE BOARD
2025-26,F85666,DR ME SILVER'S PRACTICE,Y56,LONDON COMMISSIONING REGION,Z9B2Z,NHS WEST AND NORTH LONDON INTEGRATED CARE BOARD
2025-26,F85676,BOUNDARY HOUSE SURGERY,Y56,LONDON COMMISSIONING REGION,Z9B2Z,NHS WEST AND NORTH LONDON INTEGRATED CARE BOARD
2025-26,F85678,THE TOWN SURGERY LTD,Y56,LONDON COMMISSIONING REGION,Z9B2Z,NHS WEST AND NORTH LONDON INTEGRATED CARE BOARD
2025-26,F85697,THE OLD SURGERY,Y56,LONDON COMMISSIONING REGION,Z9B2Z,NHS WEST AND NORTH LONDON INTEGRATED CARE BOARD
2025-26,F85701,GILLAN HOUSE SURGERY,Y56,LONDON COMMISSIONING REGION,Z9B2Z,NHS WEST AND NORTH LONDON INTEGRATED CARE BOARD
2025-26,F86001,THE FIRS,Y56,LONDON COMMISSIONING REGION,QMF,NHS NORTH EAST LONDON INTEGRATED CARE BOARD
2025-26,F86009,THE PALMS MEDICAL CENTRE,Y56,LONDON COMMISSIONING REGION,QMF,NHS NORTH EAST LONDON INTEGRATED CARE BOARD
2025-26,F86010,FULLWELL CROSS MED. CTR.,Y56,LONDON COMMISSIONING REGION,QMF,NHS NORTH EAST LONDON INTEGRATED CARE BOARD
2025-26,F86012,RYDAL,Y56,LONDON COMMISSIONING REGION,QMF,NHS NORTH EAST LONDON INTEGRATED CARE BOARD
2025-26,F86042,BALFOUR ROAD SURGERY,Y56,LONDON COMMISSIONING REGION,QMF,NHS NORTH EAST LONDON INTEGRATED CARE BOARD
2025-26,F86044,CRAWLEY ROAD MEDICAL CENTRE,Y56,LONDON COMMISSIONING REGION,QMF,NHS NORTH EAST LONDON INTEGRATED CARE BOARD
2025-26,F82010,PETERSFIELD SURGERY,Y56,LONDON COMMISSIONING REGION,QMF,NHS NORTH EAST LONDON INTEGRATED CARE BOARD
2025-26,F82013,WESTERN ROAD MEDICAL CENTRE,Y56,LONDON COMMISSIONING REGION,QMF,NHS NORTH EAST LONDON INTEGRATED CARE BOARD
2025-26,F82016,CENTRAL PARK SURGERY,Y56,LONDON COMMISSIONING REGION,QMF,NHS NORTH EAST LONDON INTEGRATED CARE BOARD
2025-26,F82025,DR BK JAISWAL'S PRACTICE,Y56,LONDON COMMISSIONING REGION,QMF,NHS NORTH EAST LONDON INTEGRATED CARE BOARD
2025-26,F82031,THE COLLEGE PRACTICE,Y56,LONDON COMMISSIONING REGION,QMF,NHS NORTH EAST LONDON INTEGRATED CARE BOARD
2025-26,F82033,DR VM PATEL,Y56,LONDON COMMISSIONING REGION,QMF,NHS NORTH EAST LONDON INTEGRATED CARE BOARD
2025-26,F82038,DR SZ HAIDER'S PRACTICE,Y56,LONDON COMMISSIONING REGION,QMF,NHS NORTH EAST LONDON INTEGRATED CARE BOARD
2025-26,F82051,LABURNUM HEALTH CENTRE,Y56,LONDON COMMISSIONING REGION,QMF,NHS NORTH EAST LONDON INTEGRATED CARE BOARD
2025-26,F82619,HARLOW ROAD SURGERY,Y56,LONDON COMMISSIONING REGION,QMF,NHS NORTH EAST LONDON INTEGRATED CARE BOARD
2025-26,F82642,GABLES SURGERY,Y56,LONDON COMMISSIONING REGION,QMF,NHS NORTH EAST LONDON INTEGRATED CARE BOARD
2025-26,F82647,SALISBURY AVENUE SURGERY,Y56,LONDON COMMISSIONING REGION,QMF,NHS NORTH EAST LONDON INTEGRATED CARE BOARD
2025-26,F82648,INGREBOURNE MEDICAL CENTRE,Y56,LONDON COMMISSIONING REGION,QMF,NHS NORTH EAST LONDON INTEGRATED CARE BOARD
2025-26,F82663,DR MARKS PRACTICE,Y56,LONDON COMMISSIONING REGION,QMF,NHS NORTH EAST LONDON INTEGRATED CARE BOARD
2025-26,F82678,DR KM ALKAISY PRACTICE,Y56,LONDON COMMISSIONING REGION,QMF,NHS NORTH EAST LONDON INTEGRATED CARE BOARD
2025-26,F83015,ST JOHNS WAY MEDICAL CENTRE,Y56,LONDON COMMISSIONING REGION,Z9B2Z,NHS WEST AND NORTH LONDON INTEGRATED CARE BOARD
2025-26,F83017,HAMPSTEAD GROUP PRACTICE,Y56,LONDON COMMISSIONING REGION,Z9B2Z,NHS WEST AND NORTH LONDON INTEGRATED CARE BOARD
2025-26,L84054,MYTHE MEDICAL PRACTICE,Y58,SOUTH WEST COMMISSIONING REGION,QR1,NHS GLOUCESTERSHIRE INTEGRATED CARE BOARD
2025-26,L84058,ST. CATHERINE'S SURGERY,Y58,SOUTH WEST COMMISSIONING REGION,QR1,NHS GLOUCESTERSHIRE INTEGRATED CARE BOARD
2025-26,L84067,LONGLEVENS SURGERY,Y58,SOUTH WEST COMMISSIONING REGION,QR1,NHS GLOUCESTERSHIRE INTEGRATED CARE BOARD
2025-26,L84072,WHITE HOUSE SURGERY,Y58,SOUTH WEST COMMISSIONING REGION,QR1,NHS GLOUCESTERSHIRE INTEGRATED CARE BOARD
2025-26,L84075,MAY LANE SURGERY,Y58,SOUTH WEST COMMISSIONING REGION,QR1,NHS GLOUCESTERSHIRE INTEGRATED CARE BOARD
2025-26,L84077,FIVE VALLEYS MEDICAL PRACTICE,Y58,SOUTH WEST COMMISSIONING REGION,QR1,NHS GLOUCESTERSHIRE INTEGRATED CARE BOARD
2025-26,L84606,THE ALNEY PRACTICE,Y58,SOUTH WEST COMMISSIONING REGION,QR1,NHS GLOUCESTERSHIRE INTEGRATED CARE BOARD
2025-26,L84613,STONEHOUSE HEALTH CLINIC,Y58,SOUTH WEST COMMISSIONING REGION,QR1,NHS GLOUCESTERSHIRE INTEGRATED CARE BOARD
2025-26,L85001,FRENCH WEIR HEALTH CENTRE,Y58,SOUTH WEST COMMISSIONING REGION,QSL,NHS SOMERSET INTEGRATED CARE BOARD
2025-26,L85004,"CREWKERNE HEALTH CENTRE, CREWKERNE",Y58,SOUTH WEST COMMISSIONING REGION,QSL,NHS SOMERSET INTEGRATED CARE BOARD
2025-26,L85012,WELLINGTON MEDICAL CENTRE,Y58,SOUTH WEST COMMISSIONING REGION,QSL,NHS SOMERSET INTEGRATED CARE BOARD
2025-26,L85013,QUANTOCK MEDICAL CENTRE,Y58,SOUTH WEST COMMISSIONING REGION,QSL,NHS SOMERSET INTEGRATED CARE BOARD
2025-26,L85014,TAUNTON VALE HEALTHCARE,Y58,SOUTH WEST COMMISSIONING REGION,QSL,NHS SOMERSET INTEGRATED CARE BOARD
2025-26,L85016,SYMPHONY NORTH HEALTHCARE,Y58,SOUTH WEST COMMISSIONING REGION,QSL,NHS SOMERSET INTEGRATED CARE BOARD
2025-26,L85021,COLLEGE WAY SURGERY,Y58,SOUTH WEST COMMISSIONING REGION,QSL,NHS SOMERSET INTEGRATED CARE BOARD
2025-26,L85027,WINCANTON HEALTH CENTRE,Y58,SOUTH WEST COMMISSIONING REGION,QSL,NHS SOMERSET INTEGRATED CARE BOARD
2025-26,L85030,ARIEL HEALTHCARE,Y58,SOUTH WEST COMMISSIONING REGION,QSL,NHS SOMERSET INTEGRATED CARE BOARD
2025-26,L85033,LANGPORT SURGERY,Y58,SOUTH WEST COMMISSIONING REGION,QSL,NHS SOMERSET INTEGRATED CARE BOARD
2025-26,L85035,EAST QUAY MEDICAL CENTRE,Y58,SOUTH WEST COMMISSIONING REGION,QSL,NHS SOMERSET INTEGRATED CARE BOARD
2025-26,L85040,"MILLBROOK SURGERY, CASTLE CARY",Y58,SOUTH WEST COMMISSIONING REGION,QSL,NHS SOMERSET INTEGRATED CARE BOARD
2025-26,L85042,TAUNTON ROAD MEDICAL CENTRE,Y58,SOUTH WEST COMMISSIONING REGION,QSL,NHS SOMERSET INTEGRATED CARE BOARD
2025-26,L85047,GLASTONBURY HEALTH CENTRE,Y58,SOUTH WEST COMMISSIONING REGION,QSL,NHS SOMERSET INTEGRATED CARE BOARD
2025-26,L85051,REDGATE MEDICAL CENTRE,Y58,SOUTH WEST COMMISSIONING REGION,QSL,NHS SOMERSET INTEGRATED CARE BOARD
2025-26,L85053,GROVE HOUSE SURGERY,Y58,SOUTH WEST COMMISSIONING REGION,QSL,NHS SOMERSET INTEGRATED CARE BOARD
2025-26,L85055,AXBRIDGE SURGERY,Y58,SOUTH WEST COMMISSIONING REGION,QSL,NHS SOMERSET INTEGRATED CARE BOARD
2025-26,L85064,OAKLANDS SURGERY,Y58,SOUTH WEST COMMISSIONING REGION,QSL,NHS SOMERSET INTEGRATED CARE BOARD
2025-26,L85611,OAKHILL SURGERY,Y58,SOUTH WEST COMMISSIONING REGION,QSL,NHS SOMERSET INTEGRATED CARE BOARD
2025-26,M81001,ST STEPHEN'S MEDICAL PARTNERSHIP,Y60,MIDLANDS COMMISSIONING REGION,QGH,NHS HEREFORDSHIRE AND WORCESTERSHIRE INTEGRATED CARE BOARD
2025-26,M81004,RIVERSIDE SURGERY,Y60,MIDLANDS COMMISSIONING REGION,QGH,NHS HEREFORDSHIRE AND WORCESTERSHIRE INTEGRATED CARE BOARD
2025-26,M81007,BREDON HILL SURGERY,Y60,MIDLANDS COMMISSIONING REGION,QGH,NHS HEREFORDSHIRE AND WORCESTERSHIRE INTEGRATED CARE BOARD
2025-26,M81010,KIDDERMINSTER MEDICAL CENTRE,Y60,MIDLANDS COMMISSIONING REGION,QGH,NHS HEREFORDSHIRE AND WORCESTERSHIRE INTEGRATED CARE BOARD
2025-26,M81017,ELBURY MOOR MEDICAL CENTRE,Y60,MIDLANDS COMMISSIONING REGION,QGH,NHS HEREFORDSHIRE AND WORCESTERSHIRE INTEGRATED CARE BOARD
2025-26,M81024,MUCH BIRCH SURGERY,Y60,MIDLANDS COMMISSIONING REGION,QGH,NHS HEREFORDSHIRE AND WORCESTERSHIRE INTEGRATED CARE BOARD
2025-26,F86066,SOUTHDENE SURGERY,Y56,LONDON COMMISSIONING REGION,QMF,NHS NORTH EAST LONDON INTEGRATED CARE BOARD
2025-26,F86083,THE EASTERN AVENUE MEDICAL CENTRE,Y56,LONDON COMMISSIONING REGION,QMF,NHS NORTH EAST LONDON INTEGRATED CARE BOARD
2025-26,F86088,THE LYNDHURST SURGERY,Y56,LONDON COMMISSIONING REGION,QMF,NHS NORTH EAST LONDON INTEGRATED CARE BOARD
2025-26,F86621,DR MOHAMMED GREEN MAN MEDICAL CENTRE,Y56,LONDON COMMISSIONING REGION,QMF,NHS NORTH EAST LONDON INTEGRATED CARE BOARD
2025-26,F86624,THE HEATHCOTE PRIMARY CARE CENTRE,Y56,LONDON COMMISSIONING REGION,QMF,NHS NORTH EAST LONDON INTEGRATED CARE BOARD
2025-26,F86625,LL MEDICAL CARE LTD,Y56,LONDON COMMISSIONING REGION,QMF,NHS NORTH EAST LONDON INTEGRATED CARE BOARD
2025-26,F86637,SEVEN KINGS PRACTICE,Y56,LONDON COMMISSIONING REGION,QMF,NHS NORTH EAST LONDON INTEGRATED CARE BOARD
2025-26,F86664,LARKSHALL MEDICAL CENTRE,Y56,LONDON COMMISSIONING REGION,QMF,NHS NORTH EAST LONDON INTEGRATED CARE BOARD
2025-26,F86666,HARROW ROAD GP CENTRE,Y56,LONDON COMMISSIONING REGION,QMF,NHS NORTH EAST LONDON INTEGRATED CARE BOARD
2025-26,F86689,THE BAILEY PRACTICE,Y56,LONDON COMMISSIONING REGION,QMF,NHS NORTH EAST LONDON INTEGRATED CARE BOARD
2025-26,F86708,CLAREMONT MEDICAL CENTRE,Y56,LONDON COMMISSIONING REGION,QMF,NHS NORTH EAST LONDON INTEGRATED CARE BOARD
2025-26,F86731,ALDERSBROOK MEDICAL CENTRE,Y56,LONDON COMMISSIONING REGION,QMF,NHS NORTH EAST LONDON INTEGRATED CARE BOARD
2025-26,G81002,GROVE ROAD SURGERY,Y59,SOUTH EAST COMMISSIONING REGION,S9B9J,NHS SURREY AND SUSSEX INTEGRATED CARE BOARD
2025-26,G81004,DOWNLANDS MEDICAL CENTRE,Y59,SOUTH EAST COMMISSIONING REGION,S9B9J,NHS SURREY AND SUSSEX INTEGRATED CARE BOARD
2025-26,G81012,BRIDGESIDE SURGERY,Y59,SOUTH EAST COMMISSIONING REGION,S9B9J,NHS SURREY AND SUSSEX INTEGRATED CARE BOARD
2025-26,G81016,QUAYSIDE MEDICAL PRACTICE,Y59,SOUTH EAST COMMISSIONING REGION,S9B9J,NHS SURREY AND SUSSEX INTEGRATED CARE BOARD
2025-26,M81029,NEW BARN CLOSE SURGERY,Y60,MIDLANDS COMMISSIONING REGION,QGH,NHS HEREFORDSHIRE AND WORCESTERSHIRE INTEGRATED CARE BOARD
2025-26,M81037,THORNELOE LODGE SURGERY,Y60,MIDLANDS COMMISSIONING REGION,QGH,NHS HEREFORDSHIRE AND WORCESTERSHIRE INTEGRATED CARE BOARD
2025-26,M81039,WHITEACRES MEDICAL CENTRE,Y60,MIDLANDS COMMISSIONING REGION,QGH,NHS HEREFORDSHIRE AND WORCESTERSHIRE INTEGRATED CARE BOARD
2025-26,M81042,TENBURY SURGERY,Y60,MIDLANDS COMMISSIONING REGION,QGH,NHS HEREFORDSHIRE AND WORCESTERSHIRE INTEGRATED CARE BOARD
2025-26,M81044,ALTON STREET SURGERY,Y60,MIDLANDS COMMISSIONING REGION,QGH,NHS HEREFORDSHIRE AND WORCESTERSHIRE INTEGRATED CARE BOARD
2025-26,M81048,NUNWELL SURGERY,Y60,MIDLANDS COMMISSIONING REGION,QGH,NHS HEREFORDSHIRE AND WORCESTERSHIRE INTEGRATED CARE BOARD
2025-26,M81058,MERSTOW GREEN MEDICAL PRACTICE,Y60,MIDLANDS COMMISSIONING REGION,QGH,NHS HEREFORDSHIRE AND WORCESTERSHIRE INTEGRATED CARE BOARD
2025-26,M81074,PERSHORE MEDICAL PRACTICE,Y60,MIDLANDS COMMISSIONING REGION,QGH,NHS HEREFORDSHIRE AND WORCESTERSHIRE INTEGRATED CARE BOARD
2025-26,M81081,ST SAVIOURS SURGERY,Y60,MIDLANDS COMMISSIONING REGION,QGH,NHS HEREFORDSHIRE AND WORCESTERSHIRE INTEGRATED CARE BOARD
2025-26,M81082,ST. JOHNS SURGERY,Y60,MIDLANDS COMMISSIONING REGION,QGH,NHS HEREFORDSHIRE AND WORCESTERSHIRE INTEGRATED CARE BOARD
2025-26,M81094,ABBEY MEDICAL PRACTICE,Y60,MIDLANDS COMMISSIONING REGION,QGH,NHS HEREFORDSHIRE AND WORCESTERSHIRE INTEGRATED CARE BOARD
2025-26,M81604,FOWNHOPE MEDICAL CENTRE,Y60,MIDLANDS COMMISSIONING REGION,QGH,NHS HEREFORDSHIRE AND WORCESTERSHIRE INTEGRATED CARE BOARD
2025-26,M81605,THE GLEBELAND SURGERY,Y60,MIDLANDS COMMISSIONING REGION,QGH,NHS HEREFORDSHIRE AND WORCESTERSHIRE INTEGRATED CARE BOARD
2025-26,M81616,CRABBS CROSS MEDICAL CENTRE,Y60,MIDLANDS COMMISSIONING REGION,QGH,NHS HEREFORDSHIRE AND WORCESTERSHIRE INTEGRATED CARE BOARD
2025-26,F83055,WEST HAMPSTEAD MEDICAL CENTRE,Y56,LONDON COMMISSIONING REGION,Z9B2Z,NHS WEST AND NORTH LONDON INTEGRATED CARE BOARD
2025-26,F83615,CHOLMLEY GARDENS SURGERY,Y56,LONDON COMMISSIONING REGION,Z9B2Z,NHS WEST AND NORTH LONDON INTEGRATED CARE BOARD
2025-26,F83632,QUEENS CRESCENT PRACTICE,Y56,LONDON COMMISSIONING REGION,Z9B2Z,NHS WEST AND NORTH LONDON INTEGRATED CARE BOARD
2025-26,F83673,THE MEDICAL CENTRE,Y56,LONDON COMMISSIONING REGION,Z9B2Z,NHS WEST AND NORTH LONDON INTEGRATED CARE BOARD
2025-26,F83680,SOBELL MEDICAL CENTRE,Y56,LONDON COMMISSIONING REGION,Z9B2Z,NHS WEST AND NORTH LONDON INTEGRATED CARE BOARD
2025-26,F83681,PARTNERSHIP PRIMARY CARE CENTRE,Y56,LONDON COMMISSIONING REGION,Z9B2Z,NHS WEST AND NORTH LONDON INTEGRATED CARE BOARD
2025-26,F83683,SOMERS TOWN MEDICAL CENTRE,Y56,LONDON COMMISSIONING REGION,Z9B2Z,NHS WEST AND NORTH LONDON INTEGRATED CARE BOARD
2025-26,F84003,LOWER CLAPTON GENERAL PRACTICE,Y56,LONDON COMMISSIONING REGION,QMF,NHS NORTH EAST LONDON INTEGRATED CARE BOARD
2025-26,F84006,SHREWSBURY ROAD SURGERY,Y56,LONDON COMMISSIONING REGION,QMF,NHS NORTH EAST LONDON INTEGRATED CARE BOARD
2025-26,F84010,ASPIRE MEDICAL CENTRE,Y56,LONDON COMMISSIONING REGION,QMF,NHS NORTH EAST LONDON INTEGRATED CARE BOARD
2025-26,F84025,GOUGH WALK PRACTICE,Y56,LONDON COMMISSIONING REGION,QMF,NHS NORTH EAST LONDON INTEGRATED CARE BOARD
2025-26,F84039,GOODMAN'S FIELD HEALTH CENTRE,Y56,LONDON COMMISSIONING REGION,QMF,NHS NORTH EAST LONDON INTEGRATED CARE BOARD
2025-26,F84051,STROUTS PLACE MEDICAL CENTRE,Y56,LONDON COMMISSIONING REGION,QMF,NHS NORTH EAST LONDON INTEGRATED CARE BOARD
2025-26,F84052,ESSEX LODGE,Y56,LONDON COMMISSIONING REGION,QMF,NHS NORTH EAST LONDON INTEGRATED CARE BOARD
2025-26,F84054,THE LIMEHOUSE PRACTICE,Y56,LONDON COMMISSIONING REGION,QMF,NHS NORTH EAST LONDON INTEGRATED CARE BOARD
2025-26,F84060,ATHENA MEDICAL CENTRE,Y56,LONDON COMMISSIONING REGION,QMF,NHS NORTH EAST LONDON INTEGRATED CARE BOARD
2025-26,M81627,DEMONTFORT MEDICAL CENTRE,Y60,MIDLANDS COMMISSIONING REGION,QGH,NHS HEREFORDSHIRE AND WORCESTERSHIRE INTEGRATED CARE BOARD
2025-26,M82010,MARKET DRAYTON MEDICAL PRACTICE,Y60,MIDLANDS COMMISSIONING REGION,QOC,"NHS SHROPSHIRE, TELFORD AND WREKIN INTEGRATED CARE BOARD"
2025-26,M82018,BEECHES MEDICAL PRACTICE,Y60,MIDLANDS COMMISSIONING REGION,QOC,"NHS SHROPSHIRE, TELFORD AND WREKIN INTEGRATED CARE BOARD"
2025-26,M82019,MUCH WENLOCK & CRESSAGE MEDICAL PRACTICE,Y60,MIDLANDS COMMISSIONING REGION,QOC,"NHS SHROPSHIRE, TELFORD AND WREKIN INTEGRATED CARE BOARD"
2025-26,M82020,KNOCKIN MEDICAL CENTRE,Y60,MIDLANDS COMMISSIONING REGION,QOC,"NHS SHROPSHIRE, TELFORD AND WREKIN INTEGRATED CARE BOARD"
2025-26,M82035,WEM AND PREES MEDICAL PRACTICE,Y60,MIDLANDS COMMISSIONING REGION,QOC,"NHS SHROPSHIRE, TELFORD AND WREKIN INTEGRATED CARE BOARD"
2025-26,M82043,LUDLOW - PORTCULLIS,Y60,MIDLANDS COMMISSIONING REGION,QOC,"NHS SHROPSHIRE, TELFORD AND WREKIN INTEGRATED CARE BOARD"
2025-26,M82046,CRAVEN ARMS SURGERY,Y60,MIDLANDS COMMISSIONING REGION,QOC,"NHS SHROPSHIRE, TELFORD AND WREKIN INTEGRATED CARE BOARD"
2025-26,M82047,MARDEN MEDICAL PRACTICE,Y60,MIDLANDS COMMISSIONING REGION,QOC,"NHS SHROPSHIRE, TELFORD AND WREKIN INTEGRATED CARE BOARD"
2025-26,M82060,SOUTH HERMITAGE SURGERY,Y60,MIDLANDS COMMISSIONING REGION,QOC,"NHS SHROPSHIRE, TELFORD AND WREKIN INTEGRATED CARE BOARD"
2025-26,M82606,IRONBRIDGE MEDICAL PRACTICE,Y60,MIDLANDS COMMISSIONING REGION,QOC,"NHS SHROPSHIRE, TELFORD AND WREKIN INTEGRATED CARE BOARD"
2025-26,M82620,THE MEADOWS MEDICAL PRACTICE,Y60,MIDLANDS COMMISSIONING REGION,QOC,"NHS SHROPSHIRE, TELFORD AND WREKIN INTEGRATED CARE BOARD"
2025-26,M83005,HEATHCOTE STREET SURGERY,Y60,MIDLANDS COMMISSIONING REGION,QNC,NHS STAFFORDSHIRE AND STOKE-ON-TRENT INTEGRATED CARE BOARD
2025-26,M83009,BREWOOD MEDICAL PRACTICE,Y60,MIDLANDS COMMISSIONING REGION,QNC,NHS STAFFORDSHIRE AND STOKE-ON-TRENT INTEGRATED CARE BOARD
2025-26,M83016,HIGH STREET SURGERY,Y60,MIDLANDS COMMISSIONING REGION,QNC,NHS STAFFORDSHIRE AND STOKE-ON-TRENT INTEGRATED CARE BOARD
2025-26,M83017,ASHLEY SURGERY,Y60,MIDLANDS COMMISSIONING REGION,QNC,NHS STAFFORDSHIRE AND STOKE-ON-TRENT INTEGRATED CARE BOARD
2025-26,M83018,GRAVEL HILL SURGERY,Y60,MIDLANDS COMMISSIONING REGION,QNC,NHS STAFFORDSHIRE AND STOKE-ON-TRENT INTEGRATED CARE BOARD
2025-26,M83020,CUMBERLAND HOUSE,Y60,MIDLANDS COMMISSIONING REGION,QNC,NHS STAFFORDSHIRE AND STOKE-ON-TRENT INTEGRATED CARE BOARD
2025-26,M83026,CARLTON STREET SURGERY,Y60,MIDLANDS COMMISSIONING REGION,QNC,NHS STAFFORDSHIRE AND STOKE-ON-TRENT INTEGRATED CARE BOARD
2025-26,M83027,TRENT MEADOWS,Y60,MIDLANDS COMMISSIONING REGION,QNC,NHS STAFFORDSHIRE AND STOKE-ON-TRENT INTEGRATED CARE BOARD
2025-26,M83032,THE ALDERGATE MED.PRACT.,Y60,MIDLANDS COMMISSIONING REGION,QNC,NHS STAFFORDSHIRE AND STOKE-ON-TRENT INTEGRATED CARE BOARD
2025-26,M83033,HEDNESFORD MEDICAL PRACTICE,Y60,MIDLANDS COMMISSIONING REGION,QNC,NHS STAFFORDSHIRE AND STOKE-ON-TRENT INTEGRATED CARE BOARD
2025-26,M83036,RISING BROOK,Y60,MIDLANDS COMMISSIONING REGION,QNC,NHS STAFFORDSHIRE AND STOKE-ON-TRENT INTEGRATED CARE BOARD
2025-26,M83044,STAFFORD HEALTH AND WELLBEING,Y60,MIDLANDS COMMISSIONING REGION,QNC,NHS STAFFORDSHIRE AND STOKE-ON-TRENT INTEGRATED CARE BOARD
2025-26,M83045,PENKRIDGE MEDICAL PRACTICE,Y60,MIDLANDS COMMISSIONING REGION,QNC,NHS STAFFORDSHIRE AND STOKE-ON-TRENT INTEGRATED CARE BOARD
2025-26,M83050,WOLVERHAMPTON ROAD SURGERY,Y60,MIDLANDS COMMISSIONING REGION,QNC,NHS STAFFORDSHIRE AND STOKE-ON-TRENT INTEGRATED CARE BOARD
2025-26,M83056,WOLSTANTON MEDICAL CENTRE,Y60,MIDLANDS COMMISSIONING REGION,QNC,NHS STAFFORDSHIRE AND STOKE-ON-TRENT INTEGRATED CARE BOARD
2025-26,M83059,ABBOTS BROMLEY SURGERY,Y60,MIDLANDS COMMISSIONING REGION,QNC,NHS STAFFORDSHIRE AND STOKE-ON-TRENT INTEGRATED CARE BOARD
2025-26,M83061,MILLRISE MEDICAL PRACTICE,Y60,MIDLANDS COMMISSIONING REGION,QNC,NHS STAFFORDSHIRE AND STOKE-ON-TRENT INTEGRATED CARE BOARD
2025-26,M83066,HARTSHILL MEDICAL CENTRE,Y60,MIDLANDS COMMISSIONING REGION,QNC,NHS STAFFORDSHIRE AND STOKE-ON-TRENT INTEGRATED CARE BOARD
2025-26,M83072,SALTERS MEADOW HEALTH CTR,Y60,MIDLANDS COMMISSIONING REGION,QNC,NHS STAFFORDSHIRE AND STOKE-ON-TRENT INTEGRATED CARE BOARD
2025-26,M83073,STAPENHILL MEDICAL CENTRE,Y60,MIDLANDS COMMISSIONING REGION,QNC,NHS STAFFORDSHIRE AND STOKE-ON-TRENT INTEGRATED CARE BOARD
2025-26,M83092,CROWN SURGERY,Y60,MIDLANDS COMMISSIONING REGION,QNC,NHS STAFFORDSHIRE AND STOKE-ON-TRENT INTEGRATED CARE BOARD
2025-26,M83102,POTTERIES MEDICAL CENTRE,Y60,MIDLANDS COMMISSIONING REGION,QNC,NHS STAFFORDSHIRE AND STOKE-ON-TRENT INTEGRATED CARE BOARD
2025-26,M83109,DR MANICKAM & PARTNER,Y60,MIDLANDS COMMISSIONING REGION,QNC,NHS STAFFORDSHIRE AND STOKE-ON-TRENT INTEGRATED CARE BOARD
2025-26,M83111,RIVERSIDE SURGERY,Y60,MIDLANDS COMMISSIONING REGION,QNC,NHS STAFFORDSHIRE AND STOKE-ON-TRENT INTEGRATED CARE BOARD
2025-26,M83117,CROWN MEDICAL PRACTICE,Y60,MIDLANDS COMMISSIONING REGION,QNC,NHS STAFFORDSHIRE AND STOKE-ON-TRENT INTEGRATED CARE BOARD
2025-26,M83123,BIRCHES HEAD MEDICAL CTR.,Y60,MIDLANDS COMMISSIONING REGION,QNC,NHS STAFFORDSHIRE AND STOKE-ON-TRENT INTEGRATED CARE BOARD
2025-26,M83138,HANFORD GP,Y60,MIDLANDS COMMISSIONING REGION,QNC,NHS STAFFORDSHIRE AND STOKE-ON-TRENT INTEGRATED CARE BOARD
2025-26,M83139,MOSS STREET SURGERY,Y60,MIDLANDS COMMISSIONING REGION,QNC,NHS STAFFORDSHIRE AND STOKE-ON-TRENT INTEGRATED CARE BOARD
2025-26,M83608,QUINTON PRACTICE,Y60,MIDLANDS COMMISSIONING REGION,QNC,NHS STAFFORDSHIRE AND STOKE-ON-TRENT INTEGRATED CARE BOARD
2025-26,M83637,CHADSMOOR MEDICAL PRACTICE,Y60,MIDLANDS COMMISSIONING REGION,QNC,NHS STAFFORDSHIRE AND STOKE-ON-TRENT INTEGRATED CARE BOARD
2025-26,M83641,MILL VIEW SURGERY,Y60,MIDLANDS COMMISSIONING REGION,QNC,NHS STAFFORDSHIRE AND STOKE-ON-TRENT INTEGRATED CARE BOARD
2025-26,M83682,LUCIE WEDGEWOOD SURGERY LTD,Y60,MIDLANDS COMMISSIONING REGION,QNC,NHS STAFFORDSHIRE AND STOKE-ON-TRENT INTEGRATED CARE BOARD
2025-26,M83691,BETLEY SURGERY,Y60,MIDLANDS COMMISSIONING REGION,QNC,NHS STAFFORDSHIRE AND STOKE-ON-TRENT INTEGRATED CARE BOARD
2025-26,M83693,TRI-LINKS MEDICAL PRACTICE,Y60,MIDLANDS COMMISSIONING REGION,QNC,NHS STAFFORDSHIRE AND STOKE-ON-TRENT INTEGRATED CARE BOARD
2025-26,M83709,BADDELEY GREEN SURGERY,Y60,MIDLANDS COMMISSIONING REGION,QNC,NHS STAFFORDSHIRE AND STOKE-ON-TRENT INTEGRATED CARE BOARD
2025-26,M83713,MEIR MEDICAL PRACTICE,Y60,MIDLANDS COMMISSIONING REGION,QNC,NHS STAFFORDSHIRE AND STOKE-ON-TRENT INTEGRATED CARE BOARD
2025-26,M83718,PEEL CROFT,Y60,MIDLANDS COMMISSIONING REGION,QNC,NHS STAFFORDSHIRE AND STOKE-ON-TRENT INTEGRATED CARE BOARD
2025-26,M84002,POOL MEDICAL CENTRE,Y60,MIDLANDS COMMISSIONING REGION,QWU,NHS COVENTRY AND WARWICKSHIRE INTEGRATED CARE BOARD
2025-26,M84004,WHITEHALL MEDICAL PRACTICE,Y60,MIDLANDS COMMISSIONING REGION,QWU,NHS COVENTRY AND WARWICKSHIRE INTEGRATED CARE BOARD
2025-26,M84008,SPRING HILL MEDICAL CENTRE,Y60,MIDLANDS COMMISSIONING REGION,QWU,NHS COVENTRY AND WARWICKSHIRE INTEGRATED CARE BOARD
2025-26,M84016,WOLSTON SURGERY,Y60,MIDLANDS COMMISSIONING REGION,QWU,NHS COVENTRY AND WARWICKSHIRE INTEGRATED CARE BOARD
2025-26,M84017,CLARENDON LODGE MEDICAL CENTRE,Y60,MIDLANDS COMMISSIONING REGION,QWU,NHS COVENTRY AND WARWICKSHIRE INTEGRATED CARE BOARD
2025-26,M84019,THE ATHERSTONE SURGERY,Y60,MIDLANDS COMMISSIONING REGION,QWU,NHS COVENTRY AND WARWICKSHIRE INTEGRATED CARE BOARD
2025-26,M84020,CLIFTON ROAD SURGERY,Y60,MIDLANDS COMMISSIONING REGION,QWU,NHS COVENTRY AND WARWICKSHIRE INTEGRATED CARE BOARD
2025-26,M84031,REVEL SURGERY,Y60,MIDLANDS COMMISSIONING REGION,QWU,NHS COVENTRY AND WARWICKSHIRE INTEGRATED CARE BOARD
2025-26,F84063,DALSTON PRACTICE,Y56,LONDON COMMISSIONING REGION,QMF,NHS NORTH EAST LONDON INTEGRATED CARE BOARD
2025-26,F84074,WORDSWORTH HEALTH CENTRE,Y56,LONDON COMMISSIONING REGION,QMF,NHS NORTH EAST LONDON INTEGRATED CARE BOARD
2025-26,F84086,THE FOREST PRACTICE,Y56,LONDON COMMISSIONING REGION,QMF,NHS NORTH EAST LONDON INTEGRATED CARE BOARD
2025-26,F84087,HARFORD HEALTH CENTRE,Y56,LONDON COMMISSIONING REGION,QMF,NHS NORTH EAST LONDON INTEGRATED CARE BOARD
2025-26,F84088,PLASHET ROAD MEDICAL CENTRE,Y56,LONDON COMMISSIONING REGION,QMF,NHS NORTH EAST LONDON INTEGRATED CARE BOARD
2025-26,F84097,CLAREMONT CLINIC,Y56,LONDON COMMISSIONING REGION,QMF,NHS NORTH EAST LONDON INTEGRATED CARE BOARD
2025-26,F84105,THE LEA SURGERY,Y56,LONDON COMMISSIONING REGION,QMF,NHS NORTH EAST LONDON INTEGRATED CARE BOARD
2025-26,F84640,THE NEAMAN PRACTICE,Y56,LONDON COMMISSIONING REGION,QMF,NHS NORTH EAST LONDON INTEGRATED CARE BOARD
2025-26,F84642,LUCAS AVENUE PRACTICE,Y56,LONDON COMMISSIONING REGION,QMF,NHS NORTH EAST LONDON INTEGRATED CARE BOARD
2025-26,F84668,THE CLAPTON SURGERY,Y56,LONDON COMMISSIONING REGION,QMF,NHS NORTH EAST LONDON INTEGRATED CARE BOARD
2025-26,F84670,WESTBURY ROAD MEDICAL PRACTICE,Y56,LONDON COMMISSIONING REGION,QMF,NHS NORTH EAST LONDON INTEGRATED CARE BOARD
2025-26,F84694,THE SURGERY (BROOKE ROAD),Y56,LONDON COMMISSIONING REGION,QMF,NHS NORTH EAST LONDON INTEGRATED CARE BOARD
2025-26,F84698,ABERFELDY PRACTICE,Y56,LONDON COMMISSIONING REGION,QMF,NHS NORTH EAST LONDON INTEGRATED CARE BOARD
2025-26,F84718,THE BLITHEHALE MED.CTR.,Y56,LONDON COMMISSIONING REGION,QMF,NHS NORTH EAST LONDON INTEGRATED CARE BOARD
2025-26,F84720,HEALY MEDICAL CENTRE,Y56,LONDON COMMISSIONING REGION,QMF,NHS NORTH EAST LONDON INTEGRATED CARE BOARD
2025-26,F85020,THE WOODBERRY PRACTICE,Y56,LONDON COMMISSIONING REGION,Z9B2Z,NHS WEST AND NORTH LONDON INTEGRATED CARE BOARD
2025-26,F85023,THE ORDNANCE UNITY CENTRE FOR HEALTH,Y56,LONDON COMMISSIONING REGION,Z9B2Z,NHS WEST AND NORTH LONDON INTEGRATED CARE BOARD
2025-26,M84035,WESTSIDE MEDICAL CENTRE,Y60,MIDLANDS COMMISSIONING REGION,QWU,NHS COVENTRY AND WARWICKSHIRE INTEGRATED CARE BOARD
2025-26,M84047,TANWORTH-IN-ARDEN MED CTR,Y60,MIDLANDS COMMISSIONING REGION,QWU,NHS COVENTRY AND WARWICKSHIRE INTEGRATED CARE BOARD
2025-26,M84062,VALE OF RED HORSE,Y60,MIDLANDS COMMISSIONING REGION,QWU,NHS COVENTRY AND WARWICKSHIRE INTEGRATED CARE BOARD
2025-26,M84063,CHASE MEADOW HEALTH CENTRE,Y60,MIDLANDS COMMISSIONING REGION,QWU,NHS COVENTRY AND WARWICKSHIRE INTEGRATED CARE BOARD
2025-26,M84618,RUGBY ROAD SURGERY,Y60,MIDLANDS COMMISSIONING REGION,QWU,NHS COVENTRY AND WARWICKSHIRE INTEGRATED CARE BOARD
2025-26,M85016,HILLCREST SURGERY,Y60,MIDLANDS COMMISSIONING REGION,QHL,NHS BIRMINGHAM AND SOLIHULL INTEGRATED CARE BOARD
2025-26,M85029,COLLEGE GREEN MEDICAL PRACTICE,Y60,MIDLANDS COMMISSIONING REGION,QHL,NHS BIRMINGHAM AND SOLIHULL INTEGRATED CARE BOARD
2025-26,M85030,ST HELIERS MEDICAL PRACTICE,Y60,MIDLANDS COMMISSIONING REGION,QHL,NHS BIRMINGHAM AND SOLIHULL INTEGRATED CARE BOARD
2025-26,M85041,BOURNBROOK VARSITY MEDICAL CENTRE,Y60,MIDLANDS COMMISSIONING REGION,QHL,NHS BIRMINGHAM AND SOLIHULL INTEGRATED CARE BOARD
2025-26,M85055,SELLY OAK HEALTH CENTRE,Y60,MIDLANDS COMMISSIONING REGION,QHL,NHS BIRMINGHAM AND SOLIHULL INTEGRATED CARE BOARD
2025-26,M85056,WEOLEY PARK SURGERY,Y60,MIDLANDS COMMISSIONING REGION,QHL,NHS BIRMINGHAM AND SOLIHULL INTEGRATED CARE BOARD
2025-26,M85061,YARDLEY GREEN MEDICAL CENTRE,Y60,MIDLANDS COMMISSIONING REGION,QHL,NHS BIRMINGHAM AND SOLIHULL INTEGRATED CARE BOARD
2025-26,M85062,SHENLEY GREEN SURGERY,Y60,MIDLANDS COMMISSIONING REGION,QHL,NHS BIRMINGHAM AND SOLIHULL INTEGRATED CARE BOARD
2025-26,M85063,MIDLANDS MEDICAL PARTNERSHIP,Y60,MIDLANDS COMMISSIONING REGION,QHL,NHS BIRMINGHAM AND SOLIHULL INTEGRATED CARE BOARD
2025-26,M85065,POPLARS SURGERY,Y60,MIDLANDS COMMISSIONING REGION,QHL,NHS BIRMINGHAM AND SOLIHULL INTEGRATED CARE BOARD
2025-26,G81032,VICTORIA MEDICAL CENTRE,Y59,SOUTH EAST COMMISSIONING REGION,S9B9J,NHS SURREY AND SUSSEX INTEGRATED CARE BOARD
2025-26,G81034,CHARTER MEDICAL CENTRE,Y59,SOUTH EAST COMMISSIONING REGION,S9B9J,NHS SURREY AND SUSSEX INTEGRATED CARE BOARD
2025-26,G81043,ROTHERFIELD SURGERY,Y59,SOUTH EAST COMMISSIONING REGION,S9B9J,NHS SURREY AND SUSSEX INTEGRATED CARE BOARD
2025-26,G81048,CARISBROOKE SURGERY,Y59,SOUTH EAST COMMISSIONING REGION,S9B9J,NHS SURREY AND SUSSEX INTEGRATED CARE BOARD
2025-26,G81054,PAVILION SURGERY,Y59,SOUTH EAST COMMISSIONING REGION,S9B9J,NHS SURREY AND SUSSEX INTEGRATED CARE BOARD
2025-26,G81065,WOODINGDEAN MEDICAL CENTRE,Y59,SOUTH EAST COMMISSIONING REGION,S9B9J,NHS SURREY AND SUSSEX INTEGRATED CARE BOARD
2025-26,G81070,TRINITY MEDICAL CENTRE,Y59,SOUTH EAST COMMISSIONING REGION,S9B9J,NHS SURREY AND SUSSEX INTEGRATED CARE BOARD
2025-26,G81073,MILE OAK MEDICAL CENTRE,Y59,SOUTH EAST COMMISSIONING REGION,S9B9J,NHS SURREY AND SUSSEX INTEGRATED CARE BOARD
2025-26,G81086,BIRD-IN-EYE SURGERY,Y59,SOUTH EAST COMMISSIONING REGION,S9B9J,NHS SURREY AND SUSSEX INTEGRATED CARE BOARD
2025-26,G81087,NORTHIAM SURGERY,Y59,SOUTH EAST COMMISSIONING REGION,S9B9J,NHS SURREY AND SUSSEX INTEGRATED CARE BOARD
2025-26,G81099,OLD SCHOOL SURGERY,Y59,SOUTH EAST COMMISSIONING REGION,S9B9J,NHS SURREY AND SUSSEX INTEGRATED CARE BOARD
2025-26,G81100,HAVENSHEALTH,Y59,SOUTH EAST COMMISSIONING REGION,S9B9J,NHS SURREY AND SUSSEX INTEGRATED CARE BOARD
2025-26,G81634,HERSTMONCEUX INTEGRATIVE HEALTH CENTRE,Y59,SOUTH EAST COMMISSIONING REGION,S9B9J,NHS SURREY AND SUSSEX INTEGRATED CARE BOARD
2025-26,G82006,DR CJ SHIMMINS & PARTNERS,Y59,SOUTH EAST COMMISSIONING REGION,QKS,NHS KENT AND MEDWAY INTEGRATED CARE BOARD
2025-26,G82018,SUN LANE,Y59,SOUTH EAST COMMISSIONING REGION,QKS,NHS KENT AND MEDWAY INTEGRATED CARE BOARD
2025-26,G82024,GREENSAND MEDICAL GROUP,Y59,SOUTH EAST COMMISSIONING REGION,QKS,NHS KENT AND MEDWAY INTEGRATED CARE BOARD
2025-26,M85070,RESERVOIR ROAD SURGERY,Y60,MIDLANDS COMMISSIONING REGION,QHL,NHS BIRMINGHAM AND SOLIHULL INTEGRATED CARE BOARD
2025-26,M85071,WYCHALL LANE SURGERY,Y60,MIDLANDS COMMISSIONING REGION,QHL,NHS BIRMINGHAM AND SOLIHULL INTEGRATED CARE BOARD
2025-26,M85079,EDEN COURT MEDICAL PRACTICE,Y60,MIDLANDS COMMISSIONING REGION,QHL,NHS BIRMINGHAM AND SOLIHULL INTEGRATED CARE BOARD
2025-26,M85084,THE WAND MEDICAL CENTRE,Y60,MIDLANDS COMMISSIONING REGION,QHL,NHS BIRMINGHAM AND SOLIHULL INTEGRATED CARE BOARD
2025-26,M85097,CRANES PARK ROAD SURGERY,Y60,MIDLANDS COMMISSIONING REGION,QHL,NHS BIRMINGHAM AND SOLIHULL INTEGRATED CARE BOARD
2025-26,M85107,FIRS SURGERY,Y60,MIDLANDS COMMISSIONING REGION,QHL,NHS BIRMINGHAM AND SOLIHULL INTEGRATED CARE BOARD
2025-26,M85108,SMALL HEATH MEDICAL PRACTICE,Y60,MIDLANDS COMMISSIONING REGION,QHL,NHS BIRMINGHAM AND SOLIHULL INTEGRATED CARE BOARD
2025-26,M85118,BALDWINS LANE SURGERY,Y60,MIDLANDS COMMISSIONING REGION,QHL,NHS BIRMINGHAM AND SOLIHULL INTEGRATED CARE BOARD
2025-26,M85139,ALPHA MEDICAL PRACTICE,Y60,MIDLANDS COMMISSIONING REGION,QHL,NHS BIRMINGHAM AND SOLIHULL INTEGRATED CARE BOARD
2025-26,M85141,SCHOOLACRE ROAD SURGERY,Y60,MIDLANDS COMMISSIONING REGION,QHL,NHS BIRMINGHAM AND SOLIHULL INTEGRATED CARE BOARD
2025-26,M85143,JIGGINS LANE MEDICAL CENTRE,Y60,MIDLANDS COMMISSIONING REGION,QHL,NHS BIRMINGHAM AND SOLIHULL INTEGRATED CARE BOARD
2025-26,M85156,RIVER BROOK MEDICAL CENTRE,Y60,MIDLANDS COMMISSIONING REGION,QHL,NHS BIRMINGHAM AND SOLIHULL INTEGRATED CARE BOARD
2025-26,M85167,UNIVERSITY MEDICAL PRACTICE,Y60,MIDLANDS COMMISSIONING REGION,QHL,NHS BIRMINGHAM AND SOLIHULL INTEGRATED CARE BOARD
2025-26,M85171,ROWLANDS ROAD SURGERY,Y60,MIDLANDS COMMISSIONING REGION,QHL,NHS BIRMINGHAM AND SOLIHULL INTEGRATED CARE BOARD
2025-26,M85176,KIRPAL MEDICAL PRACTICE,Y60,MIDLANDS COMMISSIONING REGION,QHL,NHS BIRMINGHAM AND SOLIHULL INTEGRATED CARE BOARD
2025-26,M85634,HEATHFIELD FAMILY CENTRE,Y60,MIDLANDS COMMISSIONING REGION,QHL,NHS BIRMINGHAM AND SOLIHULL INTEGRATED CARE BOARD
2025-26,M85739,PAK HEALTH CENTRE,Y60,MIDLANDS COMMISSIONING REGION,QHL,NHS BIRMINGHAM AND SOLIHULL INTEGRATED CARE BOARD
2025-26,M85774,SPRINGFIELD SURGERY,Y60,MIDLANDS COMMISSIONING REGION,QHL,NHS BIRMINGHAM AND SOLIHULL INTEGRATED CARE BOARD
2025-26,M85783,STRENSHAM ROAD SURGERY,Y60,MIDLANDS COMMISSIONING REGION,QHL,NHS BIRMINGHAM AND SOLIHULL INTEGRATED CARE BOARD
2025-26,M86002,LONGFORD PRIMARY CARE CENTRE,Y60,MIDLANDS COMMISSIONING REGION,QWU,NHS COVENTRY AND WARWICKSHIRE INTEGRATED CARE BOARD
2025-26,M86006,JUBILEE HEALTHCARE,Y60,MIDLANDS COMMISSIONING REGION,QWU,NHS COVENTRY AND WARWICKSHIRE INTEGRATED CARE BOARD
2025-26,M86019,WESTWOOD MEDICAL H/CENTRE,Y60,MIDLANDS COMMISSIONING REGION,QWU,NHS COVENTRY AND WARWICKSHIRE INTEGRATED CARE BOARD
2025-26,M86040,WALSGRAVE HEALTH CENTRE,Y60,MIDLANDS COMMISSIONING REGION,QWU,NHS COVENTRY AND WARWICKSHIRE INTEGRATED CARE BOARD
2025-26,M86041,CLAY LANE MEDICAL PRACTICE,Y60,MIDLANDS COMMISSIONING REGION,QWU,NHS COVENTRY AND WARWICKSHIRE INTEGRATED CARE BOARD
2025-26,M86045,PARADISE MEDICAL CENTRE,Y60,MIDLANDS COMMISSIONING REGION,QWU,NHS COVENTRY AND WARWICKSHIRE INTEGRATED CARE BOARD
2025-26,M86622,GOVIND HEALTH CENTRE,Y60,MIDLANDS COMMISSIONING REGION,QWU,NHS COVENTRY AND WARWICKSHIRE INTEGRATED CARE BOARD
2025-26,M86624,COVENTRY GP GROUP OF PRACTICES,Y60,MIDLANDS COMMISSIONING REGION,QWU,NHS COVENTRY AND WARWICKSHIRE INTEGRATED CARE BOARD
2025-26,M87010,THE WATERFRONT SURGERY,Y60,MIDLANDS COMMISSIONING REGION,QUA,NHS BLACK COUNTRY INTEGRATED CARE BOARD
2025-26,M87013,TANDON MEDICAL CENTRE (ORAM & PARTNERS),Y60,MIDLANDS COMMISSIONING REGION,QUA,NHS BLACK COUNTRY INTEGRATED CARE BOARD
2025-26,M87017,STEPPINGSTONES MEDICAL PRACTICE,Y60,MIDLANDS COMMISSIONING REGION,QUA,NHS BLACK COUNTRY INTEGRATED CARE BOARD
2025-26,M87020,FELDON LANE PRACTICE,Y60,MIDLANDS COMMISSIONING REGION,QUA,NHS BLACK COUNTRY INTEGRATED CARE BOARD
2025-26,M87021,COSELEY MEDICAL CENTRE,Y60,MIDLANDS COMMISSIONING REGION,QUA,NHS BLACK COUNTRY INTEGRATED CARE BOARD
2025-26,F85032,SOUTHGATE,Y56,LONDON COMMISSIONING REGION,Z9B2Z,NHS WEST AND NORTH LONDON INTEGRATED CARE BOARD
2025-26,F85035,HIGHLANDS PRACTICE,Y56,LONDON COMMISSIONING REGION,Z9B2Z,NHS WEST AND NORTH LONDON INTEGRATED CARE BOARD
2025-26,F85039,RAINBOW PRACTICE,Y56,LONDON COMMISSIONING REGION,Z9B2Z,NHS WEST AND NORTH LONDON INTEGRATED CARE BOARD
2025-26,F85061,CHRISTCHURCH HALL SURGERY,Y56,LONDON COMMISSIONING REGION,Z9B2Z,NHS WEST AND NORTH LONDON INTEGRATED CARE BOARD
2025-26,F85063,THE MUSWELL HILL PRACTICE,Y56,LONDON COMMISSIONING REGION,Z9B2Z,NHS WEST AND NORTH LONDON INTEGRATED CARE BOARD
2025-26,F85064,HIGH ROAD SURGERY (STUART CRESCENT HC),Y56,LONDON COMMISSIONING REGION,Z9B2Z,NHS WEST AND NORTH LONDON INTEGRATED CARE BOARD
2025-26,F85067,THE 157 MEDICAL PRACTICE,Y56,LONDON COMMISSIONING REGION,Z9B2Z,NHS WEST AND NORTH LONDON INTEGRATED CARE BOARD
2025-26,F85072,GROVELANDS MEDICAL CENTRE,Y56,LONDON COMMISSIONING REGION,Z9B2Z,NHS WEST AND NORTH LONDON INTEGRATED CARE BOARD
2025-26,F85623,GROVE ROAD SURGERY,Y56,LONDON COMMISSIONING REGION,Z9B2Z,NHS WEST AND NORTH LONDON INTEGRATED CARE BOARD
2025-26,F85625,BINCOTE SURGERY,Y56,LONDON COMMISSIONING REGION,Z9B2Z,NHS WEST AND NORTH LONDON INTEGRATED CARE BOARD
2025-26,F85640,CHESHIRE ROAD SURGERY,Y56,LONDON COMMISSIONING REGION,Z9B2Z,NHS WEST AND NORTH LONDON INTEGRATED CARE BOARD
2025-26,F85642,THE NORTH LONDON HEALTH CENTRE,Y56,LONDON COMMISSIONING REGION,Z9B2Z,NHS WEST AND NORTH LONDON INTEGRATED CARE BOARD
2025-26,F85650,MORECAMBE SURGERY,Y56,LONDON COMMISSIONING REGION,Z9B2Z,NHS WEST AND NORTH LONDON INTEGRATED CARE BOARD
2025-26,F85688,RUTLAND HOUSE SURGERY,Y56,LONDON COMMISSIONING REGION,Z9B2Z,NHS WEST AND NORTH LONDON INTEGRATED CARE BOARD
2025-26,F86013,THE BROADWAY SURGERY,Y56,LONDON COMMISSIONING REGION,QMF,NHS NORTH EAST LONDON INTEGRATED CARE BOARD
2025-26,F86018,THE ECCLESBOURNE PRACTICE,Y56,LONDON COMMISSIONING REGION,QMF,NHS NORTH EAST LONDON INTEGRATED CARE BOARD
2025-26,F86020,GLEBELANDS PRACTICE,Y56,LONDON COMMISSIONING REGION,QMF,NHS NORTH EAST LONDON INTEGRATED CARE BOARD
2025-26,F86022,ILFORD MEDICAL CENTRE,Y56,LONDON COMMISSIONING REGION,QMF,NHS NORTH EAST LONDON INTEGRATED CARE BOARD
2025-26,F86023,THE EVERGREEN SURGERY,Y56,LONDON COMMISSIONING REGION,QMF,NHS NORTH EAST LONDON INTEGRATED CARE BOARD
2025-26,F86030,QUEENS ROAD MEDICAL CENTRE,Y56,LONDON COMMISSIONING REGION,QMF,NHS NORTH EAST LONDON INTEGRATED CARE BOARD
2025-26,F86034,"GREEN LANE, GOODMAYES MEDICAL PRACTICE",Y56,LONDON COMMISSIONING REGION,QMF,NHS NORTH EAST LONDON INTEGRATED CARE BOARD
2025-26,F86038,SMA MEDICAL PRACTICE,Y56,LONDON COMMISSIONING REGION,QMF,NHS NORTH EAST LONDON INTEGRATED CARE BOARD
2025-26,F86045,HIGH ROAD SURGERY,Y56,LONDON COMMISSIONING REGION,QMF,NHS NORTH EAST LONDON INTEGRATED CARE BOARD
2025-26,F86057,THE WILLOWS PRACTICE,Y56,LONDON COMMISSIONING REGION,QMF,NHS NORTH EAST LONDON INTEGRATED CARE BOARD
2025-26,F86060,NEWBURY GROUP PRACTICE,Y56,LONDON COMMISSIONING REGION,QMF,NHS NORTH EAST LONDON INTEGRATED CARE BOARD
2025-26,F86078,THE RIDGEWAY SURGERY,Y56,LONDON COMMISSIONING REGION,QMF,NHS NORTH EAST LONDON INTEGRATED CARE BOARD
2025-26,F86085,HAINAULT SURGERY,Y56,LONDON COMMISSIONING REGION,QMF,NHS NORTH EAST LONDON INTEGRATED CARE BOARD
2025-26,F86616,THE OLD CHURCH SURGERY,Y56,LONDON COMMISSIONING REGION,QMF,NHS NORTH EAST LONDON INTEGRATED CARE BOARD
2025-26,F86641,THE SHRUBBERIES MEDICAL CENTRE,Y56,LONDON COMMISSIONING REGION,QMF,NHS NORTH EAST LONDON INTEGRATED CARE BOARD
2025-26,F86658,QUEEN MARY PRACTICE,Y56,LONDON COMMISSIONING REGION,QMF,NHS NORTH EAST LONDON INTEGRATED CARE BOARD
2025-26,F86692,MATHUKIA'S SURGERY,Y56,LONDON COMMISSIONING REGION,QMF,NHS NORTH EAST LONDON INTEGRATED CARE BOARD
2025-26,F86696,FRANCIS ROAD MEDICAL CENTRE,Y56,LONDON COMMISSIONING REGION,QMF,NHS NORTH EAST LONDON INTEGRATED CARE BOARD
2025-26,F86701,KIYANI MEDICAL PRACTICE,Y56,LONDON COMMISSIONING REGION,QMF,NHS NORTH EAST LONDON INTEGRATED CARE BOARD
2025-26,F86702,ST CLEMENT'S SURGERY,Y56,LONDON COMMISSIONING REGION,QMF,NHS NORTH EAST LONDON INTEGRATED CARE BOARD
2025-26,F86705,LANGTHORNE SHARMA FAMILY PRACTICE,Y56,LONDON COMMISSIONING REGION,QMF,NHS NORTH EAST LONDON INTEGRATED CARE BOARD
2025-26,G81006,ARDINGLY COURT SURGERY,Y59,SOUTH EAST COMMISSIONING REGION,S9B9J,NHS SURREY AND SUSSEX INTEGRATED CARE BOARD
2025-26,G81008,STONE CROSS SURGERY,Y59,SOUTH EAST COMMISSIONING REGION,S9B9J,NHS SURREY AND SUSSEX INTEGRATED CARE BOARD
2025-26,G81011,ST. PETER'S MEDICAL CENTRE,Y59,SOUTH EAST COMMISSIONING REGION,S9B9J,NHS SURREY AND SUSSEX INTEGRATED CARE BOARD
2025-26,G81017,SEASIDE MEDICAL CENTRE,Y59,SOUTH EAST COMMISSIONING REGION,S9B9J,NHS SURREY AND SUSSEX INTEGRATED CARE BOARD
2025-26,G81018,PRESTON PARK SURGERY,Y59,SOUTH EAST COMMISSIONING REGION,S9B9J,NHS SURREY AND SUSSEX INTEGRATED CARE BOARD
2025-26,G81021,FOUNDRY HEALTHCARE LEWES,Y59,SOUTH EAST COMMISSIONING REGION,S9B9J,NHS SURREY AND SUSSEX INTEGRATED CARE BOARD
2025-26,G81024,ASHDOWN FOREST HEALTH CENTRE,Y59,SOUTH EAST COMMISSIONING REGION,S9B9J,NHS SURREY AND SUSSEX INTEGRATED CARE BOARD
2025-26,G81029,SEAFORD MEDICAL PRACTICE,Y59,SOUTH EAST COMMISSIONING REGION,S9B9J,NHS SURREY AND SUSSEX INTEGRATED CARE BOARD
2025-26,G81030,WADHURST MEDICAL GROUP,Y59,SOUTH EAST COMMISSIONING REGION,S9B9J,NHS SURREY AND SUSSEX INTEGRATED CARE BOARD
2025-26,G81039,LITTLE COMMON SURGERY,Y59,SOUTH EAST COMMISSIONING REGION,S9B9J,NHS SURREY AND SUSSEX INTEGRATED CARE BOARD
2025-26,G81047,SEVEN DIALS MEDICAL CENTRE,Y59,SOUTH EAST COMMISSIONING REGION,S9B9J,NHS SURREY AND SUSSEX INTEGRATED CARE BOARD
2025-26,G81050,ARLINGTON ROAD SURGERY,Y59,SOUTH EAST COMMISSIONING REGION,S9B9J,NHS SURREY AND SUSSEX INTEGRATED CARE BOARD
2025-26,G81057,SEDLESCOMBE & WESTFIELD SURGERIES,Y59,SOUTH EAST COMMISSIONING REGION,S9B9J,NHS SURREY AND SUSSEX INTEGRATED CARE BOARD
2025-26,G81071,UNIVERSITY OF SUSSEX HEALTH CENTRE,Y59,SOUTH EAST COMMISSIONING REGION,S9B9J,NHS SURREY AND SUSSEX INTEGRATED CARE BOARD
2025-26,G81074,HIGH GLADES MEDICAL CENTRE,Y59,SOUTH EAST COMMISSIONING REGION,S9B9J,NHS SURREY AND SUSSEX INTEGRATED CARE BOARD
2025-26,G81075,THE AVENUE SURGERY,Y59,SOUTH EAST COMMISSIONING REGION,S9B9J,NHS SURREY AND SUSSEX INTEGRATED CARE BOARD
2025-26,G81082,OLDWOOD SURGERY,Y59,SOUTH EAST COMMISSIONING REGION,S9B9J,NHS SURREY AND SUSSEX INTEGRATED CARE BOARD
2025-26,G81089,SOUTH SAXON HOUSE SURGERY,Y59,SOUTH EAST COMMISSIONING REGION,S9B9J,NHS SURREY AND SUSSEX INTEGRATED CARE BOARD
2025-26,G81095,HASTINGS OLD TOWN SURGERY,Y59,SOUTH EAST COMMISSIONING REGION,S9B9J,NHS SURREY AND SUSSEX INTEGRATED CARE BOARD
2025-26,G81104,PARK PRACTICE,Y59,SOUTH EAST COMMISSIONING REGION,S9B9J,NHS SURREY AND SUSSEX INTEGRATED CARE BOARD
2025-26,G81613,SCHOOL HOUSE SURGERY,Y59,SOUTH EAST COMMISSIONING REGION,S9B9J,NHS SURREY AND SUSSEX INTEGRATED CARE BOARD
2025-26,G81646,THE HAVEN PRACTICE,Y59,SOUTH EAST COMMISSIONING REGION,S9B9J,NHS SURREY AND SUSSEX INTEGRATED CARE BOARD
2025-26,G81658,THE STATION PRACTICE,Y59,SOUTH EAST COMMISSIONING REGION,S9B9J,NHS SURREY AND SUSSEX INTEGRATED CARE BOARD
2025-26,G81663,LINKS ROAD SURGERY,Y59,SOUTH EAST COMMISSIONING REGION,S9B9J,NHS SURREY AND SUSSEX INTEGRATED CARE BOARD
2025-26,G81669,BROADWAY SURGERY,Y59,SOUTH EAST COMMISSIONING REGION,S9B9J,NHS SURREY AND SUSSEX INTEGRATED CARE BOARD
2025-26,G82022,SPELDHURST & GREGGSWOOD MEDICAL GROUP,Y59,SOUTH EAST COMMISSIONING REGION,QKS,NHS KENT AND MEDWAY INTEGRATED CARE BOARD
2025-26,G82035,THE CHESTNUTS SURGERY,Y59,SOUTH EAST COMMISSIONING REGION,QKS,NHS KENT AND MEDWAY INTEGRATED CARE BOARD
2025-26,G82056,THE WELLCOME PRACTICE,Y59,SOUTH EAST COMMISSIONING REGION,QKS,NHS KENT AND MEDWAY INTEGRATED CARE BOARD
2025-26,G82057,ST GEORGES MEDICAL CENTRE,Y59,SOUTH EAST COMMISSIONING REGION,QKS,NHS KENT AND MEDWAY INTEGRATED CARE BOARD
2025-26,A83016,TANFIELD VIEW MEDICAL GROUP,Y63,NORTH EAST AND YORKSHIRE COMMISSIONING REGION,QHM,NHS NORTH EAST AND NORTH CUMBRIA INTEGRATED CARE BOARD
2025-26,A83018,CONSETT MEDICAL CENTRE,Y63,NORTH EAST AND YORKSHIRE COMMISSIONING REGION,QHM,NHS NORTH EAST AND NORTH CUMBRIA INTEGRATED CARE BOARD
2025-26,A83020,NORTH HOUSE SURGERY,Y63,NORTH EAST AND YORKSHIRE COMMISSIONING REGION,QHM,NHS NORTH EAST AND NORTH CUMBRIA INTEGRATED CARE BOARD
2025-26,A83023,STANLEY MEDICAL GROUP,Y63,NORTH EAST AND YORKSHIRE COMMISSIONING REGION,QHM,NHS NORTH EAST AND NORTH CUMBRIA INTEGRATED CARE BOARD
2025-26,A83025,BISHOPGATE MEDICAL CENTRE,Y63,NORTH EAST AND YORKSHIRE COMMISSIONING REGION,QHM,NHS NORTH EAST AND NORTH CUMBRIA INTEGRATED CARE BOARD
2025-26,A83032,WOODVIEW MEDICAL PRACTICE,Y63,NORTH EAST AND YORKSHIRE COMMISSIONING REGION,QHM,NHS NORTH EAST AND NORTH CUMBRIA INTEGRATED CARE BOARD
2025-26,A83033,PELTON & FELLROSE MEDICAL GROUP,Y63,NORTH EAST AND YORKSHIRE COMMISSIONING REGION,QHM,NHS NORTH EAST AND NORTH CUMBRIA INTEGRATED CARE BOARD
2025-26,A83037,BEWICK CRESCENT SURGERY,Y63,NORTH EAST AND YORKSHIRE COMMISSIONING REGION,QHM,NHS NORTH EAST AND NORTH CUMBRIA INTEGRATED CARE BOARD
2025-26,A83045,FERRYHILL AND CHILTON MEDICAL PRACTICE,Y63,NORTH EAST AND YORKSHIRE COMMISSIONING REGION,QHM,NHS NORTH EAST AND NORTH CUMBRIA INTEGRATED CARE BOARD
2025-26,A83048,ROCKLIFFE COURT SURGERY,Y63,NORTH EAST AND YORKSHIRE COMMISSIONING REGION,QHM,NHS NORTH EAST AND NORTH CUMBRIA INTEGRATED CARE BOARD
2025-26,A83049,QUEENS ROAD SURGERY,Y63,NORTH EAST AND YORKSHIRE COMMISSIONING REGION,QHM,NHS NORTH EAST AND NORTH CUMBRIA INTEGRATED CARE BOARD
2025-26,A83050,CESTRIA HEALTH CENTRE,Y63,NORTH EAST AND YORKSHIRE COMMISSIONING REGION,QHM,NHS NORTH EAST AND NORTH CUMBRIA INTEGRATED CARE BOARD
2025-26,A83052,BISHOPS CLOSE MEDICAL PRACTICE,Y63,NORTH EAST AND YORKSHIRE COMMISSIONING REGION,QHM,NHS NORTH EAST AND NORTH CUMBRIA INTEGRATED CARE BOARD
2025-26,A83057,EAST DURHAM MEDICAL GROUP,Y63,NORTH EAST AND YORKSHIRE COMMISSIONING REGION,QHM,NHS NORTH EAST AND NORTH CUMBRIA INTEGRATED CARE BOARD
2025-26,M87023,WORDSLEY GREEN HEALTH CENTRE,Y60,MIDLANDS COMMISSIONING REGION,QUA,NHS BLACK COUNTRY INTEGRATED CARE BOARD
2025-26,M87028,ANCHOR MEDICAL PRACTICE,Y60,MIDLANDS COMMISSIONING REGION,QUA,NHS BLACK COUNTRY INTEGRATED CARE BOARD
2025-26,M87601,KEELINGE HOUSE,Y60,MIDLANDS COMMISSIONING REGION,QUA,NHS BLACK COUNTRY INTEGRATED CARE BOARD
2025-26,M87617,LINKS MEDICAL PRACTICE,Y60,MIDLANDS COMMISSIONING REGION,QUA,NHS BLACK COUNTRY INTEGRATED CARE BOARD
2025-26,M87620,CASTLE MEADOWS SURGERY,Y60,MIDLANDS COMMISSIONING REGION,QUA,NHS BLACK COUNTRY INTEGRATED CARE BOARD
2025-26,M88007,OAKESWELL HEALTH CENTRE,Y60,MIDLANDS COMMISSIONING REGION,QUA,NHS BLACK COUNTRY INTEGRATED CARE BOARD
2025-26,M88008,STONE CROSS MEDICAL CENTRE,Y60,MIDLANDS COMMISSIONING REGION,QUA,NHS BLACK COUNTRY INTEGRATED CARE BOARD
2025-26,M88009,NORVIC FAMILY PRACTICE,Y60,MIDLANDS COMMISSIONING REGION,QUA,NHS BLACK COUNTRY INTEGRATED CARE BOARD
2025-26,M88013,BLACK COUNTRY FAMILY PRACTICE,Y60,MIDLANDS COMMISSIONING REGION,QUA,NHS BLACK COUNTRY INTEGRATED CARE BOARD
2025-26,M88014,DR GUDI PV & PARTNER,Y60,MIDLANDS COMMISSIONING REGION,QUA,NHS BLACK COUNTRY INTEGRATED CARE BOARD
2025-26,M88021,SCOTT ARMS MEDICAL CENTRE,Y60,MIDLANDS COMMISSIONING REGION,QUA,NHS BLACK COUNTRY INTEGRATED CARE BOARD
2025-26,M88030,CHURCH VIEW SURGERY,Y60,MIDLANDS COMMISSIONING REGION,QUA,NHS BLACK COUNTRY INTEGRATED CARE BOARD
2025-26,M88038,LINKWAY MEDICAL PRACTICE,Y60,MIDLANDS COMMISSIONING REGION,QUA,NHS BLACK COUNTRY INTEGRATED CARE BOARD
2025-26,M88043,HADEN VALE SURGERY,Y60,MIDLANDS COMMISSIONING REGION,QUA,NHS BLACK COUNTRY INTEGRATED CARE BOARD
2025-26,M88610,SAREPHED MEDICAL CENTRE,Y60,MIDLANDS COMMISSIONING REGION,QUA,NHS BLACK COUNTRY INTEGRATED CARE BOARD
2025-26,M88616,GREAT BRIDGE PSHIP FOR HEALTH,Y60,MIDLANDS COMMISSIONING REGION,QUA,NHS BLACK COUNTRY INTEGRATED CARE BOARD
2025-26,M88618,"WALFORD STREET, TIVIDALE",Y60,MIDLANDS COMMISSIONING REGION,QUA,NHS BLACK COUNTRY INTEGRATED CARE BOARD
2025-26,M88626,DR UI HAQUE N,Y60,MIDLANDS COMMISSIONING REGION,QUA,NHS BLACK COUNTRY INTEGRATED CARE BOARD
2025-26,M88640,WARLEY ROAD SURGERY,Y60,MIDLANDS COMMISSIONING REGION,QUA,NHS BLACK COUNTRY INTEGRATED CARE BOARD
2025-26,M88647,ROOD END MEDICAL PRACTICE,Y60,MIDLANDS COMMISSIONING REGION,QUA,NHS BLACK COUNTRY INTEGRATED CARE BOARD
2025-26,M89013,ARRAN MEDICAL CENTRE,Y60,MIDLANDS COMMISSIONING REGION,QHL,NHS BIRMINGHAM AND SOLIHULL INTEGRATED CARE BOARD
2025-26,M89015,NORTHBROOK HEALTH CENTRE,Y60,MIDLANDS COMMISSIONING REGION,QHL,NHS BIRMINGHAM AND SOLIHULL INTEGRATED CARE BOARD
2025-26,M89021,COVENTRY ROAD PRACTICE,Y60,MIDLANDS COMMISSIONING REGION,QHL,NHS BIRMINGHAM AND SOLIHULL INTEGRATED CARE BOARD
2025-26,M89030,ARDEN MEDICAL CENTRE,Y60,MIDLANDS COMMISSIONING REGION,QHL,NHS BIRMINGHAM AND SOLIHULL INTEGRATED CARE BOARD
2025-26,M91006,PARKSIDE MEDICAL PRACTICE,Y60,MIDLANDS COMMISSIONING REGION,QUA,NHS BLACK COUNTRY INTEGRATED CARE BOARD
2025-26,M91009,STREETS CORNER SURGERY,Y60,MIDLANDS COMMISSIONING REGION,QUA,NHS BLACK COUNTRY INTEGRATED CARE BOARD
2025-26,M91017,NORTHGATE MEDICAL CENTRE,Y60,MIDLANDS COMMISSIONING REGION,QUA,NHS BLACK COUNTRY INTEGRATED CARE BOARD
2025-26,M91021,LOCKSTOWN PRACTICE,Y60,MIDLANDS COMMISSIONING REGION,QUA,NHS BLACK COUNTRY INTEGRATED CARE BOARD
2025-26,M91026,DARLASTON FAMILY PRACTICE,Y60,MIDLANDS COMMISSIONING REGION,QUA,NHS BLACK COUNTRY INTEGRATED CARE BOARD
2025-26,M91609,NEW ROAD MEDICAL CENTRE,Y60,MIDLANDS COMMISSIONING REGION,QUA,NHS BLACK COUNTRY INTEGRATED CARE BOARD
2025-26,M91614,STROUD PRACTICE,Y60,MIDLANDS COMMISSIONING REGION,QUA,NHS BLACK COUNTRY INTEGRATED CARE BOARD
2025-26,M91621,PALFREY HEALTH CENTRE,Y60,MIDLANDS COMMISSIONING REGION,QUA,NHS BLACK COUNTRY INTEGRATED CARE BOARD
2025-26,M91629,BIRCHILLS HEALTH CENTRE,Y60,MIDLANDS COMMISSIONING REGION,QUA,NHS BLACK COUNTRY INTEGRATED CARE BOARD
2025-26,G82060,NORTHGATE MEDICAL PRACTICE,Y59,SOUTH EAST COMMISSIONING REGION,QKS,NHS KENT AND MEDWAY INTEGRATED CARE BOARD
2025-26,G82063,SANDWICH MEDICAL PRACTICE,Y59,SOUTH EAST COMMISSIONING REGION,QKS,NHS KENT AND MEDWAY INTEGRATED CARE BOARD
2025-26,G82067,OLD ROAD WEST SURGERY,Y59,SOUTH EAST COMMISSIONING REGION,QKS,NHS KENT AND MEDWAY INTEGRATED CARE BOARD
2025-26,G82087,NEW HAYESBANK SURGERY,Y59,SOUTH EAST COMMISSIONING REGION,QKS,NHS KENT AND MEDWAY INTEGRATED CARE BOARD
2025-26,G82094,CHARING SURGERY,Y59,SOUTH EAST COMMISSIONING REGION,QKS,NHS KENT AND MEDWAY INTEGRATED CARE BOARD
2025-26,G82098,BLACKTHORN,Y59,SOUTH EAST COMMISSIONING REGION,QKS,NHS KENT AND MEDWAY INTEGRATED CARE BOARD
2025-26,G82110,TOWN MEDICAL CENTRE,Y59,SOUTH EAST COMMISSIONING REGION,QKS,NHS KENT AND MEDWAY INTEGRATED CARE BOARD
2025-26,G82120,BOROUGH GREEN MEDICAL PRACTICE,Y59,SOUTH EAST COMMISSIONING REGION,QKS,NHS KENT AND MEDWAY INTEGRATED CARE BOARD
2025-26,G82125,OTFORD MEDICAL PRACTICE,Y59,SOUTH EAST COMMISSIONING REGION,QKS,NHS KENT AND MEDWAY INTEGRATED CARE BOARD
2025-26,G82138,ASH SURGERY,Y59,SOUTH EAST COMMISSIONING REGION,QKS,NHS KENT AND MEDWAY INTEGRATED CARE BOARD
2025-26,G82180,MAIDSTONE RD RAINHAM SURGERY,Y59,SOUTH EAST COMMISSIONING REGION,QKS,NHS KENT AND MEDWAY INTEGRATED CARE BOARD
2025-26,G82184,WALTHAM ROAD MEDICAL CENTRE,Y59,SOUTH EAST COMMISSIONING REGION,QKS,NHS KENT AND MEDWAY INTEGRATED CARE BOARD
2025-26,G82205,ST JOHN'S MEDICAL PRACTICE,Y59,SOUTH EAST COMMISSIONING REGION,QKS,NHS KENT AND MEDWAY INTEGRATED CARE BOARD
2025-26,G82211,AYLESHAM MEDICAL PRACTICE,Y59,SOUTH EAST COMMISSIONING REGION,QKS,NHS KENT AND MEDWAY INTEGRATED CARE BOARD
2025-26,G82600,EASTCOURT LANE SURGERY,Y59,SOUTH EAST COMMISSIONING REGION,QKS,NHS KENT AND MEDWAY INTEGRATED CARE BOARD
2025-26,G82702,GREEN PORCH MEDICAL PARTNERSHIP,Y59,SOUTH EAST COMMISSIONING REGION,QKS,NHS KENT AND MEDWAY INTEGRATED CARE BOARD
2025-26,G82708,MARLOWE PARK MEDICAL CTR.,Y59,SOUTH EAST COMMISSIONING REGION,QKS,NHS KENT AND MEDWAY INTEGRATED CARE BOARD
2025-26,M91639,WALSALL WOOD HEALTH CENTRE,Y60,MIDLANDS COMMISSIONING REGION,QUA,NHS BLACK COUNTRY INTEGRATED CARE BOARD
2025-26,M91640,ROUGH HAY SURGERY,Y60,MIDLANDS COMMISSIONING REGION,QUA,NHS BLACK COUNTRY INTEGRATED CARE BOARD
2025-26,M91659,BRACE STREET HC- MAHBUB (M91659),Y60,MIDLANDS COMMISSIONING REGION,QUA,NHS BLACK COUNTRY INTEGRATED CARE BOARD
2025-26,M92026,GRIFFITHS DRIVE MEDICAL PRACTICE,Y60,MIDLANDS COMMISSIONING REGION,QUA,NHS BLACK COUNTRY INTEGRATED CARE BOARD
2025-26,M92041,PROBERT ROAD SURGERY,Y60,MIDLANDS COMMISSIONING REGION,QUA,NHS BLACK COUNTRY INTEGRATED CARE BOARD
2025-26,M92609,ASHFIELD ROAD SURGERY,Y60,MIDLANDS COMMISSIONING REGION,QUA,NHS BLACK COUNTRY INTEGRATED CARE BOARD
2025-26,M92630,EAST PARK MEDICAL PRACTICE,Y60,MIDLANDS COMMISSIONING REGION,QUA,NHS BLACK COUNTRY INTEGRATED CARE BOARD
2025-26,N81018,TARPORLEY HEALTH CENTRE,Y62,NORTH WEST COMMISSIONING REGION,QYG,NHS CHESHIRE AND MERSEYSIDE INTEGRATED CARE BOARD
2025-26,N81019,CASTLEFIELDS HEALTH CENTRE,Y62,NORTH WEST COMMISSIONING REGION,QYG,NHS CHESHIRE AND MERSEYSIDE INTEGRATED CARE BOARD
2025-26,N81025,FIRDALE MEDICAL CENTRE,Y62,NORTH WEST COMMISSIONING REGION,QYG,NHS CHESHIRE AND MERSEYSIDE INTEGRATED CARE BOARD
2025-26,N81029,SOUTH PARK SURGERY,Y62,NORTH WEST COMMISSIONING REGION,QYG,NHS CHESHIRE AND MERSEYSIDE INTEGRATED CARE BOARD
2025-26,N81030,PRINCEWAY SURGERIES,Y62,NORTH WEST COMMISSIONING REGION,QYG,NHS CHESHIRE AND MERSEYSIDE INTEGRATED CARE BOARD
2025-26,N81034,BOUGHTON MEDICAL GROUP,Y62,NORTH WEST COMMISSIONING REGION,QYG,NHS CHESHIRE AND MERSEYSIDE INTEGRATED CARE BOARD
2025-26,N81037,THE BEECHES MEDICAL CTR,Y62,NORTH WEST COMMISSIONING REGION,QYG,NHS CHESHIRE AND MERSEYSIDE INTEGRATED CARE BOARD
2025-26,N81038,LAUREL BANK SURGERY,Y62,NORTH WEST COMMISSIONING REGION,QYG,NHS CHESHIRE AND MERSEYSIDE INTEGRATED CARE BOARD
2025-26,N81046,PARK MEDICAL CENTRE,Y62,NORTH WEST COMMISSIONING REGION,QYG,NHS CHESHIRE AND MERSEYSIDE INTEGRATED CARE BOARD
2025-26,N81055,WATLING STREET SURGERY,Y62,NORTH WEST COMMISSIONING REGION,QYG,NHS CHESHIRE AND MERSEYSIDE INTEGRATED CARE BOARD
2025-26,N81062,CUMBERLAND HOUSE SURGERY,Y62,NORTH WEST COMMISSIONING REGION,QYG,NHS CHESHIRE AND MERSEYSIDE INTEGRATED CARE BOARD
2025-26,N81064,NEWTOWN SURGERY,Y62,NORTH WEST COMMISSIONING REGION,QYG,NHS CHESHIRE AND MERSEYSIDE INTEGRATED CARE BOARD
2025-26,N81069,CHELFORD SURGERY,Y62,NORTH WEST COMMISSIONING REGION,QYG,NHS CHESHIRE AND MERSEYSIDE INTEGRATED CARE BOARD
2025-26,N81070,HANDFORTH HEALTH CENTRE,Y62,NORTH WEST COMMISSIONING REGION,QYG,NHS CHESHIRE AND MERSEYSIDE INTEGRATED CARE BOARD
2025-26,N81071,GREENMOSS MEDICAL CENTRE,Y62,NORTH WEST COMMISSIONING REGION,QYG,NHS CHESHIRE AND MERSEYSIDE INTEGRATED CARE BOARD
2025-26,N81083,PARKVIEW MEDICAL CENTRE,Y62,NORTH WEST COMMISSIONING REGION,QYG,NHS CHESHIRE AND MERSEYSIDE INTEGRATED CARE BOARD
2025-26,N81084,ROPE GREEN MEDICAL CENTRE,Y62,NORTH WEST COMMISSIONING REGION,QYG,NHS CHESHIRE AND MERSEYSIDE INTEGRATED CARE BOARD
2025-26,N81086,WILMSLOW HEALTH CENTRE,Y62,NORTH WEST COMMISSIONING REGION,QYG,NHS CHESHIRE AND MERSEYSIDE INTEGRATED CARE BOARD
2025-26,N81088,PARK GREEN SURGERY,Y62,NORTH WEST COMMISSIONING REGION,QYG,NHS CHESHIRE AND MERSEYSIDE INTEGRATED CARE BOARD
2025-26,N81092,HOPE FARM MEDICAL CENTRE,Y62,NORTH WEST COMMISSIONING REGION,QYG,NHS CHESHIRE AND MERSEYSIDE INTEGRATED CARE BOARD
2025-26,N81108,THE LAKESIDE SURGERY,Y62,NORTH WEST COMMISSIONING REGION,QYG,NHS CHESHIRE AND MERSEYSIDE INTEGRATED CARE BOARD
2025-26,N81109,PADGATE MEDICAL CENTRE,Y62,NORTH WEST COMMISSIONING REGION,QYG,NHS CHESHIRE AND MERSEYSIDE INTEGRATED CARE BOARD
2025-26,N81114,BIRCHWOOD MEDICAL CENTRE,Y62,NORTH WEST COMMISSIONING REGION,QYG,NHS CHESHIRE AND MERSEYSIDE INTEGRATED CARE BOARD
2025-26,N81115,LACHE HEALTH CENTRE,Y62,NORTH WEST COMMISSIONING REGION,QYG,NHS CHESHIRE AND MERSEYSIDE INTEGRATED CARE BOARD
2025-26,G82026,GROVEHURST SURGERY,Y59,SOUTH EAST COMMISSIONING REGION,QKS,NHS KENT AND MEDWAY INTEGRATED CARE BOARD
2025-26,G82027,FAVERSHAM MEDICAL PRACTICE,Y59,SOUTH EAST COMMISSIONING REGION,QKS,NHS KENT AND MEDWAY INTEGRATED CARE BOARD
2025-26,G82028,SWANLEY MEDICAL PRACTICE,Y59,SOUTH EAST COMMISSIONING REGION,QKS,NHS KENT AND MEDWAY INTEGRATED CARE BOARD
2025-26,G82031,BOWER MOUNT MEDICAL PRACTICE,Y59,SOUTH EAST COMMISSIONING REGION,QKS,NHS KENT AND MEDWAY INTEGRATED CARE BOARD
2025-26,G82051,CITY WAY SURGERY,Y59,SOUTH EAST COMMISSIONING REGION,QKS,NHS KENT AND MEDWAY INTEGRATED CARE BOARD
2025-26,G82066,NORTHDOWN & DASHWOOD SURGERY,Y59,SOUTH EAST COMMISSIONING REGION,QKS,NHS KENT AND MEDWAY INTEGRATED CARE BOARD
2025-26,G82082,STURRY SURGERY,Y59,SOUTH EAST COMMISSIONING REGION,QKS,NHS KENT AND MEDWAY INTEGRATED CARE BOARD
2025-26,G82083,THORNHILLS MEDICAL PRACTICE,Y59,SOUTH EAST COMMISSIONING REGION,QKS,NHS KENT AND MEDWAY INTEGRATED CARE BOARD
2025-26,G82089,BREWER STREET,Y59,SOUTH EAST COMMISSIONING REGION,QKS,NHS KENT AND MEDWAY INTEGRATED CARE BOARD
2025-26,G82091,GUILDHALL STREET SURGERY,Y59,SOUTH EAST COMMISSIONING REGION,QKS,NHS KENT AND MEDWAY INTEGRATED CARE BOARD
2025-26,G82105,BETHESDA MEDICAL CENTRE,Y59,SOUTH EAST COMMISSIONING REGION,QKS,NHS KENT AND MEDWAY INTEGRATED CARE BOARD
2025-26,G82111,THE CEDARS SURGERY,Y59,SOUTH EAST COMMISSIONING REGION,QKS,NHS KENT AND MEDWAY INTEGRATED CARE BOARD
2025-26,G82113,STONECROSS AND WEST DRIVE SURGERY,Y59,SOUTH EAST COMMISSIONING REGION,QKS,NHS KENT AND MEDWAY INTEGRATED CARE BOARD
2025-26,G82117,HIGH STREET SURGERY,Y59,SOUTH EAST COMMISSIONING REGION,QKS,NHS KENT AND MEDWAY INTEGRATED CARE BOARD
2025-26,G82119,PARK SURGERY,Y59,SOUTH EAST COMMISSIONING REGION,QKS,NHS KENT AND MEDWAY INTEGRATED CARE BOARD
2025-26,G82121,SANDGATE ROAD,Y59,SOUTH EAST COMMISSIONING REGION,QKS,NHS KENT AND MEDWAY INTEGRATED CARE BOARD
2025-26,G82129,THE GLEBE FAMILY PRACTICE,Y59,SOUTH EAST COMMISSIONING REGION,QKS,NHS KENT AND MEDWAY INTEGRATED CARE BOARD
2025-26,N81117,OLD HALL SURGERY,Y62,NORTH WEST COMMISSIONING REGION,QYG,NHS CHESHIRE AND MERSEYSIDE INTEGRATED CARE BOARD
2025-26,N81119,HOUGH GREEN HEALTH PARK,Y62,NORTH WEST COMMISSIONING REGION,QYG,NHS CHESHIRE AND MERSEYSIDE INTEGRATED CARE BOARD
2025-26,N81120,KELSALL MEDICAL CENTRE,Y62,NORTH WEST COMMISSIONING REGION,QYG,NHS CHESHIRE AND MERSEYSIDE INTEGRATED CARE BOARD
2025-26,N81123,WILLOW WOOD SURGERY,Y62,NORTH WEST COMMISSIONING REGION,QYG,NHS CHESHIRE AND MERSEYSIDE INTEGRATED CARE BOARD
2025-26,N81624,THE VILLAGE SURGERIES GROUP,Y62,NORTH WEST COMMISSIONING REGION,QYG,NHS CHESHIRE AND MERSEYSIDE INTEGRATED CARE BOARD
2025-26,N81626,WESTERN AVE MEDICAL CTRE,Y62,NORTH WEST COMMISSIONING REGION,QYG,NHS CHESHIRE AND MERSEYSIDE INTEGRATED CARE BOARD
2025-26,N81628,THE ERIC MOORE PARTNERSHIP,Y62,NORTH WEST COMMISSIONING REGION,QYG,NHS CHESHIRE AND MERSEYSIDE INTEGRATED CARE BOARD
2025-26,N81632,BROKEN CROSS SURGERY,Y62,NORTH WEST COMMISSIONING REGION,QYG,NHS CHESHIRE AND MERSEYSIDE INTEGRATED CARE BOARD
2025-26,N81651,UPTON ROCKS PRIMARY CARE,Y62,NORTH WEST COMMISSIONING REGION,QYG,NHS CHESHIRE AND MERSEYSIDE INTEGRATED CARE BOARD
2025-26,N81655,ST WERBURGH'S MEDICAL PRACTICE HOMELESS,Y62,NORTH WEST COMMISSIONING REGION,QYG,NHS CHESHIRE AND MERSEYSIDE INTEGRATED CARE BOARD
2025-26,N82011,PRIORY MEDICAL CENTRE,Y62,NORTH WEST COMMISSIONING REGION,QYG,NHS CHESHIRE AND MERSEYSIDE INTEGRATED CARE BOARD
2025-26,N82014,LANCE LANE MEDICAL CENTRE,Y62,NORTH WEST COMMISSIONING REGION,QYG,NHS CHESHIRE AND MERSEYSIDE INTEGRATED CARE BOARD
2025-26,N82033,DINGLE PARK PRACTICE,Y62,NORTH WEST COMMISSIONING REGION,QYG,NHS CHESHIRE AND MERSEYSIDE INTEGRATED CARE BOARD
2025-26,N82037,WESTMORELAND GP CENTRE,Y62,NORTH WEST COMMISSIONING REGION,QYG,NHS CHESHIRE AND MERSEYSIDE INTEGRATED CARE BOARD
2025-26,N82041,OAK VALE MEDICAL CENTRE,Y62,NORTH WEST COMMISSIONING REGION,QYG,NHS CHESHIRE AND MERSEYSIDE INTEGRATED CARE BOARD
2025-26,A83070,MIDDLETON AND DINSDALE MEDICAL PRACTICE,Y63,NORTH EAST AND YORKSHIRE COMMISSIONING REGION,QHM,NHS NORTH EAST AND NORTH CUMBRIA INTEGRATED CARE BOARD
2025-26,A83610,WINGATE MEDICAL PRACTICE INTRAHEALTH,Y63,NORTH EAST AND YORKSHIRE COMMISSIONING REGION,QHM,NHS NORTH EAST AND NORTH CUMBRIA INTEGRATED CARE BOARD
2025-26,A83617,BROWNEY HOUSE SURGERY,Y63,NORTH EAST AND YORKSHIRE COMMISSIONING REGION,QHM,NHS NORTH EAST AND NORTH CUMBRIA INTEGRATED CARE BOARD
2025-26,A83618,OAKFIELDS HEALTH GROUP,Y63,NORTH EAST AND YORKSHIRE COMMISSIONING REGION,QHM,NHS NORTH EAST AND NORTH CUMBRIA INTEGRATED CARE BOARD
2025-26,A83626,EVENWOOD MEDICAL PRACTICE,Y63,NORTH EAST AND YORKSHIRE COMMISSIONING REGION,QHM,NHS NORTH EAST AND NORTH CUMBRIA INTEGRATED CARE BOARD
2025-26,A83644,ANNFIELD PLAIN SURGERY,Y63,NORTH EAST AND YORKSHIRE COMMISSIONING REGION,QHM,NHS NORTH EAST AND NORTH CUMBRIA INTEGRATED CARE BOARD
2025-26,A84011,WHITE MEDICAL GROUP,Y63,NORTH EAST AND YORKSHIRE COMMISSIONING REGION,QHM,NHS NORTH EAST AND NORTH CUMBRIA INTEGRATED CARE BOARD
2025-26,A84016,PRUDHOE MEDICAL GROUP,Y63,NORTH EAST AND YORKSHIRE COMMISSIONING REGION,QHM,NHS NORTH EAST AND NORTH CUMBRIA INTEGRATED CARE BOARD
2025-26,A84028,SEATON PARK MEDICAL GROUP,Y63,NORTH EAST AND YORKSHIRE COMMISSIONING REGION,QHM,NHS NORTH EAST AND NORTH CUMBRIA INTEGRATED CARE BOARD
2025-26,A84033,THE SELE MEDICAL PRACTICE,Y63,NORTH EAST AND YORKSHIRE COMMISSIONING REGION,QHM,NHS NORTH EAST AND NORTH CUMBRIA INTEGRATED CARE BOARD
2025-26,A84035,RIVERSDALE SURGERY,Y63,NORTH EAST AND YORKSHIRE COMMISSIONING REGION,QHM,NHS NORTH EAST AND NORTH CUMBRIA INTEGRATED CARE BOARD
2025-26,A84036,VALENS MEDICAL PARTNERSHIP,Y63,NORTH EAST AND YORKSHIRE COMMISSIONING REGION,QHM,NHS NORTH EAST AND NORTH CUMBRIA INTEGRATED CARE BOARD
2025-26,A84037,NETHERFIELD HOUSE,Y63,NORTH EAST AND YORKSHIRE COMMISSIONING REGION,QHM,NHS NORTH EAST AND NORTH CUMBRIA INTEGRATED CARE BOARD
2025-26,A84604,WOOLER HEALTH,Y63,NORTH EAST AND YORKSHIRE COMMISSIONING REGION,QHM,NHS NORTH EAST AND NORTH CUMBRIA INTEGRATED CARE BOARD
2025-26,N82046,SEFTON PARK MEDICAL CENTRE,Y62,NORTH WEST COMMISSIONING REGION,QYG,NHS CHESHIRE AND MERSEYSIDE INTEGRATED CARE BOARD
2025-26,N82049,WESTMINSTER MEDICAL CENTRE,Y62,NORTH WEST COMMISSIONING REGION,QYG,NHS CHESHIRE AND MERSEYSIDE INTEGRATED CARE BOARD
2025-26,N82053,AINTREE PARK GROUP PRACTICE,Y62,NORTH WEST COMMISSIONING REGION,QYG,NHS CHESHIRE AND MERSEYSIDE INTEGRATED CARE BOARD
2025-26,N82065,EARLE ROAD MEDICAL CENTRE,Y62,NORTH WEST COMMISSIONING REGION,QYG,NHS CHESHIRE AND MERSEYSIDE INTEGRATED CARE BOARD
2025-26,N82066,WOOLTON HOUSE MEDICAL CTR,Y62,NORTH WEST COMMISSIONING REGION,QYG,NHS CHESHIRE AND MERSEYSIDE INTEGRATED CARE BOARD
2025-26,N82073,THE ASH SURGERY,Y62,NORTH WEST COMMISSIONING REGION,QYG,NHS CHESHIRE AND MERSEYSIDE INTEGRATED CARE BOARD
2025-26,N82076,BROWNLOW HEALTH @ PRINCES PARK,Y62,NORTH WEST COMMISSIONING REGION,QYG,NHS CHESHIRE AND MERSEYSIDE INTEGRATED CARE BOARD
2025-26,N82078,BOUSFIELD - ROBERTS,Y62,NORTH WEST COMMISSIONING REGION,QYG,NHS CHESHIRE AND MERSEYSIDE INTEGRATED CARE BOARD
2025-26,N82086,ABINGDON FAMILY HEALTH CARE CENTRE,Y62,NORTH WEST COMMISSIONING REGION,QYG,NHS CHESHIRE AND MERSEYSIDE INTEGRATED CARE BOARD
2025-26,N82091,GP PRACTICE RIVERSIDE (DR JUDE),Y62,NORTH WEST COMMISSIONING REGION,QYG,NHS CHESHIRE AND MERSEYSIDE INTEGRATED CARE BOARD
2025-26,N82097,THE GREY ROAD SURGERY,Y62,NORTH WEST COMMISSIONING REGION,QYG,NHS CHESHIRE AND MERSEYSIDE INTEGRATED CARE BOARD
2025-26,N82099,MERE LANE GROUP PRACTICE,Y62,NORTH WEST COMMISSIONING REGION,QYG,NHS CHESHIRE AND MERSEYSIDE INTEGRATED CARE BOARD
2025-26,N82104,STONEYCROFT MEDICAL CENTRE,Y62,NORTH WEST COMMISSIONING REGION,QYG,NHS CHESHIRE AND MERSEYSIDE INTEGRATED CARE BOARD
2025-26,N82109,SPEKE HC - DR THAKUR,Y62,NORTH WEST COMMISSIONING REGION,QYG,NHS CHESHIRE AND MERSEYSIDE INTEGRATED CARE BOARD
2025-26,N82116,HILLFOOT HEALTH,Y62,NORTH WEST COMMISSIONING REGION,QYG,NHS CHESHIRE AND MERSEYSIDE INTEGRATED CARE BOARD
2025-26,N82117,BROWNLOW GROUP PRACTICE,Y62,NORTH WEST COMMISSIONING REGION,QYG,NHS CHESHIRE AND MERSEYSIDE INTEGRATED CARE BOARD
2025-26,N82645,BROWNLOW HEALTH AT KENSINGTON,Y62,NORTH WEST COMMISSIONING REGION,QYG,NHS CHESHIRE AND MERSEYSIDE INTEGRATED CARE BOARD
2025-26,N82646,DR JUDE'S PRACTICE - RIVERSIDE,Y62,NORTH WEST COMMISSIONING REGION,QYG,NHS CHESHIRE AND MERSEYSIDE INTEGRATED CARE BOARD
2025-26,N82651,STANLEY MEDICAL CENTRE,Y62,NORTH WEST COMMISSIONING REGION,QYG,NHS CHESHIRE AND MERSEYSIDE INTEGRATED CARE BOARD
2025-26,N83006,PHOENIX MEDICAL CENTRE,Y62,NORTH WEST COMMISSIONING REGION,QYG,NHS CHESHIRE AND MERSEYSIDE INTEGRATED CARE BOARD
2025-26,N83012,MILL STREET MEDICAL CTR.,Y62,NORTH WEST COMMISSIONING REGION,QYG,NHS CHESHIRE AND MERSEYSIDE INTEGRATED CARE BOARD
2025-26,N83014,DINAS LANE MEDICAL CENTRE,Y62,NORTH WEST COMMISSIONING REGION,QYG,NHS CHESHIRE AND MERSEYSIDE INTEGRATED CARE BOARD
2025-26,N83017,HALL STREET MEDICAL CENTRE,Y62,NORTH WEST COMMISSIONING REGION,QYG,NHS CHESHIRE AND MERSEYSIDE INTEGRATED CARE BOARD
2025-26,N83019,BILLINGE MEDICAL PRACTICE,Y62,NORTH WEST COMMISSIONING REGION,QYG,NHS CHESHIRE AND MERSEYSIDE INTEGRATED CARE BOARD
2025-26,N83021,FOUR ACRE HEALTH CENTRE,Y62,NORTH WEST COMMISSIONING REGION,QYG,NHS CHESHIRE AND MERSEYSIDE INTEGRATED CARE BOARD
2025-26,N83025,CORNERWAYS MEDICAL CENTRE,Y62,NORTH WEST COMMISSIONING REGION,QYG,NHS CHESHIRE AND MERSEYSIDE INTEGRATED CARE BOARD
2025-26,N83033,ST. LAURENCE'S MEDICAL CENTRE,Y62,NORTH WEST COMMISSIONING REGION,QYG,NHS CHESHIRE AND MERSEYSIDE INTEGRATED CARE BOARD
2025-26,N83043,LONGVIEW MEDICAL CENTRE,Y62,NORTH WEST COMMISSIONING REGION,QYG,NHS CHESHIRE AND MERSEYSIDE INTEGRATED CARE BOARD
2025-26,N83047,TARBOCK MEDICAL CENTRE,Y62,NORTH WEST COMMISSIONING REGION,QYG,NHS CHESHIRE AND MERSEYSIDE INTEGRATED CARE BOARD
2025-26,N83049,KENNETH MACRAE MED CENTRE,Y62,NORTH WEST COMMISSIONING REGION,QYG,NHS CHESHIRE AND MERSEYSIDE INTEGRATED CARE BOARD
2025-26,G82719,MATRIX MEDICAL PRACTICE,Y59,SOUTH EAST COMMISSIONING REGION,QKS,NHS KENT AND MEDWAY INTEGRATED CARE BOARD
2025-26,G82729,WHITE CLIFFS MEDICAL CENTRE,Y59,SOUTH EAST COMMISSIONING REGION,QKS,NHS KENT AND MEDWAY INTEGRATED CARE BOARD
2025-26,G82733,ORCHARD END,Y59,SOUTH EAST COMMISSIONING REGION,QKS,NHS KENT AND MEDWAY INTEGRATED CARE BOARD
2025-26,G82744,MARITIME HEALTH PARTNERSHIP,Y59,SOUTH EAST COMMISSIONING REGION,QKS,NHS KENT AND MEDWAY INTEGRATED CARE BOARD
2025-26,G82754,HADLOW MEDICAL CENTRE,Y59,SOUTH EAST COMMISSIONING REGION,QKS,NHS KENT AND MEDWAY INTEGRATED CARE BOARD
2025-26,G82768,LONSDALE MEDICAL CENTRE,Y59,SOUTH EAST COMMISSIONING REGION,QKS,NHS KENT AND MEDWAY INTEGRATED CARE BOARD
2025-26,G82799,SHEPPEY HEALTHY LIVING CENTRE,Y59,SOUTH EAST COMMISSIONING REGION,QKS,NHS KENT AND MEDWAY INTEGRATED CARE BOARD
2025-26,G82808,"OAKFIELD HEALTH CENTRE, PRACTICE 2",Y59,SOUTH EAST COMMISSIONING REGION,QKS,NHS KENT AND MEDWAY INTEGRATED CARE BOARD
2025-26,G83009,BELLEGROVE SURGERY,Y56,LONDON COMMISSIONING REGION,QKK,NHS SOUTH EAST LONDON INTEGRATED CARE BOARD
2025-26,G83012,GALLIONS REACH HEALTH CENTRE,Y56,LONDON COMMISSIONING REGION,QKK,NHS SOUTH EAST LONDON INTEGRATED CARE BOARD
2025-26,G83015,ELTHAM PALACE PMS,Y56,LONDON COMMISSIONING REGION,QKK,NHS SOUTH EAST LONDON INTEGRATED CARE BOARD
2025-26,G83028,BEXLEY GROUP PRACTICE,Y56,LONDON COMMISSIONING REGION,QKK,NHS SOUTH EAST LONDON INTEGRATED CARE BOARD
2025-26,G83030,ALL SAINTS MEDICAL CENTRE PMS,Y56,LONDON COMMISSIONING REGION,QKK,NHS SOUTH EAST LONDON INTEGRATED CARE BOARD
2025-26,G83031,ABBEY WOOD SURGERY,Y56,LONDON COMMISSIONING REGION,QKK,NHS SOUTH EAST LONDON INTEGRATED CARE BOARD
2025-26,G83044,FAIRFIELD PMS,Y56,LONDON COMMISSIONING REGION,QKK,NHS SOUTH EAST LONDON INTEGRATED CARE BOARD
2025-26,G83046,BURSTED WOOD SURGERY,Y56,LONDON COMMISSIONING REGION,QKK,NHS SOUTH EAST LONDON INTEGRATED CARE BOARD
2025-26,G83053,BEXLEY MEDICAL GROUP,Y56,LONDON COMMISSIONING REGION,QKK,NHS SOUTH EAST LONDON INTEGRATED CARE BOARD
2025-26,G82137,ST ANDREWS MEDICAL CENTRE,Y59,SOUTH EAST COMMISSIONING REGION,QKS,NHS KENT AND MEDWAY INTEGRATED CARE BOARD
2025-26,G82140,UNIVERSITY MEDICAL CENTRE,Y59,SOUTH EAST COMMISSIONING REGION,QKS,NHS KENT AND MEDWAY INTEGRATED CARE BOARD
2025-26,G82141,YALDING,Y59,SOUTH EAST COMMISSIONING REGION,QKS,NHS KENT AND MEDWAY INTEGRATED CARE BOARD
2025-26,G82154,THAMES AVE SURGERY,Y59,SOUTH EAST COMMISSIONING REGION,QKS,NHS KENT AND MEDWAY INTEGRATED CARE BOARD
2025-26,G82155,WATERFIELD HOUSE SURGERY,Y59,SOUTH EAST COMMISSIONING REGION,QKS,NHS KENT AND MEDWAY INTEGRATED CARE BOARD
2025-26,G82160,OAKLANDS HEALTH CENTRE,Y59,SOUTH EAST COMMISSIONING REGION,QKS,NHS KENT AND MEDWAY INTEGRATED CARE BOARD
2025-26,G82165,HAWKINGE AND ELHAM,Y59,SOUTH EAST COMMISSIONING REGION,QKS,NHS KENT AND MEDWAY INTEGRATED CARE BOARD
2025-26,G82185,REDWOOD PRACTICE,Y59,SOUTH EAST COMMISSIONING REGION,QKS,NHS KENT AND MEDWAY INTEGRATED CARE BOARD
2025-26,G82186,HAMSTREET SURGERY,Y59,SOUTH EAST COMMISSIONING REGION,QKS,NHS KENT AND MEDWAY INTEGRATED CARE BOARD
2025-26,G82217,HARBOUR MEDICAL PRACTICE,Y59,SOUTH EAST COMMISSIONING REGION,QKS,NHS KENT AND MEDWAY INTEGRATED CARE BOARD
2025-26,G82224,OLD PARSONAGE SURGERY,Y59,SOUTH EAST COMMISSIONING REGION,QKS,NHS KENT AND MEDWAY INTEGRATED CARE BOARD
2025-26,G82226,WIGMORE MEDICAL CENTRE,Y59,SOUTH EAST COMMISSIONING REGION,QKS,NHS KENT AND MEDWAY INTEGRATED CARE BOARD
2025-26,G82229,SUTTON VALENCE GROUP PRACTICE,Y59,SOUTH EAST COMMISSIONING REGION,QKS,NHS KENT AND MEDWAY INTEGRATED CARE BOARD
2025-26,G82235,OLD SCHOOL SURGERY,Y59,SOUTH EAST COMMISSIONING REGION,QKS,NHS KENT AND MEDWAY INTEGRATED CARE BOARD
2025-26,G82650,MOCKETTS WOOD SURGERY,Y59,SOUTH EAST COMMISSIONING REGION,QKS,NHS KENT AND MEDWAY INTEGRATED CARE BOARD
2025-26,G82652,CHURCH ROAD,Y59,SOUTH EAST COMMISSIONING REGION,QKS,NHS KENT AND MEDWAY INTEGRATED CARE BOARD
2025-26,G82700,BUCKLAND MEDICAL PRACTICE,Y59,SOUTH EAST COMMISSIONING REGION,QKS,NHS KENT AND MEDWAY INTEGRATED CARE BOARD
2025-26,G82711,BORSTAL VILLAGE SURGERY,Y59,SOUTH EAST COMMISSIONING REGION,QKS,NHS KENT AND MEDWAY INTEGRATED CARE BOARD
2025-26,G82721,PARKWOOD FAMILY PRACTICE,Y59,SOUTH EAST COMMISSIONING REGION,QKS,NHS KENT AND MEDWAY INTEGRATED CARE BOARD
2025-26,G82753,THE KINGS FAMILY PRACTICE,Y59,SOUTH EAST COMMISSIONING REGION,QKS,NHS KENT AND MEDWAY INTEGRATED CARE BOARD
2025-26,G82780,GRAVESEND MEDICAL CENTRE,Y59,SOUTH EAST COMMISSIONING REGION,QKS,NHS KENT AND MEDWAY INTEGRATED CARE BOARD
2025-26,G83001,MANOR BROOK PMS,Y56,LONDON COMMISSIONING REGION,QKK,NHS SOUTH EAST LONDON INTEGRATED CARE BOARD
2025-26,G83002,THE WESTWOOD SURGERY,Y56,LONDON COMMISSIONING REGION,QKK,NHS SOUTH EAST LONDON INTEGRATED CARE BOARD
2025-26,G83004,BARNARD MEDICAL GROUP,Y56,LONDON COMMISSIONING REGION,QKK,NHS SOUTH EAST LONDON INTEGRATED CARE BOARD
2025-26,G83006,THE ALBION SURGERY,Y56,LONDON COMMISSIONING REGION,QKK,NHS SOUTH EAST LONDON INTEGRATED CARE BOARD
2025-26,G83013,BLACKHEATH STANDARD PMS,Y56,LONDON COMMISSIONING REGION,QKK,NHS SOUTH EAST LONDON INTEGRATED CARE BOARD
2025-26,G83018,LAKESIDE MEDICAL,Y56,LONDON COMMISSIONING REGION,QKK,NHS SOUTH EAST LONDON INTEGRATED CARE BOARD
2025-26,G83024,INGLETON AVENUE SURGERY,Y56,LONDON COMMISSIONING REGION,QKK,NHS SOUTH EAST LONDON INTEGRATED CARE BOARD
2025-26,G83026,TRIVENI PMS,Y56,LONDON COMMISSIONING REGION,QKK,NHS SOUTH EAST LONDON INTEGRATED CARE BOARD
2025-26,G83027,EVEREST HEALTH PARTNERSHIP,Y56,LONDON COMMISSIONING REGION,QKK,NHS SOUTH EAST LONDON INTEGRATED CARE BOARD
2025-26,G83049,LYNDHURST ROAD MEDICAL CENTRE,Y56,LONDON COMMISSIONING REGION,QKK,NHS SOUTH EAST LONDON INTEGRATED CARE BOARD
2025-26,G83065,BURNEY STREET PMS,Y56,LONDON COMMISSIONING REGION,QKK,NHS SOUTH EAST LONDON INTEGRATED CARE BOARD
2025-26,G83628,NEW ELTHAM AND BLACKFEN MEDICAL CENTRE,Y56,LONDON COMMISSIONING REGION,QKK,NHS SOUTH EAST LONDON INTEGRATED CARE BOARD
2025-26,G83654,BANNOCKBURN SURGERY,Y56,LONDON COMMISSIONING REGION,QKK,NHS SOUTH EAST LONDON INTEGRATED CARE BOARD
2025-26,N83601,THE MACMILLAN SURGERY,Y62,NORTH WEST COMMISSIONING REGION,QYG,NHS CHESHIRE AND MERSEYSIDE INTEGRATED CARE BOARD
2025-26,N83603,PRESCOT MEDICAL CENTRE,Y62,NORTH WEST COMMISSIONING REGION,QYG,NHS CHESHIRE AND MERSEYSIDE INTEGRATED CARE BOARD
2025-26,N83608,DR MAASSARANI & PARTNERS,Y62,NORTH WEST COMMISSIONING REGION,QYG,NHS CHESHIRE AND MERSEYSIDE INTEGRATED CARE BOARD
2025-26,N83620,WINDERMERE MEDICAL CENTRE,Y62,NORTH WEST COMMISSIONING REGION,QYG,NHS CHESHIRE AND MERSEYSIDE INTEGRATED CARE BOARD
2025-26,N83637,NEWHOLME SURGERY,Y62,NORTH WEST COMMISSIONING REGION,QYG,NHS CHESHIRE AND MERSEYSIDE INTEGRATED CARE BOARD
2025-26,N84007,LIVERPOOL RD MEDICAL PRACTICE,Y62,NORTH WEST COMMISSIONING REGION,QYG,NHS CHESHIRE AND MERSEYSIDE INTEGRATED CARE BOARD
2025-26,N84012,AINSDALE MEDICAL CENTRE,Y62,NORTH WEST COMMISSIONING REGION,QYG,NHS CHESHIRE AND MERSEYSIDE INTEGRATED CARE BOARD
2025-26,N84014,AINSDALE VILLAGE SURGERY,Y62,NORTH WEST COMMISSIONING REGION,QYG,NHS CHESHIRE AND MERSEYSIDE INTEGRATED CARE BOARD
2025-26,N84015,BOOTLE VILLAGE SURGERY,Y62,NORTH WEST COMMISSIONING REGION,QYG,NHS CHESHIRE AND MERSEYSIDE INTEGRATED CARE BOARD
2025-26,N84016,MOORE STREET MEDICAL CENTRE,Y62,NORTH WEST COMMISSIONING REGION,QYG,NHS CHESHIRE AND MERSEYSIDE INTEGRATED CARE BOARD
2025-26,N84018,THE VILLAGE SURGERY FORMBY,Y62,NORTH WEST COMMISSIONING REGION,QYG,NHS CHESHIRE AND MERSEYSIDE INTEGRATED CARE BOARD
2025-26,N84035,15 SEFTON ROAD,Y62,NORTH WEST COMMISSIONING REGION,QYG,NHS CHESHIRE AND MERSEYSIDE INTEGRATED CARE BOARD
2025-26,N84041,KINGSWAY SURGERY,Y62,NORTH WEST COMMISSIONING REGION,QYG,NHS CHESHIRE AND MERSEYSIDE INTEGRATED CARE BOARD
2025-26,N84613,THE CORNER SURGERY (DR MULLA),Y62,NORTH WEST COMMISSIONING REGION,QYG,NHS CHESHIRE AND MERSEYSIDE INTEGRATED CARE BOARD
2025-26,N84625,THE FAMILY SURGERY,Y62,NORTH WEST COMMISSIONING REGION,QYG,NHS CHESHIRE AND MERSEYSIDE INTEGRATED CARE BOARD
2025-26,N84626,HIGHTOWN VILLAGE SURGERY,Y62,NORTH WEST COMMISSIONING REGION,QYG,NHS CHESHIRE AND MERSEYSIDE INTEGRATED CARE BOARD
2025-26,G83057,WOODLANDS SURGERY,Y56,LONDON COMMISSIONING REGION,QKK,NHS SOUTH EAST LONDON INTEGRATED CARE BOARD
2025-26,G83058,PRIMECARE PMS (SOUTH STREET),Y56,LONDON COMMISSIONING REGION,QKK,NHS SOUTH EAST LONDON INTEGRATED CARE BOARD
2025-26,G83060,GLYNDON PMS,Y56,LONDON COMMISSIONING REGION,QKK,NHS SOUTH EAST LONDON INTEGRATED CARE BOARD
2025-26,G83066,SIDCUP MEDICAL CENTRE,Y56,LONDON COMMISSIONING REGION,QKK,NHS SOUTH EAST LONDON INTEGRATED CARE BOARD
2025-26,G83631,ABBEYSLADE PMS (DR CHAND),Y56,LONDON COMMISSIONING REGION,QKK,NHS SOUTH EAST LONDON INTEGRATED CARE BOARD
2025-26,G83633,CONWAY PMS,Y56,LONDON COMMISSIONING REGION,QKK,NHS SOUTH EAST LONDON INTEGRATED CARE BOARD
2025-26,G83642,CRAYFORD TOWN SURGERY,Y56,LONDON COMMISSIONING REGION,QKK,NHS SOUTH EAST LONDON INTEGRATED CARE BOARD
2025-26,G83651,WOODLANDS SURGERY,Y56,LONDON COMMISSIONING REGION,QKK,NHS SOUTH EAST LONDON INTEGRATED CARE BOARD
2025-26,G83680,ELTHAM MEDICAL PRACTICE,Y56,LONDON COMMISSIONING REGION,QKK,NHS SOUTH EAST LONDON INTEGRATED CARE BOARD
2025-26,G84001,SOUTH VIEW PARTNERSHIP,Y56,LONDON COMMISSIONING REGION,QKK,NHS SOUTH EAST LONDON INTEGRATED CARE BOARD
2025-26,G84003,LINKS MEDICAL PRACTICE,Y56,LONDON COMMISSIONING REGION,QKK,NHS SOUTH EAST LONDON INTEGRATED CARE BOARD
2025-26,G84011,EDEN PARK SURGERY,Y56,LONDON COMMISSIONING REGION,QKK,NHS SOUTH EAST LONDON INTEGRATED CARE BOARD
2025-26,G84013,ST MARY CRAY PRACTICE,Y56,LONDON COMMISSIONING REGION,QKK,NHS SOUTH EAST LONDON INTEGRATED CARE BOARD
2025-26,G84032,KNOLL MEDICAL PRACTICE,Y56,LONDON COMMISSIONING REGION,QKK,NHS SOUTH EAST LONDON INTEGRATED CARE BOARD
2025-26,G84040,BALLATER SURGERY,Y56,LONDON COMMISSIONING REGION,QKK,NHS SOUTH EAST LONDON INTEGRATED CARE BOARD
2025-26,G84607,WICKHAM PARK SURGERY,Y56,LONDON COMMISSIONING REGION,QKK,NHS SOUTH EAST LONDON INTEGRATED CARE BOARD
2025-26,G84621,WHITEHOUSE SURGERY,Y56,LONDON COMMISSIONING REGION,QKK,NHS SOUTH EAST LONDON INTEGRATED CARE BOARD
2025-26,G83673,ELMSTEAD MEDICAL CLINIC,Y56,LONDON COMMISSIONING REGION,QKK,NHS SOUTH EAST LONDON INTEGRATED CARE BOARD
2025-26,G84002,DYSART SURGERY,Y56,LONDON COMMISSIONING REGION,QKK,NHS SOUTH EAST LONDON INTEGRATED CARE BOARD
2025-26,G84006,SUMMERCROFT SURGERY,Y56,LONDON COMMISSIONING REGION,QKK,NHS SOUTH EAST LONDON INTEGRATED CARE BOARD
2025-26,G84008,MANOR ROAD SURGERY,Y56,LONDON COMMISSIONING REGION,QKK,NHS SOUTH EAST LONDON INTEGRATED CARE BOARD
2025-26,G84019,BROOMWOOD HEALTH CENTRE,Y56,LONDON COMMISSIONING REGION,QKK,NHS SOUTH EAST LONDON INTEGRATED CARE BOARD
2025-26,G84023,SOUTHBOROUGH LANE SURGERY,Y56,LONDON COMMISSIONING REGION,QKK,NHS SOUTH EAST LONDON INTEGRATED CARE BOARD
2025-26,G84024,BROMLEY COMMON PRACTICE,Y56,LONDON COMMISSIONING REGION,QKK,NHS SOUTH EAST LONDON INTEGRATED CARE BOARD
2025-26,G84027,ELM HOUSE SURGERY,Y56,LONDON COMMISSIONING REGION,QKK,NHS SOUTH EAST LONDON INTEGRATED CARE BOARD
2025-26,G84035,TUDOR WAY SURGERY,Y56,LONDON COMMISSIONING REGION,QKK,NHS SOUTH EAST LONDON INTEGRATED CARE BOARD
2025-26,G84604,HIGHLAND ROAD SURGERY,Y56,LONDON COMMISSIONING REGION,QKK,NHS SOUTH EAST LONDON INTEGRATED CARE BOARD
2025-26,G85004,MODALITY LEWISHAM (ML),Y56,LONDON COMMISSIONING REGION,QKK,NHS SOUTH EAST LONDON INTEGRATED CARE BOARD
2025-26,G85006,THE ACORN & GAUMONT HOUSE SURGERY,Y56,LONDON COMMISSIONING REGION,QKK,NHS SOUTH EAST LONDON INTEGRATED CARE BOARD
2025-26,G85011,CLAPHAM FAMILY PRACTICE,Y56,LONDON COMMISSIONING REGION,QKK,NHS SOUTH EAST LONDON INTEGRATED CARE BOARD
2025-26,G85026,CLIFTON RISE FAMILY PRACTICE,Y56,LONDON COMMISSIONING REGION,QKK,NHS SOUTH EAST LONDON INTEGRATED CARE BOARD
2025-26,G85042,ST GILES SURGERY,Y56,LONDON COMMISSIONING REGION,QKK,NHS SOUTH EAST LONDON INTEGRATED CARE BOARD
2025-26,G85054,LAMBETH WALK GROUP PRACTICE,Y56,LONDON COMMISSIONING REGION,QKK,NHS SOUTH EAST LONDON INTEGRATED CARE BOARD
2025-26,G85073,VASSALL MEDICAL CENTRE,Y56,LONDON COMMISSIONING REGION,QKK,NHS SOUTH EAST LONDON INTEGRATED CARE BOARD
2025-26,G85083,SANDMERE PRACTICE,Y56,LONDON COMMISSIONING REGION,QKK,NHS SOUTH EAST LONDON INTEGRATED CARE BOARD
2025-26,G85087,SILVERLOCK MEDICAL CENTRE,Y56,LONDON COMMISSIONING REGION,QKK,NHS SOUTH EAST LONDON INTEGRATED CARE BOARD
2025-26,G85102,GRAY'S INN MEDICAL GROUP VAUXHALL,Y56,LONDON COMMISSIONING REGION,QKK,NHS SOUTH EAST LONDON INTEGRATED CARE BOARD
2025-26,G85104,ICO HEALTH GROUP,Y56,LONDON COMMISSIONING REGION,QKK,NHS SOUTH EAST LONDON INTEGRATED CARE BOARD
2025-26,G85105,VESTA ROAD SURGERY,Y56,LONDON COMMISSIONING REGION,QKK,NHS SOUTH EAST LONDON INTEGRATED CARE BOARD
2025-26,G85109,CLAPHAM PARK GROUP PRACTICE,Y56,LONDON COMMISSIONING REGION,QKK,NHS SOUTH EAST LONDON INTEGRATED CARE BOARD
2025-26,G85121,PARKVIEW SURGERY,Y56,LONDON COMMISSIONING REGION,QKK,NHS SOUTH EAST LONDON INTEGRATED CARE BOARD
2025-26,G85127,THE CORNER SURGERY,Y56,LONDON COMMISSIONING REGION,QKK,NHS SOUTH EAST LONDON INTEGRATED CARE BOARD
2025-26,G85129,THE DEERBROOK SURGERY,Y56,LONDON COMMISSIONING REGION,QKK,NHS SOUTH EAST LONDON INTEGRATED CARE BOARD
2025-26,G85138,ALBION STREET GROUP PRACTICE,Y56,LONDON COMMISSIONING REGION,QKK,NHS SOUTH EAST LONDON INTEGRATED CARE BOARD
2025-26,G85632,THE VILLA STREET MEDICAL CENTRE,Y56,LONDON COMMISSIONING REGION,QKK,NHS SOUTH EAST LONDON INTEGRATED CARE BOARD
2025-26,G85633,NOVUM HEALTH PARTNERSHIP,Y56,LONDON COMMISSIONING REGION,QKK,NHS SOUTH EAST LONDON INTEGRATED CARE BOARD
2025-26,G85651,THE DULWICH MEDICAL CENTRE,Y56,LONDON COMMISSIONING REGION,QKK,NHS SOUTH EAST LONDON INTEGRATED CARE BOARD
2025-26,G85673,SPRINGFIELD MEDICAL CENTRE,Y56,LONDON COMMISSIONING REGION,QKK,NHS SOUTH EAST LONDON INTEGRATED CARE BOARD
2025-26,G85685,THE NUNHEAD SURGERY,Y56,LONDON COMMISSIONING REGION,QKK,NHS SOUTH EAST LONDON INTEGRATED CARE BOARD
2025-26,G85698,AMERSHAM VALE TRAINING PRACTICE,Y56,LONDON COMMISSIONING REGION,QKK,NHS SOUTH EAST LONDON INTEGRATED CARE BOARD
2025-26,G85705,THE NEW MILL STREET SURGERY,Y56,LONDON COMMISSIONING REGION,QKK,NHS SOUTH EAST LONDON INTEGRATED CARE BOARD
2025-26,N85002,MARINE LAKE MEDICAL PRACTICE,Y62,NORTH WEST COMMISSIONING REGION,QYG,NHS CHESHIRE AND MERSEYSIDE INTEGRATED CARE BOARD
2025-26,N85012,ST GEORGES MEDICAL CENTRE,Y62,NORTH WEST COMMISSIONING REGION,QYG,NHS CHESHIRE AND MERSEYSIDE INTEGRATED CARE BOARD
2025-26,N85013,UPTON GROUP PRACTICE,Y62,NORTH WEST COMMISSIONING REGION,QYG,NHS CHESHIRE AND MERSEYSIDE INTEGRATED CARE BOARD
2025-26,N85015,DEVANEY MED CTR,Y62,NORTH WEST COMMISSIONING REGION,QYG,NHS CHESHIRE AND MERSEYSIDE INTEGRATED CARE BOARD
2025-26,N85019,WHETSTONE LANE MED CTR,Y62,NORTH WEST COMMISSIONING REGION,QYG,NHS CHESHIRE AND MERSEYSIDE INTEGRATED CARE BOARD
2025-26,N85020,ST CATHERINE'S SURGERY,Y62,NORTH WEST COMMISSIONING REGION,QYG,NHS CHESHIRE AND MERSEYSIDE INTEGRATED CARE BOARD
2025-26,N85025,ST HILARY GROUP PRACTICE,Y62,NORTH WEST COMMISSIONING REGION,QYG,NHS CHESHIRE AND MERSEYSIDE INTEGRATED CARE BOARD
2025-26,N85028,MORETON GROUP PRACTICE,Y62,NORTH WEST COMMISSIONING REGION,QYG,NHS CHESHIRE AND MERSEYSIDE INTEGRATED CARE BOARD
2025-26,N85031,GLADSTONE MED CTR,Y62,NORTH WEST COMMISSIONING REGION,QYG,NHS CHESHIRE AND MERSEYSIDE INTEGRATED CARE BOARD
2025-26,N85047,ORCHARD SURGERY,Y62,NORTH WEST COMMISSIONING REGION,QYG,NHS CHESHIRE AND MERSEYSIDE INTEGRATED CARE BOARD
2025-26,N85051,SUNLIGHT GROUP PRACTICE,Y62,NORTH WEST COMMISSIONING REGION,QYG,NHS CHESHIRE AND MERSEYSIDE INTEGRATED CARE BOARD
2025-26,N85054,KINGS LANE MEDICAL PRACTICE,Y62,NORTH WEST COMMISSIONING REGION,QYG,NHS CHESHIRE AND MERSEYSIDE INTEGRATED CARE BOARD
2025-26,N85629,EGREMONT MED CTR,Y62,NORTH WEST COMMISSIONING REGION,QYG,NHS CHESHIRE AND MERSEYSIDE INTEGRATED CARE BOARD
2025-26,N85640,LEASOWE MEDICAL PRACTICE,Y62,NORTH WEST COMMISSIONING REGION,QYG,NHS CHESHIRE AND MERSEYSIDE INTEGRATED CARE BOARD
2025-26,N85648,BLACKHEATH MED CTR,Y62,NORTH WEST COMMISSIONING REGION,QYG,NHS CHESHIRE AND MERSEYSIDE INTEGRATED CARE BOARD
2025-26,P81020,BURNLEY GROUP PRACTICE,Y62,NORTH WEST COMMISSIONING REGION,QE1,NHS LANCASHIRE AND SOUTH CUMBRIA INTEGRATED CARE BOARD
2025-26,G84627,GREEN STREET GREEN MED CT,Y56,LONDON COMMISSIONING REGION,QKK,NHS SOUTH EAST LONDON INTEGRATED CARE BOARD
2025-26,G84630,CRESCENT SURGERY,Y56,LONDON COMMISSIONING REGION,QKK,NHS SOUTH EAST LONDON INTEGRATED CARE BOARD
2025-26,G85001,FOREST HILL GROUP PRACTICE,Y56,LONDON COMMISSIONING REGION,QKK,NHS SOUTH EAST LONDON INTEGRATED CARE BOARD
2025-26,G85013,CAMBERWELL GREEN SURGERY,Y56,LONDON COMMISSIONING REGION,QKK,NHS SOUTH EAST LONDON INTEGRATED CARE BOARD
2025-26,G85016,HERNE HILL GROUP PRACTICE,Y56,LONDON COMMISSIONING REGION,QKK,NHS SOUTH EAST LONDON INTEGRATED CARE BOARD
2025-26,G85022,NORTH WOOD GROUP PRACTICE,Y56,LONDON COMMISSIONING REGION,QKK,NHS SOUTH EAST LONDON INTEGRATED CARE BOARD
2025-26,G85024,SYDENHAM GREEN GROUP PRACTICE,Y56,LONDON COMMISSIONING REGION,QKK,NHS SOUTH EAST LONDON INTEGRATED CARE BOARD
2025-26,G85025,BRIXTON HILL GROUP PRACTICE,Y56,LONDON COMMISSIONING REGION,QKK,NHS SOUTH EAST LONDON INTEGRATED CARE BOARD
2025-26,G85030,PARKSIDE MEDICAL CENTRE,Y56,LONDON COMMISSIONING REGION,QKK,NHS SOUTH EAST LONDON INTEGRATED CARE BOARD
2025-26,G85031,DMC CHADWICK ROAD,Y56,LONDON COMMISSIONING REGION,QKK,NHS SOUTH EAST LONDON INTEGRATED CARE BOARD
2025-26,G85032,TORRIDON ROAD MEDICAL PRACTICE,Y56,LONDON COMMISSIONING REGION,QKK,NHS SOUTH EAST LONDON INTEGRATED CARE BOARD
2025-26,G85039,PAXTON GREEN GROUP PRACTICE,Y56,LONDON COMMISSIONING REGION,QKK,NHS SOUTH EAST LONDON INTEGRATED CARE BOARD
2025-26,G85047,KNIGHTS HILL SURGERY SUITE 1,Y56,LONDON COMMISSIONING REGION,QKK,NHS SOUTH EAST LONDON INTEGRATED CARE BOARD
2025-26,G85051,ELM LODGE SURGERY,Y56,LONDON COMMISSIONING REGION,QKK,NHS SOUTH EAST LONDON INTEGRATED CARE BOARD
2025-26,G85053,HURLEY AND RIVERSIDE PRACTICES,Y56,LONDON COMMISSIONING REGION,QKK,NHS SOUTH EAST LONDON INTEGRATED CARE BOARD
2025-26,G85061,WOOLSTONE MEDICAL CENTRE,Y56,LONDON COMMISSIONING REGION,QKK,NHS SOUTH EAST LONDON INTEGRATED CARE BOARD
2025-26,G85091,THE THREE ZERO SIX MEDICAL CENTRE,Y56,LONDON COMMISSIONING REGION,QKK,NHS SOUTH EAST LONDON INTEGRATED CARE BOARD
2025-26,P81022,WITTON MEDICAL CENTRE,Y62,NORTH WEST COMMISSIONING REGION,QE1,NHS LANCASHIRE AND SOUTH CUMBRIA INTEGRATED CARE BOARD
2025-26,P81027,IRWELL MEDICAL PRACTICE,Y62,NORTH WEST COMMISSIONING REGION,QE1,NHS LANCASHIRE AND SOUTH CUMBRIA INTEGRATED CARE BOARD
2025-26,P81040,LONGTON HEALTH CENTRE,Y62,NORTH WEST COMMISSIONING REGION,QE1,NHS LANCASHIRE AND SOUTH CUMBRIA INTEGRATED CARE BOARD
2025-26,P81043,SOUTH KING STREET MEDICAL CENTRE,Y62,NORTH WEST COMMISSIONING REGION,QE1,NHS LANCASHIRE AND SOUTH CUMBRIA INTEGRATED CARE BOARD
2025-26,P81057,WORDEN MEDICAL CENTRE,Y62,NORTH WEST COMMISSIONING REGION,QE1,NHS LANCASHIRE AND SOUTH CUMBRIA INTEGRATED CARE BOARD
2025-26,P81058,ST GEORGES SURGERY,Y62,NORTH WEST COMMISSIONING REGION,QE1,NHS LANCASHIRE AND SOUTH CUMBRIA INTEGRATED CARE BOARD
2025-26,P81070,PENDLE VIEW MEDICAL CENTRE,Y62,NORTH WEST COMMISSIONING REGION,QE1,NHS LANCASHIRE AND SOUTH CUMBRIA INTEGRATED CARE BOARD
2025-26,P81084,HALL GREEN SURGERY,Y62,NORTH WEST COMMISSIONING REGION,QE1,NHS LANCASHIRE AND SOUTH CUMBRIA INTEGRATED CARE BOARD
2025-26,P81089,THE MOUNT VIEW PRACTICE,Y62,NORTH WEST COMMISSIONING REGION,QE1,NHS LANCASHIRE AND SOUTH CUMBRIA INTEGRATED CARE BOARD
2025-26,P81092,THE CRESCENT SURGERY,Y62,NORTH WEST COMMISSIONING REGION,QE1,NHS LANCASHIRE AND SOUTH CUMBRIA INTEGRATED CARE BOARD
2025-26,P81103,NORTH PRESTON MEDICAL PRACTICE,Y62,NORTH WEST COMMISSIONING REGION,QE1,NHS LANCASHIRE AND SOUTH CUMBRIA INTEGRATED CARE BOARD
2025-26,P81112,BEACON PRIMARY CARE,Y62,NORTH WEST COMMISSIONING REGION,QE1,NHS LANCASHIRE AND SOUTH CUMBRIA INTEGRATED CARE BOARD
2025-26,P81118,ILEX VIEW MEDICAL PRACTICE,Y62,NORTH WEST COMMISSIONING REGION,QE1,NHS LANCASHIRE AND SOUTH CUMBRIA INTEGRATED CARE BOARD
2025-26,P81127,GAB HEALTHCARE,Y62,NORTH WEST COMMISSIONING REGION,QE1,NHS LANCASHIRE AND SOUTH CUMBRIA INTEGRATED CARE BOARD
2025-26,P81128,KIRKHAM HEALTH CENTRE,Y62,NORTH WEST COMMISSIONING REGION,QE1,NHS LANCASHIRE AND SOUTH CUMBRIA INTEGRATED CARE BOARD
2025-26,P81136,DR A BISARYA,Y62,NORTH WEST COMMISSIONING REGION,QE1,NHS LANCASHIRE AND SOUTH CUMBRIA INTEGRATED CARE BOARD
2025-26,P81150,PARCLIFFE MEDICAL CENTRE,Y62,NORTH WEST COMMISSIONING REGION,QE1,NHS LANCASHIRE AND SOUTH CUMBRIA INTEGRATED CARE BOARD
2025-26,P81154,GRANVILLE HOUSE MED CTRE,Y62,NORTH WEST COMMISSIONING REGION,QE1,NHS LANCASHIRE AND SOUTH CUMBRIA INTEGRATED CARE BOARD
2025-26,P81157,FERNBANK SURGERY,Y62,NORTH WEST COMMISSIONING REGION,QE1,NHS LANCASHIRE AND SOUTH CUMBRIA INTEGRATED CARE BOARD
2025-26,P81160,OSWALD MEDICAL CENTRE,Y62,NORTH WEST COMMISSIONING REGION,QE1,NHS LANCASHIRE AND SOUTH CUMBRIA INTEGRATED CARE BOARD
2025-26,P81171,THE EUXTON MEDICAL CENTRE,Y62,NORTH WEST COMMISSIONING REGION,QE1,NHS LANCASHIRE AND SOUTH CUMBRIA INTEGRATED CARE BOARD
2025-26,P81172,NEWTON DRIVE HEALTH CENTRE,Y62,NORTH WEST COMMISSIONING REGION,QE1,NHS LANCASHIRE AND SOUTH CUMBRIA INTEGRATED CARE BOARD
2025-26,P81180,CLAYTON BROOK SURGERY,Y62,NORTH WEST COMMISSIONING REGION,QE1,NHS LANCASHIRE AND SOUTH CUMBRIA INTEGRATED CARE BOARD
2025-26,P81182,RICHMOND MEDICAL CENTRE,Y62,NORTH WEST COMMISSIONING REGION,QE1,NHS LANCASHIRE AND SOUTH CUMBRIA INTEGRATED CARE BOARD
2025-26,P81191,QUEENSWAY MEDICAL CENTRE,Y62,NORTH WEST COMMISSIONING REGION,QE1,NHS LANCASHIRE AND SOUTH CUMBRIA INTEGRATED CARE BOARD
2025-26,P81201,ASHURST PRIMARY CARE,Y62,NORTH WEST COMMISSIONING REGION,QE1,NHS LANCASHIRE AND SOUTH CUMBRIA INTEGRATED CARE BOARD
2025-26,P81208,EXCEL PRIMARY CARE,Y62,NORTH WEST COMMISSIONING REGION,QE1,NHS LANCASHIRE AND SOUTH CUMBRIA INTEGRATED CARE BOARD
2025-26,P81620,SLAIDBURN HEALTH CENTRE,Y62,NORTH WEST COMMISSIONING REGION,QE1,NHS LANCASHIRE AND SOUTH CUMBRIA INTEGRATED CARE BOARD
2025-26,P81633,SPRING-FENISCO HEALTHLINK,Y62,NORTH WEST COMMISSIONING REGION,QE1,NHS LANCASHIRE AND SOUTH CUMBRIA INTEGRATED CARE BOARD
2025-26,P81647,GUTTERIDGE MEDICAL CENTRE,Y62,NORTH WEST COMMISSIONING REGION,QE1,NHS LANCASHIRE AND SOUTH CUMBRIA INTEGRATED CARE BOARD
2025-26,P81686,ROSSENDALE VALLEY MEDICAL PRACTICE,Y62,NORTH WEST COMMISSIONING REGION,QE1,NHS LANCASHIRE AND SOUTH CUMBRIA INTEGRATED CARE BOARD
2025-26,P81694,FAMILY PRACTICE,Y62,NORTH WEST COMMISSIONING REGION,QE1,NHS LANCASHIRE AND SOUTH CUMBRIA INTEGRATED CARE BOARD
2025-26,P81721,HOLLINS GROVE SURGERY,Y62,NORTH WEST COMMISSIONING REGION,QE1,NHS LANCASHIRE AND SOUTH CUMBRIA INTEGRATED CARE BOARD
2025-26,P81730,GREAT HARWOOD MEDICAL GROUP,Y62,NORTH WEST COMMISSIONING REGION,QE1,NHS LANCASHIRE AND SOUTH CUMBRIA INTEGRATED CARE BOARD
2025-26,P81735,DR A HUSSAIN,Y62,NORTH WEST COMMISSIONING REGION,QE1,NHS LANCASHIRE AND SOUTH CUMBRIA INTEGRATED CARE BOARD
2025-26,P81736,WHITEFIELD HEALTHCARE,Y62,NORTH WEST COMMISSIONING REGION,QE1,NHS LANCASHIRE AND SOUTH CUMBRIA INTEGRATED CARE BOARD
2025-26,P81757,BARROWFORD SURGERY,Y62,NORTH WEST COMMISSIONING REGION,QE1,NHS LANCASHIRE AND SOUTH CUMBRIA INTEGRATED CARE BOARD
2025-26,P81771,PRIMROSE BANK MEDICAL CENTRE,Y62,NORTH WEST COMMISSIONING REGION,QE1,NHS LANCASHIRE AND SOUTH CUMBRIA INTEGRATED CARE BOARD
2025-26,P82003,KILDONAN HOUSE,Y62,NORTH WEST COMMISSIONING REGION,QOP,NHS GREATER MANCHESTER INTEGRATED CARE BOARD
2025-26,P82607,CROMPTON VIEW SURGERY,Y62,NORTH WEST COMMISSIONING REGION,QOP,NHS GREATER MANCHESTER INTEGRATED CARE BOARD
2025-26,P82626,HALLIWELL SURGERY 3,Y62,NORTH WEST COMMISSIONING REGION,QOP,NHS GREATER MANCHESTER INTEGRATED CARE BOARD
2025-26,P82627,CORNERSTONE SURGERY,Y62,NORTH WEST COMMISSIONING REGION,QOP,NHS GREATER MANCHESTER INTEGRATED CARE BOARD
2025-26,P82629,DR S NASEEF,Y62,NORTH WEST COMMISSIONING REGION,QOP,NHS GREATER MANCHESTER INTEGRATED CARE BOARD
2025-26,P82634,WYRESDALE ROAD SURGERY,Y62,NORTH WEST COMMISSIONING REGION,QOP,NHS GREATER MANCHESTER INTEGRATED CARE BOARD
2025-26,P83005,TOWNSIDE SURGERY,Y62,NORTH WEST COMMISSIONING REGION,QOP,NHS GREATER MANCHESTER INTEGRATED CARE BOARD
2025-26,P83009,BLACKFORD HOUSE MEDICAL CENTRE,Y62,NORTH WEST COMMISSIONING REGION,QOP,NHS GREATER MANCHESTER INTEGRATED CARE BOARD
2025-26,G85123,BINFIELD ROAD SURGERY,Y56,LONDON COMMISSIONING REGION,QKK,NHS SOUTH EAST LONDON INTEGRATED CARE BOARD
2025-26,G85125,PARK MEDICAL CENTRE,Y56,LONDON COMMISSIONING REGION,QKK,NHS SOUTH EAST LONDON INTEGRATED CARE BOARD
2025-26,G85130,MAWBEY GROUP PRACTICE,Y56,LONDON COMMISSIONING REGION,QKK,NHS SOUTH EAST LONDON INTEGRATED CARE BOARD
2025-26,G85136,WATERLOO HEALTH CENTRE,Y56,LONDON COMMISSIONING REGION,QKK,NHS SOUTH EAST LONDON INTEGRATED CARE BOARD
2025-26,G85623,BERMONDSEY SPA MEDICAL CENTRE,Y56,LONDON COMMISSIONING REGION,QKK,NHS SOUTH EAST LONDON INTEGRATED CARE BOARD
2025-26,G85642,BLACKFRIARS MEDICAL PRACTICE,Y56,LONDON COMMISSIONING REGION,QKK,NHS SOUTH EAST LONDON INTEGRATED CARE BOARD
2025-26,G85644,THE GARDENS SURGERY,Y56,LONDON COMMISSIONING REGION,QKK,NHS SOUTH EAST LONDON INTEGRATED CARE BOARD
2025-26,G85662,THE STREATHAM HILL GROUP PRACTICE,Y56,LONDON COMMISSIONING REGION,QKK,NHS SOUTH EAST LONDON INTEGRATED CARE BOARD
2025-26,G85695,AKERMAN MEDICAL PRACTICE,Y56,LONDON COMMISSIONING REGION,QKK,NHS SOUTH EAST LONDON INTEGRATED CARE BOARD
2025-26,G85696,VALE MEDICAL CENTRE,Y56,LONDON COMMISSIONING REGION,QKK,NHS SOUTH EAST LONDON INTEGRATED CARE BOARD
2025-26,G85708,DR CURRAN & PARTNERS,Y56,LONDON COMMISSIONING REGION,QKK,NHS SOUTH EAST LONDON INTEGRATED CARE BOARD
2025-26,G85722,WOODLANDS HEALTH CENTRE,Y56,LONDON COMMISSIONING REGION,QKK,NHS SOUTH EAST LONDON INTEGRATED CARE BOARD
2025-26,G85726,BRUNSWICK PARK FAMILY PRACTICE,Y56,LONDON COMMISSIONING REGION,QKK,NHS SOUTH EAST LONDON INTEGRATED CARE BOARD
2025-26,H81004,SHEPPERTON MEDICAL PRACTICE,Y59,SOUTH EAST COMMISSIONING REGION,S9B9J,NHS SURREY AND SUSSEX INTEGRATED CARE BOARD
2025-26,H81006,AUSTEN ROAD SURGERY,Y59,SOUTH EAST COMMISSIONING REGION,S9B9J,NHS SURREY AND SUSSEX INTEGRATED CARE BOARD
2025-26,H81013,BARTLETT GROUP PRACTICE,Y59,SOUTH EAST COMMISSIONING REGION,S9B9J,NHS SURREY AND SUSSEX INTEGRATED CARE BOARD
2025-26,H81019,SUNNY MEED SURGERY,Y59,SOUTH EAST COMMISSIONING REGION,S9B9J,NHS SURREY AND SUSSEX INTEGRATED CARE BOARD
2025-26,P83010,MONARCH MEDICAL CENTRE,Y62,NORTH WEST COMMISSIONING REGION,QOP,NHS GREATER MANCHESTER INTEGRATED CARE BOARD
2025-26,P83027,GREYLAND MEDICAL CENTRE,Y62,NORTH WEST COMMISSIONING REGION,QOP,NHS GREATER MANCHESTER INTEGRATED CARE BOARD
2025-26,P83603,RED BANK GROUP PRACTICE,Y62,NORTH WEST COMMISSIONING REGION,QOP,NHS GREATER MANCHESTER INTEGRATED CARE BOARD
2025-26,P83605,WHITTAKER LANE MED CENTRE,Y62,NORTH WEST COMMISSIONING REGION,QOP,NHS GREATER MANCHESTER INTEGRATED CARE BOARD
2025-26,P83611,WALMERSLEY ROAD MEDICAL PRACTICE,Y62,NORTH WEST COMMISSIONING REGION,QOP,NHS GREATER MANCHESTER INTEGRATED CARE BOARD
2025-26,P84004,FIVE OAKS FAMILY PRACTICE,Y62,NORTH WEST COMMISSIONING REGION,QOP,NHS GREATER MANCHESTER INTEGRATED CARE BOARD
2025-26,P84005,VALLANCE MEDICAL,Y62,NORTH WEST COMMISSIONING REGION,QOP,NHS GREATER MANCHESTER INTEGRATED CARE BOARD
2025-26,P84010,THE BORCHARDT MEDICAL CENTRE,Y62,NORTH WEST COMMISSIONING REGION,QOP,NHS GREATER MANCHESTER INTEGRATED CARE BOARD
2025-26,P84014,RK MEDICAL PRACTICE,Y62,NORTH WEST COMMISSIONING REGION,QOP,NHS GREATER MANCHESTER INTEGRATED CARE BOARD
2025-26,P84016,LEVENSHULME MEDICAL PRACTICE,Y62,NORTH WEST COMMISSIONING REGION,QOP,NHS GREATER MANCHESTER INTEGRATED CARE BOARD
2025-26,P84018,MAULDETH MEDICAL CENTRE,Y62,NORTH WEST COMMISSIONING REGION,QOP,NHS GREATER MANCHESTER INTEGRATED CARE BOARD
2025-26,P84020,PEEL HALL MEDICAL CENTRE,Y62,NORTH WEST COMMISSIONING REGION,QOP,NHS GREATER MANCHESTER INTEGRATED CARE BOARD
2025-26,P84021,THE MAPLES MEDICAL CENTRE,Y62,NORTH WEST COMMISSIONING REGION,QOP,NHS GREATER MANCHESTER INTEGRATED CARE BOARD
2025-26,P84037,ARDWICK MEDICAL PRACTICE,Y62,NORTH WEST COMMISSIONING REGION,QOP,NHS GREATER MANCHESTER INTEGRATED CARE BOARD
2025-26,P84042,FLORENCE HOUSE MEDICAL PRACTICE,Y62,NORTH WEST COMMISSIONING REGION,QOP,NHS GREATER MANCHESTER INTEGRATED CARE BOARD
2025-26,P84043,CORNISHWAY GROUP PRACTICE,Y62,NORTH WEST COMMISSIONING REGION,QOP,NHS GREATER MANCHESTER INTEGRATED CARE BOARD
2025-26,H81021,THE MILL MEDICAL PRACTICE,Y59,SOUTH EAST COMMISSIONING REGION,S9B9J,NHS SURREY AND SUSSEX INTEGRATED CARE BOARD
2025-26,H81025,ST JOHN'S FAMILY PRACTICE,Y59,SOUTH EAST COMMISSIONING REGION,S9B9J,NHS SURREY AND SUSSEX INTEGRATED CARE BOARD
2025-26,H81030,THE HOUSE PARTNERSHIP,Y59,SOUTH EAST COMMISSIONING REGION,S9B9J,NHS SURREY AND SUSSEX INTEGRATED CARE BOARD
2025-26,H81034,MADEIRA MEDICAL,Y59,SOUTH EAST COMMISSIONING REGION,S9B9J,NHS SURREY AND SUSSEX INTEGRATED CARE BOARD
2025-26,H81038,LITTLETON SURGERY,Y59,SOUTH EAST COMMISSIONING REGION,S9B9J,NHS SURREY AND SUSSEX INTEGRATED CARE BOARD
2025-26,H81039,PARK HOUSE SURGERY,Y59,SOUTH EAST COMMISSIONING REGION,S9B9J,NHS SURREY AND SUSSEX INTEGRATED CARE BOARD
2025-26,H81046,WAYSIDE MEDICAL PRACTICE,Y59,SOUTH EAST COMMISSIONING REGION,S9B9J,NHS SURREY AND SUSSEX INTEGRATED CARE BOARD
2025-26,H81048,HOLMHURST MEDICAL CENTRE,Y59,SOUTH EAST COMMISSIONING REGION,S9B9J,NHS SURREY AND SUSSEX INTEGRATED CARE BOARD
2025-26,H81052,CRANLEIGH MEDICAL PRACTICE,Y59,SOUTH EAST COMMISSIONING REGION,S9B9J,NHS SURREY AND SUSSEX INTEGRATED CARE BOARD
2025-26,H81053,VILLAGES MEDICAL CTR,Y59,SOUTH EAST COMMISSIONING REGION,S9B9J,NHS SURREY AND SUSSEX INTEGRATED CARE BOARD
2025-26,H81067,COBHAM HEALTH CENTRE,Y59,SOUTH EAST COMMISSIONING REGION,S9B9J,NHS SURREY AND SUSSEX INTEGRATED CARE BOARD
2025-26,H81071,ASHLEY CENTRE SURGERY,Y59,SOUTH EAST COMMISSIONING REGION,S9B9J,NHS SURREY AND SUSSEX INTEGRATED CARE BOARD
2025-26,H81081,TADWORTH MEDICAL CENTRE,Y59,SOUTH EAST COMMISSIONING REGION,S9B9J,NHS SURREY AND SUSSEX INTEGRATED CARE BOARD
2025-26,H81086,THORKHILL SURGERY,Y59,SOUTH EAST COMMISSIONING REGION,S9B9J,NHS SURREY AND SUSSEX INTEGRATED CARE BOARD
2025-26,H81094,THE RED PRACTICE WALTON,Y59,SOUTH EAST COMMISSIONING REGION,S9B9J,NHS SURREY AND SUSSEX INTEGRATED CARE BOARD
2025-26,H81103,EASTWICK PARK MED.PRACT.,Y59,SOUTH EAST COMMISSIONING REGION,S9B9J,NHS SURREY AND SUSSEX INTEGRATED CARE BOARD
2025-26,G85716,OAKVIEW FAMILY PRACTICE,Y56,LONDON COMMISSIONING REGION,QKK,NHS SOUTH EAST LONDON INTEGRATED CARE BOARD
2025-26,H81011,NORK CLINIC,Y59,SOUTH EAST COMMISSIONING REGION,S9B9J,NHS SURREY AND SUSSEX INTEGRATED CARE BOARD
2025-26,H81015,CHOBHAM & WEST END MEDICAL PRACTICE,Y59,SOUTH EAST COMMISSIONING REGION,S9B9J,NHS SURREY AND SUSSEX INTEGRATED CARE BOARD
2025-26,H81016,FAIRFIELD MEDICAL CENTRE,Y59,SOUTH EAST COMMISSIONING REGION,S9B9J,NHS SURREY AND SUSSEX INTEGRATED CARE BOARD
2025-26,H81029,DAPDUNE HOUSE SURGERY,Y59,SOUTH EAST COMMISSIONING REGION,S9B9J,NHS SURREY AND SUSSEX INTEGRATED CARE BOARD
2025-26,H81042,CROUCH OAK FAMILY PRACTICE,Y59,SOUTH EAST COMMISSIONING REGION,S9B9J,NHS SURREY AND SUSSEX INTEGRATED CARE BOARD
2025-26,H81044,SPRINGFIELD SURGERY,Y59,SOUTH EAST COMMISSIONING REGION,S9B9J,NHS SURREY AND SUSSEX INTEGRATED CARE BOARD
2025-26,H81050,WEY FAMILY PRACTICE,Y59,SOUTH EAST COMMISSIONING REGION,S9B9J,NHS SURREY AND SUSSEX INTEGRATED CARE BOARD
2025-26,H81068,BROCKWOOD MEDICAL PRACTICE,Y59,SOUTH EAST COMMISSIONING REGION,S9B9J,NHS SURREY AND SUSSEX INTEGRATED CARE BOARD
2025-26,H81075,UPPER GORDON ROAD SURGERY,Y59,SOUTH EAST COMMISSIONING REGION,S9B9J,NHS SURREY AND SUSSEX INTEGRATED CARE BOARD
2025-26,H81077,SHERESURGERYANDDISPENSARY,Y59,SOUTH EAST COMMISSIONING REGION,S9B9J,NHS SURREY AND SUSSEX INTEGRATED CARE BOARD
2025-26,H81078,GLENLYN MEDICAL CENTRE,Y59,SOUTH EAST COMMISSIONING REGION,S9B9J,NHS SURREY AND SUSSEX INTEGRATED CARE BOARD
2025-26,H81084,THE HORSLEY MEDICAL PRACTICE,Y59,SOUTH EAST COMMISSIONING REGION,S9B9J,NHS SURREY AND SUSSEX INTEGRATED CARE BOARD
2025-26,H81087,ST DAVID'S FAMILY PRACTICE,Y59,SOUTH EAST COMMISSIONING REGION,S9B9J,NHS SURREY AND SUSSEX INTEGRATED CARE BOARD
2025-26,H81088,CENTRAL SURGERY,Y59,SOUTH EAST COMMISSIONING REGION,S9B9J,NHS SURREY AND SUSSEX INTEGRATED CARE BOARD
2025-26,H81099,ESHER GREEN SURGERY,Y59,SOUTH EAST COMMISSIONING REGION,S9B9J,NHS SURREY AND SUSSEX INTEGRATED CARE BOARD
2025-26,P84046,CHEETHAM HILL MEDICAL CENTRE,Y62,NORTH WEST COMMISSIONING REGION,QOP,NHS GREATER MANCHESTER INTEGRATED CARE BOARD
2025-26,P84049,THE AVENUE MEDICAL CENTRE,Y62,NORTH WEST COMMISSIONING REGION,QOP,NHS GREATER MANCHESTER INTEGRATED CARE BOARD
2025-26,P84064,NEW ISLINGTON MEDICAL CENTRE,Y62,NORTH WEST COMMISSIONING REGION,QOP,NHS GREATER MANCHESTER INTEGRATED CARE BOARD
2025-26,P84066,DAVID MEDICAL CENTRE,Y62,NORTH WEST COMMISSIONING REGION,QOP,NHS GREATER MANCHESTER INTEGRATED CARE BOARD
2025-26,P84067,HAZELDENE MEDICAL CENTRE,Y62,NORTH WEST COMMISSIONING REGION,QOP,NHS GREATER MANCHESTER INTEGRATED CARE BOARD
2025-26,P84068,CHORLTON FAMILY PRACTICE,Y62,NORTH WEST COMMISSIONING REGION,QOP,NHS GREATER MANCHESTER INTEGRATED CARE BOARD
2025-26,P84611,BRUNSWICK MEDICAL PRACTICE,Y62,NORTH WEST COMMISSIONING REGION,QOP,NHS GREATER MANCHESTER INTEGRATED CARE BOARD
2025-26,P84639,FALLOWFIELD MEDICAL CENTRE,Y62,NORTH WEST COMMISSIONING REGION,QOP,NHS GREATER MANCHESTER INTEGRATED CARE BOARD
2025-26,P84663,THE NEVILLE FAMILY CENTRE,Y62,NORTH WEST COMMISSIONING REGION,QOP,NHS GREATER MANCHESTER INTEGRATED CARE BOARD
2025-26,P84669,CORNBROOK MEDICAL PRACTICE,Y62,NORTH WEST COMMISSIONING REGION,QOP,NHS GREATER MANCHESTER INTEGRATED CARE BOARD
2025-26,P84689,MANCHESTER INTEGRATIVE MEDICAL PRACTICE,Y62,NORTH WEST COMMISSIONING REGION,QOP,NHS GREATER MANCHESTER INTEGRATED CARE BOARD
2025-26,P85007,OLDHAM FAMILY PRACTICE,Y62,NORTH WEST COMMISSIONING REGION,QOP,NHS GREATER MANCHESTER INTEGRATED CARE BOARD
2025-26,P85016,SADDLEWORTH MEDICAL PRACTICE,Y62,NORTH WEST COMMISSIONING REGION,QOP,NHS GREATER MANCHESTER INTEGRATED CARE BOARD
2025-26,P85020,SPRINGFIELD HOUSE,Y62,NORTH WEST COMMISSIONING REGION,QOP,NHS GREATER MANCHESTER INTEGRATED CARE BOARD
2025-26,P85021,GREENBANK MEDICAL PRACTICE,Y62,NORTH WEST COMMISSIONING REGION,QOP,NHS GREATER MANCHESTER INTEGRATED CARE BOARD
2025-26,P85606,MOORSIDE MEDICAL PRACTICE,Y62,NORTH WEST COMMISSIONING REGION,QOP,NHS GREATER MANCHESTER INTEGRATED CARE BOARD
2025-26,P85608,PERKINS PRACTICE,Y62,NORTH WEST COMMISSIONING REGION,QOP,NHS GREATER MANCHESTER INTEGRATED CARE BOARD
2025-26,P85614,VILLAGE MEDICAL PRACTICE,Y62,NORTH WEST COMMISSIONING REGION,QOP,NHS GREATER MANCHESTER INTEGRATED CARE BOARD
2025-26,P85615,KAPUR FAMILY CARE,Y62,NORTH WEST COMMISSIONING REGION,QOP,NHS GREATER MANCHESTER INTEGRATED CARE BOARD
2025-26,P86002,DR GWD BHIMA,Y62,NORTH WEST COMMISSIONING REGION,QOP,NHS GREATER MANCHESTER INTEGRATED CARE BOARD
2025-26,P86006,ASHWORTH STREET SURGERY,Y62,NORTH WEST COMMISSIONING REGION,QOP,NHS GREATER MANCHESTER INTEGRATED CARE BOARD
2025-26,P86007,WELLFIELD HEALTH CENTRE,Y62,NORTH WEST COMMISSIONING REGION,QOP,NHS GREATER MANCHESTER INTEGRATED CARE BOARD
2025-26,P86009,CASTLETON HEALTH CENTRE,Y62,NORTH WEST COMMISSIONING REGION,QOP,NHS GREATER MANCHESTER INTEGRATED CARE BOARD
2025-26,P86010,THE JUNCTION SURGERY,Y62,NORTH WEST COMMISSIONING REGION,QOP,NHS GREATER MANCHESTER INTEGRATED CARE BOARD
2025-26,P86011,LONGFORD STREET MEDICAL CENTRE,Y62,NORTH WEST COMMISSIONING REGION,QOP,NHS GREATER MANCHESTER INTEGRATED CARE BOARD
2025-26,P86018,LITTLEBOROUGH GROUP PRACTICE,Y62,NORTH WEST COMMISSIONING REGION,QOP,NHS GREATER MANCHESTER INTEGRATED CARE BOARD
2025-26,P86019,DURNFORD MEDICAL CENTRE,Y62,NORTH WEST COMMISSIONING REGION,QOP,NHS GREATER MANCHESTER INTEGRATED CARE BOARD
2025-26,P86022,STONEFIELD STREET SURGERY,Y62,NORTH WEST COMMISSIONING REGION,QOP,NHS GREATER MANCHESTER INTEGRATED CARE BOARD
2025-26,P86619,DR MB GHAFOOR & PARTNERS,Y62,NORTH WEST COMMISSIONING REGION,QOP,NHS GREATER MANCHESTER INTEGRATED CARE BOARD
2025-26,P86620,WINDERMERE SURGERY,Y62,NORTH WEST COMMISSIONING REGION,QOP,NHS GREATER MANCHESTER INTEGRATED CARE BOARD
2025-26,P87002,THE POPLARS MEDICAL PRACTICE,Y62,NORTH WEST COMMISSIONING REGION,QOP,NHS GREATER MANCHESTER INTEGRATED CARE BOARD
2025-26,P87008,WALKDEN MEDICAL CENTRE,Y62,NORTH WEST COMMISSIONING REGION,QOP,NHS GREATER MANCHESTER INTEGRATED CARE BOARD
2025-26,P87017,THE LIMES MEDICAL PRACTICE,Y62,NORTH WEST COMMISSIONING REGION,QOP,NHS GREATER MANCHESTER INTEGRATED CARE BOARD
2025-26,P87022,MOCHA PARADE MEDICAL PRACTICE,Y62,NORTH WEST COMMISSIONING REGION,QOP,NHS GREATER MANCHESTER INTEGRATED CARE BOARD
2025-26,P87025,THE LAKES MEDICAL PRACTICE,Y62,NORTH WEST COMMISSIONING REGION,QOP,NHS GREATER MANCHESTER INTEGRATED CARE BOARD
2025-26,P87027,LANGWORTHY MEDICAL PRACTICE,Y62,NORTH WEST COMMISSIONING REGION,QOP,NHS GREATER MANCHESTER INTEGRATED CARE BOARD
2025-26,P87035,ORDSALL HEALTH SURGERY,Y62,NORTH WEST COMMISSIONING REGION,QOP,NHS GREATER MANCHESTER INTEGRATED CARE BOARD
2025-26,P87610,THE MOSSLANDS MEDICAL PRACTICE,Y62,NORTH WEST COMMISSIONING REGION,QOP,NHS GREATER MANCHESTER INTEGRATED CARE BOARD
2025-26,P87613,CLEGGS LANE MEDICAL PRACTICE/129,Y62,NORTH WEST COMMISSIONING REGION,QOP,NHS GREATER MANCHESTER INTEGRATED CARE BOARD
2025-26,P87654,DR A CHAUDHRY & DR I JEET,Y62,NORTH WEST COMMISSIONING REGION,QOP,NHS GREATER MANCHESTER INTEGRATED CARE BOARD
2025-26,P87658,THE WILLOWS MEDICAL PRACTICE,Y62,NORTH WEST COMMISSIONING REGION,QOP,NHS GREATER MANCHESTER INTEGRATED CARE BOARD
2025-26,P88006,MARPLE COTTAGE SURGERY,Y62,NORTH WEST COMMISSIONING REGION,QOP,NHS GREATER MANCHESTER INTEGRATED CARE BOARD
2025-26,P88016,BRAMHALL & SHAW HEATH MEDICAL GROUP,Y62,NORTH WEST COMMISSIONING REGION,QOP,NHS GREATER MANCHESTER INTEGRATED CARE BOARD
2025-26,P88018,PARK VIEW GROUP PRACTICE,Y62,NORTH WEST COMMISSIONING REGION,QOP,NHS GREATER MANCHESTER INTEGRATED CARE BOARD
2025-26,P88020,CHEADLE MEDICAL PRACTICE,Y62,NORTH WEST COMMISSIONING REGION,QOP,NHS GREATER MANCHESTER INTEGRATED CARE BOARD
2025-26,P88044,BREDBURY MEDICAL CENTRE,Y62,NORTH WEST COMMISSIONING REGION,QOP,NHS GREATER MANCHESTER INTEGRATED CARE BOARD
2025-26,P88625,ARCHWOOD MEDICAL PRACTICE,Y62,NORTH WEST COMMISSIONING REGION,QOP,NHS GREATER MANCHESTER INTEGRATED CARE BOARD
2025-26,P88632,STOCKPORT MEDICAL GROUP,Y62,NORTH WEST COMMISSIONING REGION,QOP,NHS GREATER MANCHESTER INTEGRATED CARE BOARD
2025-26,H81111,VIRGINIA WATER MEDICAL PRACTICE,Y59,SOUTH EAST COMMISSIONING REGION,S9B9J,NHS SURREY AND SUSSEX INTEGRATED CARE BOARD
2025-26,H81130,LIGHTWATER SURGERY,Y59,SOUTH EAST COMMISSIONING REGION,S9B9J,NHS SURREY AND SUSSEX INTEGRATED CARE BOARD
2025-26,H81134,STAINES HEALTH GROUP,Y59,SOUTH EAST COMMISSIONING REGION,S9B9J,NHS SURREY AND SUSSEX INTEGRATED CARE BOARD
2025-26,H81658,NEW OTTERSHAW SURGERY,Y59,SOUTH EAST COMMISSIONING REGION,S9B9J,NHS SURREY AND SUSSEX INTEGRATED CARE BOARD
2025-26,H82011,STRAND MEDICAL GROUP,Y59,SOUTH EAST COMMISSIONING REGION,S9B9J,NHS SURREY AND SUSSEX INTEGRATED CARE BOARD
2025-26,H82012,LEACROFT MEDICAL PRACTICE,Y59,SOUTH EAST COMMISSIONING REGION,S9B9J,NHS SURREY AND SUSSEX INTEGRATED CARE BOARD
2025-26,H82013,LANGLEY HOUSE SURGERY,Y59,SOUTH EAST COMMISSIONING REGION,S9B9J,NHS SURREY AND SUSSEX INTEGRATED CARE BOARD
2025-26,H82016,BERSTED GREEN SURGERY,Y59,SOUTH EAST COMMISSIONING REGION,S9B9J,NHS SURREY AND SUSSEX INTEGRATED CARE BOARD
2025-26,H82023,ADUR HEALTH PARTNERSHIP,Y59,SOUTH EAST COMMISSIONING REGION,S9B9J,NHS SURREY AND SUSSEX INTEGRATED CARE BOARD
2025-26,H82026,SAXONBROOK MEDICAL CENTRE,Y59,SOUTH EAST COMMISSIONING REGION,S9B9J,NHS SURREY AND SUSSEX INTEGRATED CARE BOARD
2025-26,H82027,RUDGWICK MEDICAL CENTRE,Y59,SOUTH EAST COMMISSIONING REGION,S9B9J,NHS SURREY AND SUSSEX INTEGRATED CARE BOARD
2025-26,H82028,THE COURTYARD SURGERY HORSHAM,Y59,SOUTH EAST COMMISSIONING REGION,S9B9J,NHS SURREY AND SUSSEX INTEGRATED CARE BOARD
2025-26,H82030,PULBOROUGH MEDICAL GROUP,Y59,SOUTH EAST COMMISSIONING REGION,S9B9J,NHS SURREY AND SUSSEX INTEGRATED CARE BOARD
2025-26,H82032,RIVERBANK MEDICAL CENTRE,Y59,SOUTH EAST COMMISSIONING REGION,S9B9J,NHS SURREY AND SUSSEX INTEGRATED CARE BOARD
2025-26,H82033,GOSSOPS GREEN MEDICAL CTR,Y59,SOUTH EAST COMMISSIONING REGION,S9B9J,NHS SURREY AND SUSSEX INTEGRATED CARE BOARD
2025-26,H82039,PARK SURGERY,Y59,SOUTH EAST COMMISSIONING REGION,S9B9J,NHS SURREY AND SUSSEX INTEGRATED CARE BOARD
2025-26,P89002,THE BROOKE SURGERY,Y62,NORTH WEST COMMISSIONING REGION,QOP,NHS GREATER MANCHESTER INTEGRATED CARE BOARD
2025-26,P89003,ALBION MEDICAL PRACTICE,Y62,NORTH WEST COMMISSIONING REGION,QOP,NHS GREATER MANCHESTER INTEGRATED CARE BOARD
2025-26,P89004,AWBURN HOUSE MEDICAL PRACTICE,Y62,NORTH WEST COMMISSIONING REGION,QOP,NHS GREATER MANCHESTER INTEGRATED CARE BOARD
2025-26,P89014,HAUGHTON THORNLEY MEDICAL CENTRES,Y62,NORTH WEST COMMISSIONING REGION,QOP,NHS GREATER MANCHESTER INTEGRATED CARE BOARD
2025-26,P89021,DUKINFIELD MEDICAL PRACTICE,Y62,NORTH WEST COMMISSIONING REGION,QOP,NHS GREATER MANCHESTER INTEGRATED CARE BOARD
2025-26,P89026,GROSVENOR MEDICAL CENTRE,Y62,NORTH WEST COMMISSIONING REGION,QOP,NHS GREATER MANCHESTER INTEGRATED CARE BOARD
2025-26,P89030,WEST END MEDICAL CENTRE,Y62,NORTH WEST COMMISSIONING REGION,QOP,NHS GREATER MANCHESTER INTEGRATED CARE BOARD
2025-26,P89612,MOSSLEY MEDICAL PRACTICE,Y62,NORTH WEST COMMISSIONING REGION,QOP,NHS GREATER MANCHESTER INTEGRATED CARE BOARD
2025-26,P89618,PIKE MEDICAL PRACTICE,Y62,NORTH WEST COMMISSIONING REGION,QOP,NHS GREATER MANCHESTER INTEGRATED CARE BOARD
2025-26,P91011,SHAY LANE MEDICAL CENTRE (PATEL),Y62,NORTH WEST COMMISSIONING REGION,QOP,NHS GREATER MANCHESTER INTEGRATED CARE BOARD
2025-26,P91617,FAMILY SURGERY,Y62,NORTH WEST COMMISSIONING REGION,QOP,NHS GREATER MANCHESTER INTEGRATED CARE BOARD
2025-26,P91627,LOSTOCK MEDICAL CENTRE,Y62,NORTH WEST COMMISSIONING REGION,QOP,NHS GREATER MANCHESTER INTEGRATED CARE BOARD
2025-26,P92002,BRAITHWAITE RD SURGERY,Y62,NORTH WEST COMMISSIONING REGION,QOP,NHS GREATER MANCHESTER INTEGRATED CARE BOARD
2025-26,P92005,ZAMAN,Y62,NORTH WEST COMMISSIONING REGION,QOP,NHS GREATER MANCHESTER INTEGRATED CARE BOARD
2025-26,P92008,BRADSHAW MEDICAL CENTRE,Y62,NORTH WEST COMMISSIONING REGION,QOP,NHS GREATER MANCHESTER INTEGRATED CARE BOARD
2025-26,P92014,STANDISH MEDICAL PRACTICE,Y62,NORTH WEST COMMISSIONING REGION,QOP,NHS GREATER MANCHESTER INTEGRATED CARE BOARD
2025-26,P92021,NEWTOWN MEDICAL PRACTICE,Y62,NORTH WEST COMMISSIONING REGION,QOP,NHS GREATER MANCHESTER INTEGRATED CARE BOARD
2025-26,P92026,LONGSHOOT MEDICAL PRACTICE,Y62,NORTH WEST COMMISSIONING REGION,QOP,NHS GREATER MANCHESTER INTEGRATED CARE BOARD
2025-26,P92028,ELLIOTT STREET SURGERY,Y62,NORTH WEST COMMISSIONING REGION,QOP,NHS GREATER MANCHESTER INTEGRATED CARE BOARD
2025-26,P92030,DR SEABROOK,Y62,NORTH WEST COMMISSIONING REGION,QOP,NHS GREATER MANCHESTER INTEGRATED CARE BOARD
2025-26,P92031,PLATT HOUSE SURGERY,Y62,NORTH WEST COMMISSIONING REGION,QOP,NHS GREATER MANCHESTER INTEGRATED CARE BOARD
2025-26,P92033,"THE SURGERY, TYLDESLEY",Y62,NORTH WEST COMMISSIONING REGION,QOP,NHS GREATER MANCHESTER INTEGRATED CARE BOARD
2025-26,P92042,DR KK CHAN & PARTNERS,Y62,NORTH WEST COMMISSIONING REGION,QOP,NHS GREATER MANCHESTER INTEGRATED CARE BOARD
2025-26,P92605,BOOTHSTOWN MEDICAL CENTRE,Y62,NORTH WEST COMMISSIONING REGION,QOP,NHS GREATER MANCHESTER INTEGRATED CARE BOARD
2025-26,P92607,GRASMERE SURGERY,Y62,NORTH WEST COMMISSIONING REGION,QOP,NHS GREATER MANCHESTER INTEGRATED CARE BOARD
2025-26,P92615,THE AVENUE SURGERY,Y62,NORTH WEST COMMISSIONING REGION,QOP,NHS GREATER MANCHESTER INTEGRATED CARE BOARD
2025-26,P92630,GOLBORNE SURGERY,Y62,NORTH WEST COMMISSIONING REGION,QOP,NHS GREATER MANCHESTER INTEGRATED CARE BOARD
2025-26,P92633,BEE FOLD MEDICAL CENTRE,Y62,NORTH WEST COMMISSIONING REGION,QOP,NHS GREATER MANCHESTER INTEGRATED CARE BOARD
2025-26,P92647,SOUTH WIGAN MEDICAL PRACTICE,Y62,NORTH WEST COMMISSIONING REGION,QOP,NHS GREATER MANCHESTER INTEGRATED CARE BOARD
2025-26,Y00026,THE OM SURGERY,Y60,MIDLANDS COMMISSIONING REGION,QT1,NHS NOTTINGHAM AND NOTTINGHAMSHIRE INTEGRATED CARE BOARD
2025-26,Y00056,CAMBRIDGE ACCESS SURGERY,Y61,EAST OF ENGLAND COMMISSIONING REGION,S1Y5D,NHS CENTRAL EAST INTEGRATED CARE BOARD
2025-26,Y00060,THE ANCHOR CENTRE,Y60,MIDLANDS COMMISSIONING REGION,QWU,NHS COVENTRY AND WARWICKSHIRE INTEGRATED CARE BOARD
2025-26,H81107,OXSHOTT MEDICAL PRACTICE,Y59,SOUTH EAST COMMISSIONING REGION,S9B9J,NHS SURREY AND SUSSEX INTEGRATED CARE BOARD
2025-26,H81113,LEITH HILL PRACTICE,Y59,SOUTH EAST COMMISSIONING REGION,S9B9J,NHS SURREY AND SUSSEX INTEGRATED CARE BOARD
2025-26,H81123,SHEERWATER HEALTH CENTRE,Y59,SOUTH EAST COMMISSIONING REGION,S9B9J,NHS SURREY AND SUSSEX INTEGRATED CARE BOARD
2025-26,H81126,TATTENHAM HEALTH CENTRE,Y59,SOUTH EAST COMMISSIONING REGION,S9B9J,NHS SURREY AND SUSSEX INTEGRATED CARE BOARD
2025-26,H81129,PIRBRIGHT SURGERY,Y59,SOUTH EAST COMMISSIONING REGION,S9B9J,NHS SURREY AND SUSSEX INTEGRATED CARE BOARD
2025-26,H81638,MODALITY EAST SURREY MEDICAL PRACTICE,Y59,SOUTH EAST COMMISSIONING REGION,S9B9J,NHS SURREY AND SUSSEX INTEGRATED CARE BOARD
2025-26,H81663,ASHLEY MEDICAL PRACTICE,Y59,SOUTH EAST COMMISSIONING REGION,S9B9J,NHS SURREY AND SUSSEX INTEGRATED CARE BOARD
2025-26,H81672,THE GROVES HINCHLEY WOOD,Y59,SOUTH EAST COMMISSIONING REGION,S9B9J,NHS SURREY AND SUSSEX INTEGRATED CARE BOARD
2025-26,H82014,COPPICE SURGERY,Y59,SOUTH EAST COMMISSIONING REGION,S9B9J,NHS SURREY AND SUSSEX INTEGRATED CARE BOARD
2025-26,H82020,BOGNOR MEDICAL CENTRE,Y59,SOUTH EAST COMMISSIONING REGION,S9B9J,NHS SURREY AND SUSSEX INTEGRATED CARE BOARD
2025-26,H82035,LINDFIELD MEDICAL CENTRE,Y59,SOUTH EAST COMMISSIONING REGION,S9B9J,NHS SURREY AND SUSSEX INTEGRATED CARE BOARD
2025-26,H82041,VICTORIA ROAD SURGERY,Y59,SOUTH EAST COMMISSIONING REGION,S9B9J,NHS SURREY AND SUSSEX INTEGRATED CARE BOARD
2025-26,H82050,IFIELD MEDICAL PRACTICE,Y59,SOUTH EAST COMMISSIONING REGION,S9B9J,NHS SURREY AND SUSSEX INTEGRATED CARE BOARD
2025-26,H82051,LAVANT ROAD SURGERY,Y59,SOUTH EAST COMMISSIONING REGION,S9B9J,NHS SURREY AND SUSSEX INTEGRATED CARE BOARD
2025-26,H82056,NEWTONS PRACTICE,Y59,SOUTH EAST COMMISSIONING REGION,S9B9J,NHS SURREY AND SUSSEX INTEGRATED CARE BOARD
2025-26,H82084,BROW MEDICAL CENTRE,Y59,SOUTH EAST COMMISSIONING REGION,S9B9J,NHS SURREY AND SUSSEX INTEGRATED CARE BOARD
2025-26,H82040,MODALITY MID SUSSEX,Y59,SOUTH EAST COMMISSIONING REGION,S9B9J,NHS SURREY AND SUSSEX INTEGRATED CARE BOARD
2025-26,H82044,DOLPHINS PRACTICE,Y59,SOUTH EAST COMMISSIONING REGION,S9B9J,NHS SURREY AND SUSSEX INTEGRATED CARE BOARD
2025-26,H82048,AVISFORD MEDICAL GROUP,Y59,SOUTH EAST COMMISSIONING REGION,S9B9J,NHS SURREY AND SUSSEX INTEGRATED CARE BOARD
2025-26,H82057,MID SUSSEX HEALTH CARE,Y59,SOUTH EAST COMMISSIONING REGION,S9B9J,NHS SURREY AND SUSSEX INTEGRATED CARE BOARD
2025-26,H82061,SELDEN MEDICAL CENTRE,Y59,SOUTH EAST COMMISSIONING REGION,S9B9J,NHS SURREY AND SUSSEX INTEGRATED CARE BOARD
2025-26,H82076,CORNERWAYS SURGERY,Y59,SOUTH EAST COMMISSIONING REGION,S9B9J,NHS SURREY AND SUSSEX INTEGRATED CARE BOARD
2025-26,H82092,VILLAGE SURGERY,Y59,SOUTH EAST COMMISSIONING REGION,S9B9J,NHS SURREY AND SUSSEX INTEGRATED CARE BOARD
2025-26,H82095,WITTERINGS MEDICAL CENTRE,Y59,SOUTH EAST COMMISSIONING REGION,S9B9J,NHS SURREY AND SUSSEX INTEGRATED CARE BOARD
2025-26,H82098,COACHMANS MEDICAL PRACTICE,Y59,SOUTH EAST COMMISSIONING REGION,S9B9J,NHS SURREY AND SUSSEX INTEGRATED CARE BOARD
2025-26,H82099,WEST MEADS SURGERY,Y59,SOUTH EAST COMMISSIONING REGION,S9B9J,NHS SURREY AND SUSSEX INTEGRATED CARE BOARD
2025-26,H82640,HOLBROOK SURGERY,Y59,SOUTH EAST COMMISSIONING REGION,S9B9J,NHS SURREY AND SUSSEX INTEGRATED CARE BOARD
2025-26,H83004,FARLEY ROAD MEDICAL PRACTICE,Y56,LONDON COMMISSIONING REGION,QWE,NHS SOUTH WEST LONDON INTEGRATED CARE BOARD
2025-26,H83006,NEW ADDINGTON GROUP PRACTICE,Y56,LONDON COMMISSIONING REGION,QWE,NHS SOUTH WEST LONDON INTEGRATED CARE BOARD
2025-26,H83007,VIOLET LANE MEDICAL PRACTICE,Y56,LONDON COMMISSIONING REGION,QWE,NHS SOUTH WEST LONDON INTEGRATED CARE BOARD
2025-26,H83018,SELSDON PARK MEDICAL PRACTICE,Y56,LONDON COMMISSIONING REGION,QWE,NHS SOUTH WEST LONDON INTEGRATED CARE BOARD
2025-26,H83022,THORNTON HEATH MEDICAL CENTRE,Y56,LONDON COMMISSIONING REGION,QWE,NHS SOUTH WEST LONDON INTEGRATED CARE BOARD
2025-26,Y00078,WINSHILL,Y60,MIDLANDS COMMISSIONING REGION,QNC,NHS STAFFORDSHIRE AND STOKE-ON-TRENT INTEGRATED CARE BOARD
2025-26,Y00080,HARBOUR MEDICAL PRACTICE,Y59,SOUTH EAST COMMISSIONING REGION,S9B9J,NHS SURREY AND SUSSEX INTEGRATED CARE BOARD
2025-26,Y00155,GROVE SURGERY,Y56,LONDON COMMISSIONING REGION,QMF,NHS NORTH EAST LONDON INTEGRATED CARE BOARD
2025-26,Y00252,DR SJC CLAY'S PRACTICE,Y60,MIDLANDS COMMISSIONING REGION,QK1,"NHS LEICESTER, LEICESTERSHIRE AND RUTLAND INTEGRATED CARE BOARD"
2025-26,Y00297,THE HOLLIES SURGERY,Y61,EAST OF ENGLAND COMMISSIONING REGION,T6Y0W,NHS NORFOLK AND SUFFOLK INTEGRATED CARE BOARD
2025-26,Y00312,"THE ROBINS SURGERY, HAROLD HILL HEALTH C",Y56,LONDON COMMISSIONING REGION,QMF,NHS NORTH EAST LONDON INTEGRATED CARE BOARD
2025-26,Y00351,LANGLEY CORNER SURGERY,Y59,SOUTH EAST COMMISSIONING REGION,S9B9J,NHS SURREY AND SUSSEX INTEGRATED CARE BOARD
2025-26,Y00471,BROADWAY HEALTH CENTRE,Y60,MIDLANDS COMMISSIONING REGION,QHL,NHS BIRMINGHAM AND SOLIHULL INTEGRATED CARE BOARD
2025-26,Y00475,GARSWOOD SURGERY,Y62,NORTH WEST COMMISSIONING REGION,QYG,NHS CHESHIRE AND MERSEYSIDE INTEGRATED CARE BOARD
2025-26,Y00507,ST. QUINTIN HEALTH CENTRE,Y56,LONDON COMMISSIONING REGION,Z9B2Z,NHS WEST AND NORTH LONDON INTEGRATED CARE BOARD
2025-26,Y00902,THE WESTBOURNE GREEN SURGERY,Y56,LONDON COMMISSIONING REGION,Z9B2Z,NHS WEST AND NORTH LONDON INTEGRATED CARE BOARD
2025-26,Y01057,HOMELESS HEALTH EXCHANGE,Y60,MIDLANDS COMMISSIONING REGION,QHL,NHS BIRMINGHAM AND SOLIHULL INTEGRATED CARE BOARD
2025-26,Y01066,HANLEY PRIMARY CARE CENTRE,Y56,LONDON COMMISSIONING REGION,Z9B2Z,NHS WEST AND NORTH LONDON INTEGRATED CARE BOARD
2025-26,Y01068,AMAANAH MEDICAL PRACTICE,Y60,MIDLANDS COMMISSIONING REGION,QHL,NHS BIRMINGHAM AND SOLIHULL INTEGRATED CARE BOARD
2025-26,Y01090,SMS MEDICAL PRACTICE,Y56,LONDON COMMISSIONING REGION,Z9B2Z,NHS WEST AND NORTH LONDON INTEGRATED CARE BOARD
2025-26,Y01127,NEETSIDE SURGERY,Y58,SOUTH WEST COMMISSIONING REGION,QT6,NHS CORNWALL AND THE ISLES OF SCILLY INTEGRATED CARE BOARD
2025-26,H82088,BEWBUSH MEDICAL CENTRE,Y59,SOUTH EAST COMMISSIONING REGION,S9B9J,NHS SURREY AND SUSSEX INTEGRATED CARE BOARD
2025-26,H82089,RIVERSIDE MEDICAL PRACTICE,Y59,SOUTH EAST COMMISSIONING REGION,S9B9J,NHS SURREY AND SUSSEX INTEGRATED CARE BOARD
2025-26,H83011,NORTH CROYDON MEDICAL CENTRE,Y56,LONDON COMMISSIONING REGION,QWE,NHS SOUTH WEST LONDON INTEGRATED CARE BOARD
2025-26,H83013,OLD COULSDON MEDICAL PRACTICE,Y56,LONDON COMMISSIONING REGION,QWE,NHS SOUTH WEST LONDON INTEGRATED CARE BOARD
2025-26,H83017,BRIGSTOCK MEDICAL PRACTICE,Y56,LONDON COMMISSIONING REGION,QWE,NHS SOUTH WEST LONDON INTEGRATED CARE BOARD
2025-26,H83023,MORLAND ROAD SURGERY,Y56,LONDON COMMISSIONING REGION,QWE,NHS SOUTH WEST LONDON INTEGRATED CARE BOARD
2025-26,H83024,WOODCOTE MEDICAL,Y56,LONDON COMMISSIONING REGION,QWE,NHS SOUTH WEST LONDON INTEGRATED CARE BOARD
2025-26,H83037,AUCKLAND SURGERY,Y56,LONDON COMMISSIONING REGION,QWE,NHS SOUTH WEST LONDON INTEGRATED CARE BOARD
2025-26,H83051,THORNTON ROAD & VALLEY PARK SURGERY,Y56,LONDON COMMISSIONING REGION,QWE,NHS SOUTH WEST LONDON INTEGRATED CARE BOARD
2025-26,H84002,PARK ROAD SURGERY,Y56,LONDON COMMISSIONING REGION,QWE,NHS SOUTH WEST LONDON INTEGRATED CARE BOARD
2025-26,H84006,RICHMOND MEDICAL GROUP,Y56,LONDON COMMISSIONING REGION,QWE,NHS SOUTH WEST LONDON INTEGRATED CARE BOARD
2025-26,H84007,ACORN GROUP PRACTICE,Y56,LONDON COMMISSIONING REGION,QWE,NHS SOUTH WEST LONDON INTEGRATED CARE BOARD
2025-26,H84014,PARADISE ROAD SURGERY,Y56,LONDON COMMISSIONING REGION,QWE,NHS SOUTH WEST LONDON INTEGRATED CARE BOARD
2025-26,H84016,GROVES MEDICAL CENTRE,Y56,LONDON COMMISSIONING REGION,QWE,NHS SOUTH WEST LONDON INTEGRATED CARE BOARD
2025-26,H84023,ESSEX HOUSE SURGERY,Y56,LONDON COMMISSIONING REGION,QWE,NHS SOUTH WEST LONDON INTEGRATED CARE BOARD
2025-26,H84025,HOOK SURGERY,Y56,LONDON COMMISSIONING REGION,QWE,NHS SOUTH WEST LONDON INTEGRATED CARE BOARD
2025-26,H84034,ORCHARD PRACTICE,Y56,LONDON COMMISSIONING REGION,QWE,NHS SOUTH WEST LONDON INTEGRATED CARE BOARD
2025-26,Y01163,WEST COKER SURGERY,Y58,SOUTH WEST COMMISSIONING REGION,QSL,NHS SOMERSET INTEGRATED CARE BOARD
2025-26,Y01291,CHINGFORD MEDICAL PRACTICE,Y56,LONDON COMMISSIONING REGION,QMF,NHS NORTH EAST LONDON INTEGRATED CARE BOARD
2025-26,Y01652,THE NEW SPRINGWELLS PRACTICE,Y60,MIDLANDS COMMISSIONING REGION,QJM,NHS LINCOLNSHIRE INTEGRATED CARE BOARD
2025-26,Y01695,MP VICTORIA MILL,Y62,NORTH WEST COMMISSIONING REGION,QOP,NHS GREATER MANCHESTER INTEGRATED CARE BOARD
2025-26,Y01719,PRIME PRACTICE PARTNERSHIP,Y56,LONDON COMMISSIONING REGION,QMF,NHS NORTH EAST LONDON INTEGRATED CARE BOARD
2025-26,Y01948,OPEN DOOR,Y63,NORTH EAST AND YORKSHIRE COMMISSIONING REGION,QOQ,NHS HUMBER AND NORTH YORKSHIRE INTEGRATED CARE BOARD
2025-26,Y02319,BOLTON GENERAL PRACTICE,Y62,NORTH WEST COMMISSIONING REGION,QOP,NHS GREATER MANCHESTER INTEGRATED CARE BOARD
2025-26,Y02332,KINGSWAY & BRAMINGHAM SURGERY,Y61,EAST OF ENGLAND COMMISSIONING REGION,S1Y5D,NHS CENTRAL EAST INTEGRATED CARE BOARD
2025-26,Y02378,BRYN STREET SURGERY,Y62,NORTH WEST COMMISSIONING REGION,QOP,NHS GREATER MANCHESTER INTEGRATED CARE BOARD
2025-26,Y02476,BROAD STREET HEALTH CENTRE,Y59,SOUTH EAST COMMISSIONING REGION,S0E4D,NHS THAMES VALLEY INTEGRATED CARE BOARD
2025-26,Y02520,SIMPSON MEDICAL PRACTICE,Y62,NORTH WEST COMMISSIONING REGION,QOP,NHS GREATER MANCHESTER INTEGRATED CARE BOARD
2025-26,Y02571,POPLAR PRIMARY CARE CENTRE,Y60,MIDLANDS COMMISSIONING REGION,QHL,NHS BIRMINGHAM AND SOLIHULL INTEGRATED CARE BOARD
2025-26,Y02575,OMNES HEALTHCARE LTD,Y56,LONDON COMMISSIONING REGION,QMF,NHS NORTH EAST LONDON INTEGRATED CARE BOARD
2025-26,Y02636,PENNFIELDS MEDICAL CENTRE,Y60,MIDLANDS COMMISSIONING REGION,QUA,NHS BLACK COUNTRY INTEGRATED CARE BOARD
2025-26,Y02676,BRIGHTON STATION HEALTH CENTRE,Y59,SOUTH EAST COMMISSIONING REGION,S9B9J,NHS SURREY AND SUSSEX INTEGRATED CARE BOARD
2025-26,Y02684,QUAYSIDE MEDICAL CENTRE,Y63,NORTH EAST AND YORKSHIRE COMMISSIONING REGION,QOQ,NHS HUMBER AND NORTH YORKSHIRE INTEGRATED CARE BOARD
2025-26,Y02686,BOWLING GREEN STREET SURGERY,Y60,MIDLANDS COMMISSIONING REGION,QK1,"NHS LEICESTER, LEICESTERSHIRE AND RUTLAND INTEGRATED CARE BOARD"
2025-26,Y02701,GREAT BRIDGE HEALTH CENTRE,Y60,MIDLANDS COMMISSIONING REGION,QUA,NHS BLACK COUNTRY INTEGRATED CARE BOARD
2025-26,Y02790,BOLTON MEDICAL CENTRE,Y62,NORTH WEST COMMISSIONING REGION,QOP,NHS GREATER MANCHESTER INTEGRATED CARE BOARD
2025-26,Y02795,MIDDLETON HEALTH CENTRE,Y62,NORTH WEST COMMISSIONING REGION,QOP,NHS GREATER MANCHESTER INTEGRATED CARE BOARD
2025-26,Y02807,THURROCK HEALTH CENTRE,Y61,EAST OF ENGLAND COMMISSIONING REGION,D7T5G,NHS ESSEX INTEGRATED CARE BOARD
2025-26,Y02842,HALF PENNY STEPS HEALTH CENTRE,Y56,LONDON COMMISSIONING REGION,Z9B2Z,NHS WEST AND NORTH LONDON INTEGRATED CARE BOARD
2025-26,Y02849,CITY HEALTH CENTRE,Y62,NORTH WEST COMMISSIONING REGION,QOP,NHS GREATER MANCHESTER INTEGRATED CARE BOARD
2025-26,Y02886,LEIGH SPORTS VILLAGE,Y62,NORTH WEST COMMISSIONING REGION,QOP,NHS GREATER MANCHESTER INTEGRATED CARE BOARD
2025-26,Y02928,THE PRACTICE ALBERT ROAD,Y56,LONDON COMMISSIONING REGION,QMF,NHS NORTH EAST LONDON INTEGRATED CARE BOARD
2025-26,Y02936,MILLBROOK MEDICAL PRACTICE,Y62,NORTH WEST COMMISSIONING REGION,QOP,NHS GREATER MANCHESTER INTEGRATED CARE BOARD
2025-26,Y02974,AT MEDICS,Y56,LONDON COMMISSIONING REGION,QKK,NHS SOUTH EAST LONDON INTEGRATED CARE BOARD
2025-26,Y02987,AT MEDICS - THE LOXFORD PRACTICE,Y56,LONDON COMMISSIONING REGION,QMF,NHS NORTH EAST LONDON INTEGRATED CARE BOARD
2025-26,H84042,HOLMWOOD CORNER SURGERY,Y56,LONDON COMMISSIONING REGION,QWE,NHS SOUTH WEST LONDON INTEGRATED CARE BOARD
2025-26,H84044,THE GREEN & FIR ROAD,Y56,LONDON COMMISSIONING REGION,QWE,NHS SOUTH WEST LONDON INTEGRATED CARE BOARD
2025-26,H84051,ROSELAWN SURGERY,Y56,LONDON COMMISSIONING REGION,QWE,NHS SOUTH WEST LONDON INTEGRATED CARE BOARD
2025-26,H84054,RED LION ROAD SURGERY,Y56,LONDON COMMISSIONING REGION,QWE,NHS SOUTH WEST LONDON INTEGRATED CARE BOARD
2025-26,H84062,LANGLEY MEDICAL PRACTICE,Y56,LONDON COMMISSIONING REGION,QWE,NHS SOUTH WEST LONDON INTEGRATED CARE BOARD
2025-26,H85006,MAYFIELD SURGERY,Y56,LONDON COMMISSIONING REGION,QWE,NHS SOUTH WEST LONDON INTEGRATED CARE BOARD
2025-26,H85011,GREYSWOOD PRACTICE,Y56,LONDON COMMISSIONING REGION,QWE,NHS SOUTH WEST LONDON INTEGRATED CARE BOARD
2025-26,H85022,PARK ROAD MEDICAL CENTRE,Y56,LONDON COMMISSIONING REGION,QWE,NHS SOUTH WEST LONDON INTEGRATED CARE BOARD
2025-26,H85024,MITCHAM & TOOTING HEALTH,Y56,LONDON COMMISSIONING REGION,QWE,NHS SOUTH WEST LONDON INTEGRATED CARE BOARD
2025-26,H85025,WRYTHE GREEN SURGERY,Y56,LONDON COMMISSIONING REGION,QWE,NHS SOUTH WEST LONDON INTEGRATED CARE BOARD
2025-26,H85031,BENHILL & BELMONT GP CENTRE,Y56,LONDON COMMISSIONING REGION,QWE,NHS SOUTH WEST LONDON INTEGRATED CARE BOARD
2025-26,H85041,EARLSFIELD SURGERY,Y56,LONDON COMMISSIONING REGION,QWE,NHS SOUTH WEST LONDON INTEGRATED CARE BOARD
2025-26,H85061,HEATHBRIDGE PRACTICE,Y56,LONDON COMMISSIONING REGION,QWE,NHS SOUTH WEST LONDON INTEGRATED CARE BOARD
2025-26,H85063,CHEAM GP CENTRE,Y56,LONDON COMMISSIONING REGION,QWE,NHS SOUTH WEST LONDON INTEGRATED CARE BOARD
2025-26,H85076,STONECOT SURGERY,Y56,LONDON COMMISSIONING REGION,QWE,NHS SOUTH WEST LONDON INTEGRATED CARE BOARD
2025-26,H85077,BOLINGBROKE MEDICAL CENTRE,Y56,LONDON COMMISSIONING REGION,QWE,NHS SOUTH WEST LONDON INTEGRATED CARE BOARD
2025-26,H85082,TRIANGLE SURGERY,Y56,LONDON COMMISSIONING REGION,QWE,NHS SOUTH WEST LONDON INTEGRATED CARE BOARD
2025-26,H83031,HALING PARK MEDICAL PRACTICE,Y56,LONDON COMMISSIONING REGION,QWE,NHS SOUTH WEST LONDON INTEGRATED CARE BOARD
2025-26,H83039,STOVELL HOUSE SURGERY,Y56,LONDON COMMISSIONING REGION,QWE,NHS SOUTH WEST LONDON INTEGRATED CARE BOARD
2025-26,H83043,SHIRLEY MEDICAL CENTRE,Y56,LONDON COMMISSIONING REGION,QWE,NHS SOUTH WEST LONDON INTEGRATED CARE BOARD
2025-26,H83044,EAST CROYDON MEDICAL CENTRE,Y56,LONDON COMMISSIONING REGION,QWE,NHS SOUTH WEST LONDON INTEGRATED CARE BOARD
2025-26,H83049,HEADLEY DRIVE SURGERY,Y56,LONDON COMMISSIONING REGION,QWE,NHS SOUTH WEST LONDON INTEGRATED CARE BOARD
2025-26,H83052,BRAMLEY AVENUE SURGERY,Y56,LONDON COMMISSIONING REGION,QWE,NHS SOUTH WEST LONDON INTEGRATED CARE BOARD
2025-26,H83053,PARCHMORE MEDICAL CENTRE,Y56,LONDON COMMISSIONING REGION,QWE,NHS SOUTH WEST LONDON INTEGRATED CARE BOARD
2025-26,H83608,YOUR FAMILY PRACTICE,Y56,LONDON COMMISSIONING REGION,QWE,NHS SOUTH WEST LONDON INTEGRATED CARE BOARD
2025-26,H83624,FAIRVIEW MEDICAL CENTRE,Y56,LONDON COMMISSIONING REGION,QWE,NHS SOUTH WEST LONDON INTEGRATED CARE BOARD
2025-26,H83627,BIRDHURST MEDICAL PRACTICE,Y56,LONDON COMMISSIONING REGION,QWE,NHS SOUTH WEST LONDON INTEGRATED CARE BOARD
2025-26,H84020,FAIRHILL MEDICAL PRACTICE,Y56,LONDON COMMISSIONING REGION,QWE,NHS SOUTH WEST LONDON INTEGRATED CARE BOARD
2025-26,H84033,ST ALBANS MEDICAL CENTRE,Y56,LONDON COMMISSIONING REGION,QWE,NHS SOUTH WEST LONDON INTEGRATED CARE BOARD
2025-26,H84039,CROSS DEEP SURGERY,Y56,LONDON COMMISSIONING REGION,QWE,NHS SOUTH WEST LONDON INTEGRATED CARE BOARD
2025-26,H84040,HAMPTON MEDICAL CENTRE,Y56,LONDON COMMISSIONING REGION,QWE,NHS SOUTH WEST LONDON INTEGRATED CARE BOARD
2025-26,H84050,CHESSINGTON PARK SURGERY,Y56,LONDON COMMISSIONING REGION,QWE,NHS SOUTH WEST LONDON INTEGRATED CARE BOARD
2025-26,H84053,BERRYLANDS SURGERY,Y56,LONDON COMMISSIONING REGION,QWE,NHS SOUTH WEST LONDON INTEGRATED CARE BOARD
2025-26,H84055,SHEEN LANE SURGERY,Y56,LONDON COMMISSIONING REGION,QWE,NHS SOUTH WEST LONDON INTEGRATED CARE BOARD
2025-26,H85100,ST PAULS COTTAGE SURGERY,Y56,LONDON COMMISSIONING REGION,QWE,NHS SOUTH WEST LONDON INTEGRATED CARE BOARD
2025-26,H85110,RAVENSBURY PARK MEDICAL CENTRE,Y56,LONDON COMMISSIONING REGION,QWE,NHS SOUTH WEST LONDON INTEGRATED CARE BOARD
2025-26,H85115,SHOTFIELD MEDICAL PRACTICE,Y56,LONDON COMMISSIONING REGION,QWE,NHS SOUTH WEST LONDON INTEGRATED CARE BOARD
2025-26,H85116,MANOR PRACTICE,Y56,LONDON COMMISSIONING REGION,QWE,NHS SOUTH WEST LONDON INTEGRATED CARE BOARD
2025-26,H85664,TOOTING BEC SURGERY,Y56,LONDON COMMISSIONING REGION,QWE,NHS SOUTH WEST LONDON INTEGRATED CARE BOARD
2025-26,H85691,NIGHTINGALE PRACTICE,Y56,LONDON COMMISSIONING REGION,QWE,NHS SOUTH WEST LONDON INTEGRATED CARE BOARD
2025-26,J81006,THE ADAM PRACTICE,Y58,SOUTH WEST COMMISSIONING REGION,QVV,NHS DORSET INTEGRATED CARE BOARD
2025-26,J81011,WAREHAM SURGERY,Y58,SOUTH WEST COMMISSIONING REGION,QVV,NHS DORSET INTEGRATED CARE BOARD
2025-26,J81012,SHORE MEDICAL,Y58,SOUTH WEST COMMISSIONING REGION,QVV,NHS DORSET INTEGRATED CARE BOARD
2025-26,J81013,CANFORD HEATH GROUP PRACT,Y58,SOUTH WEST COMMISSIONING REGION,QVV,NHS DORSET INTEGRATED CARE BOARD
2025-26,J81016,QUEENS AVENUE SURGERY,Y58,SOUTH WEST COMMISSIONING REGION,QVV,NHS DORSET INTEGRATED CARE BOARD
2025-26,J81020,BERE REGIS SURGERY,Y58,SOUTH WEST COMMISSIONING REGION,QVV,NHS DORSET INTEGRATED CARE BOARD
2025-26,J81021,SHELLEY MANOR HOLDENHURST MEDICAL CENTRE,Y58,SOUTH WEST COMMISSIONING REGION,QVV,NHS DORSET INTEGRATED CARE BOARD
2025-26,J81030,THE VERWOOD SURGERY,Y58,SOUTH WEST COMMISSIONING REGION,QVV,NHS DORSET INTEGRATED CARE BOARD
2025-26,J81035,MILTON ABBAS SURGERY,Y58,SOUTH WEST COMMISSIONING REGION,QVV,NHS DORSET INTEGRATED CARE BOARD
2025-26,J81057,FARMHOUSE SURGERY,Y58,SOUTH WEST COMMISSIONING REGION,QVV,NHS DORSET INTEGRATED CARE BOARD
2025-26,J81059,SOUTHBOURNE PRACTICE,Y58,SOUTH WEST COMMISSIONING REGION,QVV,NHS DORSET INTEGRATED CARE BOARD
2025-26,H84057,STAINES ROAD MEDICAL CENTRE,Y56,LONDON COMMISSIONING REGION,QWE,NHS SOUTH WEST LONDON INTEGRATED CARE BOARD
2025-26,H84060,RICHMOND LOCK SURGERY,Y56,LONDON COMMISSIONING REGION,QWE,NHS SOUTH WEST LONDON INTEGRATED CARE BOARD
2025-26,H84618,SUNRAY SURGERY,Y56,LONDON COMMISSIONING REGION,QWE,NHS SOUTH WEST LONDON INTEGRATED CARE BOARD
2025-26,H85001,WANDSWORTH MEDICAL CENTRE,Y56,LONDON COMMISSIONING REGION,QWE,NHS SOUTH WEST LONDON INTEGRATED CARE BOARD
2025-26,H85002,FALCON ROAD MEDICAL CENTRE,Y56,LONDON COMMISSIONING REGION,QWE,NHS SOUTH WEST LONDON INTEGRATED CARE BOARD
2025-26,H85008,ROEHAMPTON SURGERY,Y56,LONDON COMMISSIONING REGION,QWE,NHS SOUTH WEST LONDON INTEGRATED CARE BOARD
2025-26,H85020,NELSON MEDICAL PRACTICE,Y56,LONDON COMMISSIONING REGION,QWE,NHS SOUTH WEST LONDON INTEGRATED CARE BOARD
2025-26,H85021,CHESSER PRACTICE,Y56,LONDON COMMISSIONING REGION,QWE,NHS SOUTH WEST LONDON INTEGRATED CARE BOARD
2025-26,H85029,WIDE WAY MEDICAL CENTRE,Y56,LONDON COMMISSIONING REGION,QWE,NHS SOUTH WEST LONDON INTEGRATED CARE BOARD
2025-26,H85047,CHATFIELD HEALTH CARE,Y56,LONDON COMMISSIONING REGION,QWE,NHS SOUTH WEST LONDON INTEGRATED CARE BOARD
2025-26,H85048,BROCKLEBANK GROUP PRACTICE,Y56,LONDON COMMISSIONING REGION,QWE,NHS SOUTH WEST LONDON INTEGRATED CARE BOARD
2025-26,H85053,SUTTON MEDICAL CENTRE,Y56,LONDON COMMISSIONING REGION,QWE,NHS SOUTH WEST LONDON INTEGRATED CARE BOARD
2025-26,H85055,WEST BARNES SURGERY,Y56,LONDON COMMISSIONING REGION,QWE,NHS SOUTH WEST LONDON INTEGRATED CARE BOARD
2025-26,H85069,LAVENDER HILL GROUP PRACTICE,Y56,LONDON COMMISSIONING REGION,QWE,NHS SOUTH WEST LONDON INTEGRATED CARE BOARD
2025-26,H85087,OPEN DOOR SURGERY,Y56,LONDON COMMISSIONING REGION,QWE,NHS SOUTH WEST LONDON INTEGRATED CARE BOARD
2025-26,H85088,CLAPHAM JUNCTION MEDICAL PRACTICE,Y56,LONDON COMMISSIONING REGION,QWE,NHS SOUTH WEST LONDON INTEGRATED CARE BOARD
2025-26,H85095,ROBIN HOOD LANE HEALTH CENTRE,Y56,LONDON COMMISSIONING REGION,QWE,NHS SOUTH WEST LONDON INTEGRATED CARE BOARD
2025-26,H85101,GRAND DRIVE SURGERY,Y56,LONDON COMMISSIONING REGION,QWE,NHS SOUTH WEST LONDON INTEGRATED CARE BOARD
2025-26,H85103,HACKBRIDGE MEDICAL CENTRE,Y56,LONDON COMMISSIONING REGION,QWE,NHS SOUTH WEST LONDON INTEGRATED CARE BOARD
2025-26,H85111,BATTERSEA FIELDS PRACTICE,Y56,LONDON COMMISSIONING REGION,QWE,NHS SOUTH WEST LONDON INTEGRATED CARE BOARD
2025-26,H85112,VINEYARD HILL ROAD SURGERY,Y56,LONDON COMMISSIONING REGION,QWE,NHS SOUTH WEST LONDON INTEGRATED CARE BOARD
2025-26,H85113,MALDON ROAD SURGERY,Y56,LONDON COMMISSIONING REGION,QWE,NHS SOUTH WEST LONDON INTEGRATED CARE BOARD
2025-26,H85114,THURLEIGH ROAD PRACTICE,Y56,LONDON COMMISSIONING REGION,QWE,NHS SOUTH WEST LONDON INTEGRATED CARE BOARD
2025-26,H85653,WALLINGTON FAMILY PRACTICE,Y56,LONDON COMMISSIONING REGION,QWE,NHS SOUTH WEST LONDON INTEGRATED CARE BOARD
2025-26,H85662,BEECHES SURGERY,Y56,LONDON COMMISSIONING REGION,QWE,NHS SOUTH WEST LONDON INTEGRATED CARE BOARD
2025-26,H85682,TUDOR LODGE HEALTH CENTRE,Y56,LONDON COMMISSIONING REGION,QWE,NHS SOUTH WEST LONDON INTEGRATED CARE BOARD
2025-26,H85683,FACCINI HOUSE SURGERY,Y56,LONDON COMMISSIONING REGION,QWE,NHS SOUTH WEST LONDON INTEGRATED CARE BOARD
2025-26,H85686,GROVE ROAD PRACTICE,Y56,LONDON COMMISSIONING REGION,QWE,NHS SOUTH WEST LONDON INTEGRATED CARE BOARD
2025-26,J81018,BEAUFORT ROAD SURGERY,Y58,SOUTH WEST COMMISSIONING REGION,QVV,NHS DORSET INTEGRATED CARE BOARD
2025-26,J81027,WEYMOUTH BAY MEDICAL PRACTICE,Y58,SOUTH WEST COMMISSIONING REGION,QVV,NHS DORSET INTEGRATED CARE BOARD
2025-26,J81053,CERNE ABBAS SURGERY,Y58,SOUTH WEST COMMISSIONING REGION,QVV,NHS DORSET INTEGRATED CARE BOARD
2025-26,J81058,THE CRANBORNE PRACTICE,Y58,SOUTH WEST COMMISSIONING REGION,QVV,NHS DORSET INTEGRATED CARE BOARD
2025-26,J81070,THE BANKS & BEARWOOD MEDICAL CENTRE,Y58,SOUTH WEST COMMISSIONING REGION,QVV,NHS DORSET INTEGRATED CARE BOARD
2025-26,J81077,WALFORD MILL MEDICAL CENTRE,Y58,SOUTH WEST COMMISSIONING REGION,QVV,NHS DORSET INTEGRATED CARE BOARD
2025-26,Y03052,DR SALAKO AND PARTNERS,Y61,EAST OF ENGLAND COMMISSIONING REGION,D7T5G,NHS ESSEX INTEGRATED CARE BOARD
2025-26,Y03402,EVERGREEN PRIMARY CARE CENTRE,Y56,LONDON COMMISSIONING REGION,Z9B2Z,NHS WEST AND NORTH LONDON INTEGRATED CARE BOARD
2025-26,Y03597,HAMD MEDICAL PRACTICE,Y60,MIDLANDS COMMISSIONING REGION,QHL,NHS BIRMINGHAM AND SOLIHULL INTEGRATED CARE BOARD
2025-26,Y03663,HENDON WAY SURGERY,Y56,LONDON COMMISSIONING REGION,Z9B2Z,NHS WEST AND NORTH LONDON INTEGRATED CARE BOARD
2025-26,Y03755,GREENWICH PENINSULA,Y56,LONDON COMMISSIONING REGION,QKK,NHS SOUTH EAST LONDON INTEGRATED CARE BOARD
2025-26,Y04977,CRESWELL AND LANGWITH MEDICAL CENTRE,Y60,MIDLANDS COMMISSIONING REGION,QJ2,NHS DERBY AND DERBYSHIRE INTEGRATED CARE BOARD
2025-26,Y05023,SILVER END SURGERY,Y61,EAST OF ENGLAND COMMISSIONING REGION,D7T5G,NHS ESSEX INTEGRATED CARE BOARD
2025-26,Y05080,FIRST CHOICE MEDICAL CARE,Y56,LONDON COMMISSIONING REGION,Z9B2Z,NHS WEST AND NORTH LONDON INTEGRATED CARE BOARD
2025-26,Y05167,THE FLYING SCOTSMAN HEALTH CENTRE,Y63,NORTH EAST AND YORKSHIRE COMMISSIONING REGION,QF7,NHS SOUTH YORKSHIRE INTEGRATED CARE BOARD
2025-26,Y05369,BALDERTON SURGERY,Y60,MIDLANDS COMMISSIONING REGION,QT1,NHS NOTTINGHAM AND NOTTINGHAMSHIRE INTEGRATED CARE BOARD
2025-26,Y05622,SOUTHGLADE MEDICAL PRACTICE,Y60,MIDLANDS COMMISSIONING REGION,QT1,NHS NOTTINGHAM AND NOTTINGHAMSHIRE INTEGRATED CARE BOARD
2025-26,Y05733,PARKFIELDS SURGERY,Y60,MIDLANDS COMMISSIONING REGION,QJ2,NHS DERBY AND DERBYSHIRE INTEGRATED CARE BOARD
2025-26,Y06007,WELLSBOURNE HEALTHCARE CIC,Y59,SOUTH EAST COMMISSIONING REGION,S9B9J,NHS SURREY AND SUSSEX INTEGRATED CARE BOARD
2025-26,Y06113,QHS GP CARE HOME SERVICE,Y56,LONDON COMMISSIONING REGION,QKK,NHS SOUTH EAST LONDON INTEGRATED CARE BOARD
2025-26,Y06218,BROWNSOVER MEDICAL CENTRE,Y60,MIDLANDS COMMISSIONING REGION,QWU,NHS COVENTRY AND WARWICKSHIRE INTEGRATED CARE BOARD
2025-26,Y06592,SPECIAL ALLOCATION SCHEME (NEL),Y56,LONDON COMMISSIONING REGION,QMF,NHS NORTH EAST LONDON INTEGRATED CARE BOARD
2025-26,Y06659,NOOK SURGERY,Y63,NORTH EAST AND YORKSHIRE COMMISSIONING REGION,QWO,NHS WEST YORKSHIRE INTEGRATED CARE BOARD
2025-26,Y07025,PARK MEDICAL CENTRE,Y61,EAST OF ENGLAND COMMISSIONING REGION,S1Y5D,NHS CENTRAL EAST INTEGRATED CARE BOARD
2025-26,Y07697,WIGAN BOROUGH SPECIALIST SERVICES,Y62,NORTH WEST COMMISSIONING REGION,QOP,NHS GREATER MANCHESTER INTEGRATED CARE BOARD
2025-26,Y08371,BEAM PARK MEDICAL PRACTICE,Y56,LONDON COMMISSIONING REGION,QMF,NHS NORTH EAST LONDON INTEGRATED CARE BOARD
2025-26,J81061,PENNY'S HILL PRACTICE,Y58,SOUTH WEST COMMISSIONING REGION,QVV,NHS DORSET INTEGRATED CARE BOARD
2025-26,J81062,ST ALBANS MEDICAL CENTRE,Y58,SOUTH WEST COMMISSIONING REGION,QVV,NHS DORSET INTEGRATED CARE BOARD
2025-26,J81068,ATRIUM HEALTH CENTRE,Y58,SOUTH WEST COMMISSIONING REGION,QVV,NHS DORSET INTEGRATED CARE BOARD
2025-26,J81072,THE PANTON PRACTICE,Y58,SOUTH WEST COMMISSIONING REGION,QVV,NHS DORSET INTEGRATED CARE BOARD
2025-26,J81075,CROSS ROAD SURGERY,Y58,SOUTH WEST COMMISSIONING REGION,QVV,NHS DORSET INTEGRATED CARE BOARD
2025-26,J81076,AMMONITE HEALTH PARTNERSHIP,Y58,SOUTH WEST COMMISSIONING REGION,QVV,NHS DORSET INTEGRATED CARE BOARD
2025-26,J81078,THE GROVE MEDICAL CENTRE,Y58,SOUTH WEST COMMISSIONING REGION,QVV,NHS DORSET INTEGRATED CARE BOARD
2025-26,J81086,EVERGREEN OAK SURGERY,Y58,SOUTH WEST COMMISSIONING REGION,QVV,NHS DORSET INTEGRATED CARE BOARD
2025-26,J81631,SANDFORD SURGERY,Y58,SOUTH WEST COMMISSIONING REGION,QVV,NHS DORSET INTEGRATED CARE BOARD
2025-26,J81634,CRESCENT PROVIDENCE SURGERY,Y58,SOUTH WEST COMMISSIONING REGION,QVV,NHS DORSET INTEGRATED CARE BOARD
2025-26,J82001,BURGESS ROAD SURGERY,Y59,SOUTH EAST COMMISSIONING REGION,QRL,NHS HAMPSHIRE AND ISLE OF WIGHT INTEGRATED CARE BOARD
2025-26,J82009,EMSWORTH SURGERY,Y59,SOUTH EAST COMMISSIONING REGION,QRL,NHS HAMPSHIRE AND ISLE OF WIGHT INTEGRATED CARE BOARD
2025-26,J82010,THE BOSMERE MEDICAL PRACTICE,Y59,SOUTH EAST COMMISSIONING REGION,QRL,NHS HAMPSHIRE AND ISLE OF WIGHT INTEGRATED CARE BOARD
2025-26,J82016,STOCKBRIDGE SURGERY,Y59,SOUTH EAST COMMISSIONING REGION,QRL,NHS HAMPSHIRE AND ISLE OF WIGHT INTEGRATED CARE BOARD
2025-26,J82028,TRAFALGAR MEDICAL GROUP PRACTICE,Y59,SOUTH EAST COMMISSIONING REGION,QRL,NHS HAMPSHIRE AND ISLE OF WIGHT INTEGRATED CARE BOARD
2025-26,J82042,BADGERSWOOD SURGERY,Y59,SOUTH EAST COMMISSIONING REGION,QRL,NHS HAMPSHIRE AND ISLE OF WIGHT INTEGRATED CARE BOARD
2025-26,J82054,KINTBURY & WOOLTON HILL SURGERY,Y59,SOUTH EAST COMMISSIONING REGION,S0E4D,NHS THAMES VALLEY INTEGRATED CARE BOARD
2025-26,J82060,THE LIGHTHOUSE GROUP PRACTICE,Y59,SOUTH EAST COMMISSIONING REGION,QRL,NHS HAMPSHIRE AND ISLE OF WIGHT INTEGRATED CARE BOARD
2025-26,J82066,THE CAMBRIDGE PRACTICE,Y59,SOUTH EAST COMMISSIONING REGION,QRL,NHS HAMPSHIRE AND ISLE OF WIGHT INTEGRATED CARE BOARD
2025-26,J82069,CAMROSE GILLIES AND HACKWOOD PARTNERSHIP,Y59,SOUTH EAST COMMISSIONING REGION,QRL,NHS HAMPSHIRE AND ISLE OF WIGHT INTEGRATED CARE BOARD
2025-26,J82074,ALMA ROAD SURGERY,Y59,SOUTH EAST COMMISSIONING REGION,QRL,NHS HAMPSHIRE AND ISLE OF WIGHT INTEGRATED CARE BOARD
2025-26,J82079,CLIFT SURGERY,Y59,SOUTH EAST COMMISSIONING REGION,QRL,NHS HAMPSHIRE AND ISLE OF WIGHT INTEGRATED CARE BOARD
2025-26,J82085,ISLAND CITY PRACTICE,Y59,SOUTH EAST COMMISSIONING REGION,QRL,NHS HAMPSHIRE AND ISLE OF WIGHT INTEGRATED CARE BOARD
2025-26,J82112,NEW HORIZONS MEDICAL PARTNERSHIP,Y59,SOUTH EAST COMMISSIONING REGION,QRL,NHS HAMPSHIRE AND ISLE OF WIGHT INTEGRATED CARE BOARD
2025-26,J82120,ALEXANDER HOUSE SURGERY,Y59,SOUTH EAST COMMISSIONING REGION,QRL,NHS HAMPSHIRE AND ISLE OF WIGHT INTEGRATED CARE BOARD
2025-26,J82122,ALMA ROAD SURGERY,Y59,SOUTH EAST COMMISSIONING REGION,QRL,NHS HAMPSHIRE AND ISLE OF WIGHT INTEGRATED CARE BOARD
2025-26,J82128,OLD FIRE STATION SURGERY,Y59,SOUTH EAST COMMISSIONING REGION,QRL,NHS HAMPSHIRE AND ISLE OF WIGHT INTEGRATED CARE BOARD
2025-26,J82142,THE BORDER PRACTICE,Y59,SOUTH EAST COMMISSIONING REGION,QRL,NHS HAMPSHIRE AND ISLE OF WIGHT INTEGRATED CARE BOARD
2025-26,J82144,CROWN HEIGHTS MEDICAL CENTRE,Y59,SOUTH EAST COMMISSIONING REGION,QRL,NHS HAMPSHIRE AND ISLE OF WIGHT INTEGRATED CARE BOARD
2025-26,J82145,ABBEYWELL SURGERY,Y59,SOUTH EAST COMMISSIONING REGION,QRL,NHS HAMPSHIRE AND ISLE OF WIGHT INTEGRATED CARE BOARD
2025-26,J82146,LYNDHURST SURGERY,Y59,SOUTH EAST COMMISSIONING REGION,QRL,NHS HAMPSHIRE AND ISLE OF WIGHT INTEGRATED CARE BOARD
2025-26,J82154,MEON HEALTH PRACTICE,Y59,SOUTH EAST COMMISSIONING REGION,QRL,NHS HAMPSHIRE AND ISLE OF WIGHT INTEGRATED CARE BOARD
2025-26,J82156,WATERFRONT AND SOLENT SURGERY,Y59,SOUTH EAST COMMISSIONING REGION,QRL,NHS HAMPSHIRE AND ISLE OF WIGHT INTEGRATED CARE BOARD
2025-26,J82163,OAKS HEALTHCARE,Y59,SOUTH EAST COMMISSIONING REGION,QRL,NHS HAMPSHIRE AND ISLE OF WIGHT INTEGRATED CARE BOARD
2025-26,J82174,LOCKSWOOD SURGERY,Y59,SOUTH EAST COMMISSIONING REGION,QRL,NHS HAMPSHIRE AND ISLE OF WIGHT INTEGRATED CARE BOARD
2025-26,J82194,EAST SHORE PARTNERSHIP,Y59,SOUTH EAST COMMISSIONING REGION,QRL,NHS HAMPSHIRE AND ISLE OF WIGHT INTEGRATED CARE BOARD
2025-26,J82207,HILL LANE SURGERY,Y59,SOUTH EAST COMMISSIONING REGION,QRL,NHS HAMPSHIRE AND ISLE OF WIGHT INTEGRATED CARE BOARD
2025-26,J82210,THE ELMS PRACTICE,Y59,SOUTH EAST COMMISSIONING REGION,QRL,NHS HAMPSHIRE AND ISLE OF WIGHT INTEGRATED CARE BOARD
2025-26,J82216,BROOK LANE SURGERY,Y59,SOUTH EAST COMMISSIONING REGION,QRL,NHS HAMPSHIRE AND ISLE OF WIGHT INTEGRATED CARE BOARD
2025-26,J82625,BOUNDARIES SURGERY,Y59,SOUTH EAST COMMISSIONING REGION,QRL,NHS HAMPSHIRE AND ISLE OF WIGHT INTEGRATED CARE BOARD
2025-26,J82628,CRONDALL NEW SURGERY,Y59,SOUTH EAST COMMISSIONING REGION,QRL,NHS HAMPSHIRE AND ISLE OF WIGHT INTEGRATED CARE BOARD
2025-26,J83001,MERCHISTON SURGERY,Y58,SOUTH WEST COMMISSIONING REGION,QOX,"NHS BATH AND NORTH EAST SOMERSET, SWINDON AND WILTSHIRE INTEGRATED CARE BOARD"
2025-26,J83002,WESTROP MEDICAL PRACTICE,Y58,SOUTH WEST COMMISSIONING REGION,QOX,"NHS BATH AND NORTH EAST SOMERSET, SWINDON AND WILTSHIRE INTEGRATED CARE BOARD"
2025-26,J83016,TROWBRIDGE HEALTH CENTRE,Y58,SOUTH WEST COMMISSIONING REGION,QOX,"NHS BATH AND NORTH EAST SOMERSET, SWINDON AND WILTSHIRE INTEGRATED CARE BOARD"
2025-26,J83035,ABBEY MEADS MEDICAL PRACT,Y58,SOUTH WEST COMMISSIONING REGION,QOX,"NHS BATH AND NORTH EAST SOMERSET, SWINDON AND WILTSHIRE INTEGRATED CARE BOARD"
2025-26,J81082,POUNDBURY DOCTORS SURGERY,Y58,SOUTH WEST COMMISSIONING REGION,QVV,NHS DORSET INTEGRATED CARE BOARD
2025-26,J81609,PRINCE OF WALES SURGERY,Y58,SOUTH WEST COMMISSIONING REGION,QVV,NHS DORSET INTEGRATED CARE BOARD
2025-26,J81612,CORFE CASTLE SURGERY,Y58,SOUTH WEST COMMISSIONING REGION,QVV,NHS DORSET INTEGRATED CARE BOARD
2025-26,J81620,BLACKMORE VALE PARTNERSHIP,Y58,SOUTH WEST COMMISSIONING REGION,QVV,NHS DORSET INTEGRATED CARE BOARD
2025-26,J81633,WOODLEA HOUSE SURGERY,Y58,SOUTH WEST COMMISSIONING REGION,QVV,NHS DORSET INTEGRATED CARE BOARD
2025-26,J82005,ROWLANDS CASTLE SURGERY,Y59,SOUTH EAST COMMISSIONING REGION,QRL,NHS HAMPSHIRE AND ISLE OF WIGHT INTEGRATED CARE BOARD
2025-26,J82015,GIFFARD DRIVE SURGERY,Y59,SOUTH EAST COMMISSIONING REGION,QRL,NHS HAMPSHIRE AND ISLE OF WIGHT INTEGRATED CARE BOARD
2025-26,J82019,THE FRYERN SURGERY,Y59,SOUTH EAST COMMISSIONING REGION,QRL,NHS HAMPSHIRE AND ISLE OF WIGHT INTEGRATED CARE BOARD
2025-26,J82021,WATERSIDE MEDICAL PRACTICE,Y59,SOUTH EAST COMMISSIONING REGION,QRL,NHS HAMPSHIRE AND ISLE OF WIGHT INTEGRATED CARE BOARD
2025-26,J82026,CENTRE PRACTICE,Y59,SOUTH EAST COMMISSIONING REGION,QRL,NHS HAMPSHIRE AND ISLE OF WIGHT INTEGRATED CARE BOARD
2025-26,J82035,ST CLEMENTS PARTNERSHIP,Y59,SOUTH EAST COMMISSIONING REGION,QRL,NHS HAMPSHIRE AND ISLE OF WIGHT INTEGRATED CARE BOARD
2025-26,J82040,WEST END ROAD SURGERY,Y59,SOUTH EAST COMMISSIONING REGION,QRL,NHS HAMPSHIRE AND ISLE OF WIGHT INTEGRATED CARE BOARD
2025-26,J82049,THE OAKLEY HEALTH GROUP,Y59,SOUTH EAST COMMISSIONING REGION,QRL,NHS HAMPSHIRE AND ISLE OF WIGHT INTEGRATED CARE BOARD
2025-26,J82056,RED AND GREEN PRACTICE,Y59,SOUTH EAST COMMISSIONING REGION,QRL,NHS HAMPSHIRE AND ISLE OF WIGHT INTEGRATED CARE BOARD
2025-26,J82064,BISHOPS WALTHAM SURGERY,Y59,SOUTH EAST COMMISSIONING REGION,QRL,NHS HAMPSHIRE AND ISLE OF WIGHT INTEGRATED CARE BOARD
2025-26,J82081,SOUTHAMPTON SEA CITY PARTNERSHIP,Y59,SOUTH EAST COMMISSIONING REGION,QRL,NHS HAMPSHIRE AND ISLE OF WIGHT INTEGRATED CARE BOARD
2025-26,J83042,ROWDEN SURGERY,Y58,SOUTH WEST COMMISSIONING REGION,QOX,"NHS BATH AND NORTH EAST SOMERSET, SWINDON AND WILTSHIRE INTEGRATED CARE BOARD"
2025-26,J83047,ELDENE SURGERY,Y58,SOUTH WEST COMMISSIONING REGION,QOX,"NHS BATH AND NORTH EAST SOMERSET, SWINDON AND WILTSHIRE INTEGRATED CARE BOARD"
2025-26,J83048,ST MELOR HOUSE SURGERY,Y58,SOUTH WEST COMMISSIONING REGION,QOX,"NHS BATH AND NORTH EAST SOMERSET, SWINDON AND WILTSHIRE INTEGRATED CARE BOARD"
2025-26,J83058,TISBURY SURGERY,Y58,SOUTH WEST COMMISSIONING REGION,QOX,"NHS BATH AND NORTH EAST SOMERSET, SWINDON AND WILTSHIRE INTEGRATED CARE BOARD"
2025-26,J83601,BURBAGE SURGERY,Y58,SOUTH WEST COMMISSIONING REGION,QOX,"NHS BATH AND NORTH EAST SOMERSET, SWINDON AND WILTSHIRE INTEGRATED CARE BOARD"
2025-26,J83629,SILTON SURGERY,Y58,SOUTH WEST COMMISSIONING REGION,QOX,"NHS BATH AND NORTH EAST SOMERSET, SWINDON AND WILTSHIRE INTEGRATED CARE BOARD"
2025-26,J83630,HINDON SURGERY,Y58,SOUTH WEST COMMISSIONING REGION,QOX,"NHS BATH AND NORTH EAST SOMERSET, SWINDON AND WILTSHIRE INTEGRATED CARE BOARD"
2025-26,J83645,PHOENIX SURGERY,Y58,SOUTH WEST COMMISSIONING REGION,QOX,"NHS BATH AND NORTH EAST SOMERSET, SWINDON AND WILTSHIRE INTEGRATED CARE BOARD"
2025-26,J84005,ESPLANADE SURGERY,Y59,SOUTH EAST COMMISSIONING REGION,QRL,NHS HAMPSHIRE AND ISLE OF WIGHT INTEGRATED CARE BOARD
2025-26,J84007,ST. HELENS MEDICAL CENTRE,Y59,SOUTH EAST COMMISSIONING REGION,QRL,NHS HAMPSHIRE AND ISLE OF WIGHT INTEGRATED CARE BOARD
2025-26,J84013,THE BAY MEDICAL PRACTICE,Y59,SOUTH EAST COMMISSIONING REGION,QRL,NHS HAMPSHIRE AND ISLE OF WIGHT INTEGRATED CARE BOARD
2025-26,K81002,EASTFIELD HOUSE SURGERY,Y59,SOUTH EAST COMMISSIONING REGION,S0E4D,NHS THAMES VALLEY INTEGRATED CARE BOARD
2025-26,K81003,SWALLOWFIELD MEDICAL PRACTICE,Y59,SOUTH EAST COMMISSIONING REGION,S0E4D,NHS THAMES VALLEY INTEGRATED CARE BOARD
2025-26,K81007,LONDON STREET SURGERY,Y59,SOUTH EAST COMMISSIONING REGION,S0E4D,NHS THAMES VALLEY INTEGRATED CARE BOARD
2025-26,J82083,THE WILLOW GROUP,Y59,SOUTH EAST COMMISSIONING REGION,QRL,NHS HAMPSHIRE AND ISLE OF WIGHT INTEGRATED CARE BOARD
2025-26,J82088,THE SHIRLEY HEALTH PARTNERSHIP,Y59,SOUTH EAST COMMISSIONING REGION,QRL,NHS HAMPSHIRE AND ISLE OF WIGHT INTEGRATED CARE BOARD
2025-26,J82098,SWAN MEDICAL GROUP,Y59,SOUTH EAST COMMISSIONING REGION,QRL,NHS HAMPSHIRE AND ISLE OF WIGHT INTEGRATED CARE BOARD
2025-26,J82099,RICHMOND SURGERY,Y59,SOUTH EAST COMMISSIONING REGION,QRL,NHS HAMPSHIRE AND ISLE OF WIGHT INTEGRATED CARE BOARD
2025-26,J82103,ST MARY'S SURGERY,Y59,SOUTH EAST COMMISSIONING REGION,QRL,NHS HAMPSHIRE AND ISLE OF WIGHT INTEGRATED CARE BOARD
2025-26,J82106,GRATTON SURGERY,Y59,SOUTH EAST COMMISSIONING REGION,QRL,NHS HAMPSHIRE AND ISLE OF WIGHT INTEGRATED CARE BOARD
2025-26,J82119,DENMEAD HEALTH CENTRE,Y59,SOUTH EAST COMMISSIONING REGION,QRL,NHS HAMPSHIRE AND ISLE OF WIGHT INTEGRATED CARE BOARD
2025-26,J82124,ALRESFORD SURGERY,Y59,SOUTH EAST COMMISSIONING REGION,QRL,NHS HAMPSHIRE AND ISLE OF WIGHT INTEGRATED CARE BOARD
2025-26,J82126,RAYMOND ROAD SURGERY,Y59,SOUTH EAST COMMISSIONING REGION,QRL,NHS HAMPSHIRE AND ISLE OF WIGHT INTEGRATED CARE BOARD
2025-26,J82138,WHITEWATER HEALTH,Y59,SOUTH EAST COMMISSIONING REGION,QRL,NHS HAMPSHIRE AND ISLE OF WIGHT INTEGRATED CARE BOARD
2025-26,J82139,WISTARIA & MILFORD SURGERIES,Y59,SOUTH EAST COMMISSIONING REGION,QRL,NHS HAMPSHIRE AND ISLE OF WIGHT INTEGRATED CARE BOARD
2025-26,J82143,PARK SURGERY,Y59,SOUTH EAST COMMISSIONING REGION,QRL,NHS HAMPSHIRE AND ISLE OF WIGHT INTEGRATED CARE BOARD
2025-26,J82147,THE CLANFIELD PRACTICE,Y59,SOUTH EAST COMMISSIONING REGION,QRL,NHS HAMPSHIRE AND ISLE OF WIGHT INTEGRATED CARE BOARD
2025-26,J82150,CORNERWAYS MEDICAL CENTRE,Y59,SOUTH EAST COMMISSIONING REGION,QRL,NHS HAMPSHIRE AND ISLE OF WIGHT INTEGRATED CARE BOARD
2025-26,J82157,WILSON PRACTICE,Y59,SOUTH EAST COMMISSIONING REGION,QRL,NHS HAMPSHIRE AND ISLE OF WIGHT INTEGRATED CARE BOARD
2025-26,K81010,KINGS CORNER SURGERY,Y59,SOUTH EAST COMMISSIONING REGION,S0E4D,NHS THAMES VALLEY INTEGRATED CARE BOARD
2025-26,K81019,ROSS ROAD MEDICAL CENTRE,Y59,SOUTH EAST COMMISSIONING REGION,S0E4D,NHS THAMES VALLEY INTEGRATED CARE BOARD
2025-26,K81045,PARKSIDE PRACTICE,Y59,SOUTH EAST COMMISSIONING REGION,S0E4D,NHS THAMES VALLEY INTEGRATED CARE BOARD
2025-26,K81047,BROOKSIDE GROUP PRACTICE,Y59,SOUTH EAST COMMISSIONING REGION,S0E4D,NHS THAMES VALLEY INTEGRATED CARE BOARD
2025-26,K81056,WESTWOOD ROAD SURGERY,Y59,SOUTH EAST COMMISSIONING REGION,S0E4D,NHS THAMES VALLEY INTEGRATED CARE BOARD
2025-26,K81069,LODDON VALE PRACTICE,Y59,SOUTH EAST COMMISSIONING REGION,S0E4D,NHS THAMES VALLEY INTEGRATED CARE BOARD
2025-26,K81073,THATCHAM HEALTH CENTRE,Y59,SOUTH EAST COMMISSIONING REGION,S0E4D,NHS THAMES VALLEY INTEGRATED CARE BOARD
2025-26,K81077,THEALE MEDICAL CENTRE,Y59,SOUTH EAST COMMISSIONING REGION,S0E4D,NHS THAMES VALLEY INTEGRATED CARE BOARD
2025-26,K81080,NEW WOKINGHAM ROAD SURGERY,Y59,SOUTH EAST COMMISSIONING REGION,S0E4D,NHS THAMES VALLEY INTEGRATED CARE BOARD
2025-26,K81083,BHARANI MEDICAL CENTRE,Y59,SOUTH EAST COMMISSIONING REGION,S0E4D,NHS THAMES VALLEY INTEGRATED CARE BOARD
2025-26,K81100,PEMBROKE SURGERY,Y59,SOUTH EAST COMMISSIONING REGION,S0E4D,NHS THAMES VALLEY INTEGRATED CARE BOARD
2025-26,K81605,UNIVERSITY MEDICAL GROUP,Y59,SOUTH EAST COMMISSIONING REGION,S0E4D,NHS THAMES VALLEY INTEGRATED CARE BOARD
2025-26,K81616,KUMAR MEDICAL CENTRE,Y59,SOUTH EAST COMMISSIONING REGION,S0E4D,NHS THAMES VALLEY INTEGRATED CARE BOARD
2025-26,K81630,SOUTH MEADOW SURGERY,Y59,SOUTH EAST COMMISSIONING REGION,S0E4D,NHS THAMES VALLEY INTEGRATED CARE BOARD
2025-26,K81633,SOUTH READING & SHINFIELD GROUP MED PRAC,Y59,SOUTH EAST COMMISSIONING REGION,S0E4D,NHS THAMES VALLEY INTEGRATED CARE BOARD
2025-26,K81644,TILEHURST VILLAGE SURGERY,Y59,SOUTH EAST COMMISSIONING REGION,S0E4D,NHS THAMES VALLEY INTEGRATED CARE BOARD
2025-26,K82006,THE IVERS PRACTICE,Y59,SOUTH EAST COMMISSIONING REGION,S0E4D,NHS THAMES VALLEY INTEGRATED CARE BOARD
2025-26,J82196,HOMEWELL CURLEW PRACTICE,Y59,SOUTH EAST COMMISSIONING REGION,QRL,NHS HAMPSHIRE AND ISLE OF WIGHT INTEGRATED CARE BOARD
2025-26,J82208,ST. PETERS SURGERY,Y59,SOUTH EAST COMMISSIONING REGION,QRL,NHS HAMPSHIRE AND ISLE OF WIGHT INTEGRATED CARE BOARD
2025-26,J82214,WHITCHURCH SURGERY,Y59,SOUTH EAST COMMISSIONING REGION,QRL,NHS HAMPSHIRE AND ISLE OF WIGHT INTEGRATED CARE BOARD
2025-26,J82217,HOMELESS HEALTHCARE TEAM,Y59,SOUTH EAST COMMISSIONING REGION,QRL,NHS HAMPSHIRE AND ISLE OF WIGHT INTEGRATED CARE BOARD
2025-26,J82605,WALNUT TREE SURGERY,Y59,SOUTH EAST COMMISSIONING REGION,QRL,NHS HAMPSHIRE AND ISLE OF WIGHT INTEGRATED CARE BOARD
2025-26,J82639,WATERSHIP DOWN HEALTH,Y59,SOUTH EAST COMMISSIONING REGION,QRL,NHS HAMPSHIRE AND ISLE OF WIGHT INTEGRATED CARE BOARD
2025-26,J83003,HARCOURT MEDICAL CENTRE,Y58,SOUTH WEST COMMISSIONING REGION,QOX,"NHS BATH AND NORTH EAST SOMERSET, SWINDON AND WILTSHIRE INTEGRATED CARE BOARD"
2025-26,J83005,BARCROFT MEDICAL CENTRE,Y58,SOUTH WEST COMMISSIONING REGION,QOX,"NHS BATH AND NORTH EAST SOMERSET, SWINDON AND WILTSHIRE INTEGRATED CARE BOARD"
2025-26,J83009,RIDGEWAY VIEW FAMILY PRACTICE,Y58,SOUTH WEST COMMISSIONING REGION,QOX,"NHS BATH AND NORTH EAST SOMERSET, SWINDON AND WILTSHIRE INTEGRATED CARE BOARD"
2025-26,J83011,GIFFORDS PRIMARY CARE CTR,Y58,SOUTH WEST COMMISSIONING REGION,QOX,"NHS BATH AND NORTH EAST SOMERSET, SWINDON AND WILTSHIRE INTEGRATED CARE BOARD"
2025-26,J83026,THREE CHEQUERS MEDICAL PRACTICE,Y58,SOUTH WEST COMMISSIONING REGION,QOX,"NHS BATH AND NORTH EAST SOMERSET, SWINDON AND WILTSHIRE INTEGRATED CARE BOARD"
2025-26,J83030,BRADFORD-ON-AVON AND MELKSHAM HEALTH,Y58,SOUTH WEST COMMISSIONING REGION,QOX,"NHS BATH AND NORTH EAST SOMERSET, SWINDON AND WILTSHIRE INTEGRATED CARE BOARD"
2025-26,J83033,WHALEBRIDGE PRACTICE,Y58,SOUTH WEST COMMISSIONING REGION,QOX,"NHS BATH AND NORTH EAST SOMERSET, SWINDON AND WILTSHIRE INTEGRATED CARE BOARD"
2025-26,K82014,OAKFIELD SURGERY,Y59,SOUTH EAST COMMISSIONING REGION,S0E4D,NHS THAMES VALLEY INTEGRATED CARE BOARD
2025-26,K82016,NEWPORT PAGNELL MED.CTR.,Y61,EAST OF ENGLAND COMMISSIONING REGION,S1Y5D,NHS CENTRAL EAST INTEGRATED CARE BOARD
2025-26,K82019,THE MANDEVILLE PRACTICE,Y59,SOUTH EAST COMMISSIONING REGION,S0E4D,NHS THAMES VALLEY INTEGRATED CARE BOARD
2025-26,K82022,KINGSWOOD SURGERY,Y59,SOUTH EAST COMMISSIONING REGION,S0E4D,NHS THAMES VALLEY INTEGRATED CARE BOARD
2025-26,K82026,WHADDON HEALTHCARE,Y61,EAST OF ENGLAND COMMISSIONING REGION,S1Y5D,NHS CENTRAL EAST INTEGRATED CARE BOARD
2025-26,K82027,PURBECK HEALTH CENTRE,Y61,EAST OF ENGLAND COMMISSIONING REGION,S1Y5D,NHS CENTRAL EAST INTEGRATED CARE BOARD
2025-26,K82038,POPLAR GROVE PRACTICE,Y59,SOUTH EAST COMMISSIONING REGION,S0E4D,NHS THAMES VALLEY INTEGRATED CARE BOARD
2025-26,K82054,ASHFIELD MEDICAL CENTRE,Y61,EAST OF ENGLAND COMMISSIONING REGION,S1Y5D,NHS CENTRAL EAST INTEGRATED CARE BOARD
2025-26,K82057,COBBS GARDEN SURGERY,Y61,EAST OF ENGLAND COMMISSIONING REGION,S1Y5D,NHS CENTRAL EAST INTEGRATED CARE BOARD
2025-26,K82059,WESTFIELD ROAD SURGERY,Y61,EAST OF ENGLAND COMMISSIONING REGION,S1Y5D,NHS CENTRAL EAST INTEGRATED CARE BOARD
2025-26,K82061,ASHCROFT SURGERY,Y59,SOUTH EAST COMMISSIONING REGION,S0E4D,NHS THAMES VALLEY INTEGRATED CARE BOARD
2025-26,K82066,BOURNE END & WOOBURN GREEN MEDICAL CTR,Y59,SOUTH EAST COMMISSIONING REGION,S0E4D,NHS THAMES VALLEY INTEGRATED CARE BOARD
2025-26,K82068,WADDESDON SURGERY,Y59,SOUTH EAST COMMISSIONING REGION,S0E4D,NHS THAMES VALLEY INTEGRATED CARE BOARD
2025-26,K82079,EDLESBOROUGH SURGERY,Y59,SOUTH EAST COMMISSIONING REGION,S0E4D,NHS THAMES VALLEY INTEGRATED CARE BOARD
2025-26,K82603,CRESSEX HEALTH CENTRE,Y59,SOUTH EAST COMMISSIONING REGION,S0E4D,NHS THAMES VALLEY INTEGRATED CARE BOARD
2025-26,K82618,PROSPECT HOUSE SURGERY,Y59,SOUTH EAST COMMISSIONING REGION,S0E4D,NHS THAMES VALLEY INTEGRATED CARE BOARD
2025-26,J83038,KINGSWOOD SURGERY,Y58,SOUTH WEST COMMISSIONING REGION,QOX,"NHS BATH AND NORTH EAST SOMERSET, SWINDON AND WILTSHIRE INTEGRATED CARE BOARD"
2025-26,J83040,WESTBURY GROUP PRACTICE,Y58,SOUTH WEST COMMISSIONING REGION,QOX,"NHS BATH AND NORTH EAST SOMERSET, SWINDON AND WILTSHIRE INTEGRATED CARE BOARD"
2025-26,J83055,NEW COURT SURGERY,Y58,SOUTH WEST COMMISSIONING REGION,QOX,"NHS BATH AND NORTH EAST SOMERSET, SWINDON AND WILTSHIRE INTEGRATED CARE BOARD"
2025-26,J83057,NORTH SWINDON PRACTICE,Y58,SOUTH WEST COMMISSIONING REGION,QOX,"NHS BATH AND NORTH EAST SOMERSET, SWINDON AND WILTSHIRE INTEGRATED CARE BOARD"
2025-26,J83059,THE LAWN MEDICAL CENTRE,Y58,SOUTH WEST COMMISSIONING REGION,QOX,"NHS BATH AND NORTH EAST SOMERSET, SWINDON AND WILTSHIRE INTEGRATED CARE BOARD"
2025-26,J83609,CRICKLADE SURGERY,Y58,SOUTH WEST COMMISSIONING REGION,QOX,"NHS BATH AND NORTH EAST SOMERSET, SWINDON AND WILTSHIRE INTEGRATED CARE BOARD"
2025-26,J83625,LODGE SURGERY,Y58,SOUTH WEST COMMISSIONING REGION,QOX,"NHS BATH AND NORTH EAST SOMERSET, SWINDON AND WILTSHIRE INTEGRATED CARE BOARD"
2025-26,J83633,VICTORIA CROSS SURGERY,Y58,SOUTH WEST COMMISSIONING REGION,QOX,"NHS BATH AND NORTH EAST SOMERSET, SWINDON AND WILTSHIRE INTEGRATED CARE BOARD"
2025-26,J84011,NEWPORT HEALTH CENTRE,Y59,SOUTH EAST COMMISSIONING REGION,QRL,NHS HAMPSHIRE AND ISLE OF WIGHT INTEGRATED CARE BOARD
2025-26,J84012,TOWER HOUSE SURGERY,Y59,SOUTH EAST COMMISSIONING REGION,QRL,NHS HAMPSHIRE AND ISLE OF WIGHT INTEGRATED CARE BOARD
2025-26,K81012,THE BOAT HOUSE SURGERY,Y59,SOUTH EAST COMMISSIONING REGION,S0E4D,NHS THAMES VALLEY INTEGRATED CARE BOARD
2025-26,K81014,BALMORE PARK SURGERY,Y59,SOUTH EAST COMMISSIONING REGION,S0E4D,NHS THAMES VALLEY INTEGRATED CARE BOARD
2025-26,K81015,WOODLANDS PARK SURGERY,Y59,SOUTH EAST COMMISSIONING REGION,S0E4D,NHS THAMES VALLEY INTEGRATED CARE BOARD
2025-26,K81020,CLAREMONT HOLYPORT SURGERY,Y59,SOUTH EAST COMMISSIONING REGION,S0E4D,NHS THAMES VALLEY INTEGRATED CARE BOARD
2025-26,K81027,MORTIMER SURGERY,Y59,SOUTH EAST COMMISSIONING REGION,S0E4D,NHS THAMES VALLEY INTEGRATED CARE BOARD
2025-26,K81034,CROSBY HOUSE SURGERY,Y59,SOUTH EAST COMMISSIONING REGION,S0E4D,NHS THAMES VALLEY INTEGRATED CARE BOARD
2025-26,K81036,THE CEDARS SURGERY,Y59,SOUTH EAST COMMISSIONING REGION,S0E4D,NHS THAMES VALLEY INTEGRATED CARE BOARD
2025-26,K81048,LONG BARN LANE SURGERY,Y59,SOUTH EAST COMMISSIONING REGION,S0E4D,NHS THAMES VALLEY INTEGRATED CARE BOARD
2025-26,K81051,WOODLEY PRACTICE,Y59,SOUTH EAST COMMISSIONING REGION,S0E4D,NHS THAMES VALLEY INTEGRATED CARE BOARD
2025-26,K81055,WARGRAVE PRACTICE,Y59,SOUTH EAST COMMISSIONING REGION,S0E4D,NHS THAMES VALLEY INTEGRATED CARE BOARD
2025-26,K81062,WESTERN ELMS & CIRCUIT LANE SURGERIES,Y59,SOUTH EAST COMMISSIONING REGION,S0E4D,NHS THAMES VALLEY INTEGRATED CARE BOARD
2025-26,K81066,THE SYMONS MEDICAL CENTRE,Y59,SOUTH EAST COMMISSIONING REGION,S0E4D,NHS THAMES VALLEY INTEGRATED CARE BOARD
2025-26,K81075,FARNHAM ROAD PRACTICE,Y59,SOUTH EAST COMMISSIONING REGION,S0E4D,NHS THAMES VALLEY INTEGRATED CARE BOARD
2025-26,K81076,GREEN MEADOWS SURGERY,Y59,SOUTH EAST COMMISSIONING REGION,S0E4D,NHS THAMES VALLEY INTEGRATED CARE BOARD
2025-26,K81086,MANOR PARK MEDICAL CENTRE,Y59,SOUTH EAST COMMISSIONING REGION,S0E4D,NHS THAMES VALLEY INTEGRATED CARE BOARD
2025-26,K81087,EASTHAMPSTEAD SURGERY,Y59,SOUTH EAST COMMISSIONING REGION,S0E4D,NHS THAMES VALLEY INTEGRATED CARE BOARD
2025-26,K81097,REDWOOD HOUSE SURGERY,Y59,SOUTH EAST COMMISSIONING REGION,S0E4D,NHS THAMES VALLEY INTEGRATED CARE BOARD
2025-26,K81607,CORDWALLIS ROAD SURGERY,Y59,SOUTH EAST COMMISSIONING REGION,S0E4D,NHS THAMES VALLEY INTEGRATED CARE BOARD
2025-26,K81651,MELROSE SURGERY,Y59,SOUTH EAST COMMISSIONING REGION,S0E4D,NHS THAMES VALLEY INTEGRATED CARE BOARD
2025-26,K81657,EVERGREEN PRACTICE,Y59,SOUTH EAST COMMISSIONING REGION,S0E4D,NHS THAMES VALLEY INTEGRATED CARE BOARD
2025-26,K82010,TOWER HOUSE SURGERY,Y59,SOUTH EAST COMMISSIONING REGION,S0E4D,NHS THAMES VALLEY INTEGRATED CARE BOARD
2025-26,K82012,HIGHFIELD SURGERY,Y59,SOUTH EAST COMMISSIONING REGION,S0E4D,NHS THAMES VALLEY INTEGRATED CARE BOARD
2025-26,K82017,DESBOROUGH SURGERY,Y59,SOUTH EAST COMMISSIONING REGION,S0E4D,NHS THAMES VALLEY INTEGRATED CARE BOARD
2025-26,K82021,THE CROSS KEYS PRACTICE,Y59,SOUTH EAST COMMISSIONING REGION,S0E4D,NHS THAMES VALLEY INTEGRATED CARE BOARD
2025-26,K82025,SOVEREIGN MEDICAL CENTRE,Y61,EAST OF ENGLAND COMMISSIONING REGION,S1Y5D,NHS CENTRAL EAST INTEGRATED CARE BOARD
2025-26,K82028,HADDENHAM MEDICAL CENTRE,Y59,SOUTH EAST COMMISSIONING REGION,S0E4D,NHS THAMES VALLEY INTEGRATED CARE BOARD
2025-26,K82039,BEDFORD STREET SURGERY,Y61,EAST OF ENGLAND COMMISSIONING REGION,S1Y5D,NHS CENTRAL EAST INTEGRATED CARE BOARD
2025-26,K82045,SOUTHMEAD SURGERY,Y59,SOUTH EAST COMMISSIONING REGION,S0E4D,NHS THAMES VALLEY INTEGRATED CARE BOARD
2025-26,K82048,STOKENCHURCH MEDICAL CTRE,Y59,SOUTH EAST COMMISSIONING REGION,S0E4D,NHS THAMES VALLEY INTEGRATED CARE BOARD
2025-26,K82049,HUGHENDEN VALLEY SURGERY,Y59,SOUTH EAST COMMISSIONING REGION,S0E4D,NHS THAMES VALLEY INTEGRATED CARE BOARD
2025-26,K82051,THE MISBOURNE SURGERY,Y59,SOUTH EAST COMMISSIONING REGION,S0E4D,NHS THAMES VALLEY INTEGRATED CARE BOARD
2025-26,K82053,PRIORY SURGERY,Y59,SOUTH EAST COMMISSIONING REGION,S0E4D,NHS THAMES VALLEY INTEGRATED CARE BOARD
2025-26,K82615,WALNUT TREE HEALTH CENTRE,Y61,EAST OF ENGLAND COMMISSIONING REGION,S1Y5D,NHS CENTRAL EAST INTEGRATED CARE BOARD
2025-26,K82621,LITTLE CHALFONT SURGERY,Y59,SOUTH EAST COMMISSIONING REGION,S0E4D,NHS THAMES VALLEY INTEGRATED CARE BOARD
2025-26,K83009,MOULTON SURGERY,Y60,MIDLANDS COMMISSIONING REGION,QPM,NHS NORTHAMPTONSHIRE INTEGRATED CARE BOARD
2025-26,K83021,ROTHWELL MEDICAL CENTRE,Y60,MIDLANDS COMMISSIONING REGION,QPM,NHS NORTHAMPTONSHIRE INTEGRATED CARE BOARD
2025-26,K83026,ALBANY HOUSE MEDICAL CENTRE,Y60,MIDLANDS COMMISSIONING REGION,QPM,NHS NORTHAMPTONSHIRE INTEGRATED CARE BOARD
2025-26,K83036,LINDEN MEDICAL GROUP,Y60,MIDLANDS COMMISSIONING REGION,QPM,NHS NORTHAMPTONSHIRE INTEGRATED CARE BOARD
2025-26,K83042,PARK AVE MED CNT & KINGS HEATH PRACTICE,Y60,MIDLANDS COMMISSIONING REGION,QPM,NHS NORTHAMPTONSHIRE INTEGRATED CARE BOARD
2025-26,K83065,NENE VALLEY SURGERY,Y60,MIDLANDS COMMISSIONING REGION,QPM,NHS NORTHAMPTONSHIRE INTEGRATED CARE BOARD
2025-26,K83066,GREENS NORTON & WEEDON MEDICAL PRACTICE,Y60,MIDLANDS COMMISSIONING REGION,QPM,NHS NORTHAMPTONSHIRE INTEGRATED CARE BOARD
2025-26,K83069,MARSHALLS ROAD SURGERY,Y60,MIDLANDS COMMISSIONING REGION,QPM,NHS NORTHAMPTONSHIRE INTEGRATED CARE BOARD
2025-26,K83070,BUGBROOKE MEDICAL PRACTICE,Y60,MIDLANDS COMMISSIONING REGION,QPM,NHS NORTHAMPTONSHIRE INTEGRATED CARE BOARD
2025-26,K83076,MAYFIELD SURGERY,Y60,MIDLANDS COMMISSIONING REGION,QPM,NHS NORTHAMPTONSHIRE INTEGRATED CARE BOARD
2025-26,K83077,GREENVIEW SURGERY,Y60,MIDLANDS COMMISSIONING REGION,QPM,NHS NORTHAMPTONSHIRE INTEGRATED CARE BOARD
2025-26,K83081,SUMMERLEE MEDICAL CENTRE,Y60,MIDLANDS COMMISSIONING REGION,QPM,NHS NORTHAMPTONSHIRE INTEGRATED CARE BOARD
2025-26,K83601,EARLS BARTON MEDICAL CENTRE,Y60,MIDLANDS COMMISSIONING REGION,QPM,NHS NORTHAMPTONSHIRE INTEGRATED CARE BOARD
2025-26,K83616,THE MEADOWS SURGERY,Y60,MIDLANDS COMMISSIONING REGION,QPM,NHS NORTHAMPTONSHIRE INTEGRATED CARE BOARD
2025-26,K83618,DR ABBAS,Y60,MIDLANDS COMMISSIONING REGION,QPM,NHS NORTHAMPTONSHIRE INTEGRATED CARE BOARD
2025-26,K83620,THE BROOK HEALTH CENTRE,Y60,MIDLANDS COMMISSIONING REGION,QPM,NHS NORTHAMPTONSHIRE INTEGRATED CARE BOARD
2025-26,K84001,THE HART SURGERY,Y59,SOUTH EAST COMMISSIONING REGION,S0E4D,NHS THAMES VALLEY INTEGRATED CARE BOARD
2025-26,K84006,EYNSHAM MEDICAL GROUP,Y59,SOUTH EAST COMMISSIONING REGION,S0E4D,NHS THAMES VALLEY INTEGRATED CARE BOARD
2025-26,K84008,CHALGROVE & WATLINGTON SURGERIES,Y59,SOUTH EAST COMMISSIONING REGION,S0E4D,NHS THAMES VALLEY INTEGRATED CARE BOARD
2025-26,K84012,ELM TREE SURGERY,Y58,SOUTH WEST COMMISSIONING REGION,QOX,"NHS BATH AND NORTH EAST SOMERSET, SWINDON AND WILTSHIRE INTEGRATED CARE BOARD"
2025-26,K84014,MORLAND HOUSE SURGERY,Y59,SOUTH EAST COMMISSIONING REGION,S0E4D,NHS THAMES VALLEY INTEGRATED CARE BOARD
2025-26,K84028,BANBURY CROSS HEALTH CENTRE,Y59,SOUTH EAST COMMISSIONING REGION,S0E4D,NHS THAMES VALLEY INTEGRATED CARE BOARD
2025-26,K84032,BARTLEMAS SURGERY,Y59,SOUTH EAST COMMISSIONING REGION,S0E4D,NHS THAMES VALLEY INTEGRATED CARE BOARD
2025-26,K84034,CLIFTON HAMPDEN SURGERY,Y59,SOUTH EAST COMMISSIONING REGION,S0E4D,NHS THAMES VALLEY INTEGRATED CARE BOARD
2025-26,K84043,WOODLANDS MEDICAL CENTRE,Y59,SOUTH EAST COMMISSIONING REGION,S0E4D,NHS THAMES VALLEY INTEGRATED CARE BOARD
2025-26,K84052,BICESTER HEALTH CENTRE,Y59,SOUTH EAST COMMISSIONING REGION,S0E4D,NHS THAMES VALLEY INTEGRATED CARE BOARD
2025-26,K84054,THE ABINGDON SURGERY,Y59,SOUTH EAST COMMISSIONING REGION,S0E4D,NHS THAMES VALLEY INTEGRATED CARE BOARD
2025-26,K84063,COWLEY ROAD MEDICAL PRACTICE,Y59,SOUTH EAST COMMISSIONING REGION,S0E4D,NHS THAMES VALLEY INTEGRATED CARE BOARD
2025-26,K84072,NUFFIELD HEALTH CENTRE,Y59,SOUTH EAST COMMISSIONING REGION,S0E4D,NHS THAMES VALLEY INTEGRATED CARE BOARD
2025-26,K84079,LONG FURLONG MEDICAL CENTRE,Y59,SOUTH EAST COMMISSIONING REGION,S0E4D,NHS THAMES VALLEY INTEGRATED CARE BOARD
2025-26,K84605,KES@NORTHGATE,Y59,SOUTH EAST COMMISSIONING REGION,S0E4D,NHS THAMES VALLEY INTEGRATED CARE BOARD
2025-26,L81016,GRAHAM ROAD SURGERY,Y58,SOUTH WEST COMMISSIONING REGION,QUY,"NHS BRISTOL, NORTH SOMERSET AND SOUTH GLOUCESTERSHIRE INTEGRATED CARE BOARD"
2025-26,L81021,WINSCOMBE SURGERY,Y58,SOUTH WEST COMMISSIONING REGION,QUY,"NHS BRISTOL, NORTH SOMERSET AND SOUTH GLOUCESTERSHIRE INTEGRATED CARE BOARD"
2025-26,L81026,THE DOWNEND HEALTH GROUP,Y58,SOUTH WEST COMMISSIONING REGION,QUY,"NHS BRISTOL, NORTH SOMERSET AND SOUTH GLOUCESTERSHIRE INTEGRATED CARE BOARD"
2025-26,K82631,MILTON KEYNES VILLAGE SURG,Y61,EAST OF ENGLAND COMMISSIONING REGION,S1Y5D,NHS CENTRAL EAST INTEGRATED CARE BOARD
2025-26,K83002,LAKESIDE HEALTHCARE,Y60,MIDLANDS COMMISSIONING REGION,QPM,NHS NORTHAMPTONSHIRE INTEGRATED CARE BOARD
2025-26,K83003,QUEENSVIEW MEDICAL CENTRE,Y60,MIDLANDS COMMISSIONING REGION,QPM,NHS NORTHAMPTONSHIRE INTEGRATED CARE BOARD
2025-26,K83007,HARBOROUGH FIELD SURGERY,Y60,MIDLANDS COMMISSIONING REGION,QPM,NHS NORTHAMPTONSHIRE INTEGRATED CARE BOARD
2025-26,K83014,LEICESTER TCE HEALTHCARE CTR,Y60,MIDLANDS COMMISSIONING REGION,QPM,NHS NORTHAMPTONSHIRE INTEGRATED CARE BOARD
2025-26,K83023,OUNDLE,Y60,MIDLANDS COMMISSIONING REGION,QPM,NHS NORTHAMPTONSHIRE INTEGRATED CARE BOARD
2025-26,K83024,RUSHDEN MEDICAL CENTRE,Y60,MIDLANDS COMMISSIONING REGION,QPM,NHS NORTHAMPTONSHIRE INTEGRATED CARE BOARD
2025-26,K83028,SPINNEY BROOK MEDICAL CENTRE,Y60,MIDLANDS COMMISSIONING REGION,QPM,NHS NORTHAMPTONSHIRE INTEGRATED CARE BOARD
2025-26,K83035,KINGSTHORPE MEDICAL CTR.,Y60,MIDLANDS COMMISSIONING REGION,QPM,NHS NORTHAMPTONSHIRE INTEGRATED CARE BOARD
2025-26,K83041,ST LUKES PRIMARY CARE CENTRE,Y60,MIDLANDS COMMISSIONING REGION,QPM,NHS NORTHAMPTONSHIRE INTEGRATED CARE BOARD
2025-26,K83053,CRICK MEDICAL PRACTICE,Y60,MIDLANDS COMMISSIONING REGION,QPM,NHS NORTHAMPTONSHIRE INTEGRATED CARE BOARD
2025-26,K83080,HIGHAM FERRERS SURGERY,Y60,MIDLANDS COMMISSIONING REGION,QPM,NHS NORTHAMPTONSHIRE INTEGRATED CARE BOARD
2025-26,K83610,DANES CAMP MEDICAL CENTRE,Y60,MIDLANDS COMMISSIONING REGION,QPM,NHS NORTHAMPTONSHIRE INTEGRATED CARE BOARD
2025-26,K83621,MAPLE ACCESS PARTNERSHIP LLP,Y60,MIDLANDS COMMISSIONING REGION,QPM,NHS NORTHAMPTONSHIRE INTEGRATED CARE BOARD
2025-26,K84004,DONNINGTON MEDICAL PARTNERSHIP,Y59,SOUTH EAST COMMISSIONING REGION,S0E4D,NHS THAMES VALLEY INTEGRATED CARE BOARD
2025-26,K84011,SUMMERTOWN HEALTH CENTRE,Y59,SOUTH EAST COMMISSIONING REGION,S0E4D,NHS THAMES VALLEY INTEGRATED CARE BOARD
2025-26,K84015,NETTLEBED SURGERY,Y59,SOUTH EAST COMMISSIONING REGION,S0E4D,NHS THAMES VALLEY INTEGRATED CARE BOARD
2025-26,K84016,BEAUMONT ELMS PRACTICE,Y59,SOUTH EAST COMMISSIONING REGION,S0E4D,NHS THAMES VALLEY INTEGRATED CARE BOARD
2025-26,K84019,NEWBURY STREET PRACTICE,Y59,SOUTH EAST COMMISSIONING REGION,S0E4D,NHS THAMES VALLEY INTEGRATED CARE BOARD
2025-26,K84021,BANBURY ROAD MEDICAL CENTRE,Y59,SOUTH EAST COMMISSIONING REGION,S0E4D,NHS THAMES VALLEY INTEGRATED CARE BOARD
2025-26,K84036,MILL STREAM SURGERY,Y59,SOUTH EAST COMMISSIONING REGION,S0E4D,NHS THAMES VALLEY INTEGRATED CARE BOARD
2025-26,K84038,MONTGOMERY HOUSE SURGERY,Y59,SOUTH EAST COMMISSIONING REGION,S0E4D,NHS THAMES VALLEY INTEGRATED CARE BOARD
2025-26,K84045,GOSFORD HILL MEDICAL CENTRE,Y59,SOUTH EAST COMMISSIONING REGION,S0E4D,NHS THAMES VALLEY INTEGRATED CARE BOARD
2025-26,K84050,THE RYCOTE PRACTICE,Y59,SOUTH EAST COMMISSIONING REGION,S0E4D,NHS THAMES VALLEY INTEGRATED CARE BOARD
2025-26,K84058,BLOXHAM SURGERY,Y59,SOUTH EAST COMMISSIONING REGION,S0E4D,NHS THAMES VALLEY INTEGRATED CARE BOARD
2025-26,K84059,HIGHTOWN SURGERY,Y59,SOUTH EAST COMMISSIONING REGION,S0E4D,NHS THAMES VALLEY INTEGRATED CARE BOARD
2025-26,K84065,SIBFORD SURGERY,Y59,SOUTH EAST COMMISSIONING REGION,S0E4D,NHS THAMES VALLEY INTEGRATED CARE BOARD
2025-26,K84066,LUTHER STREET MEDICAL PRACTICE,Y59,SOUTH EAST COMMISSIONING REGION,S0E4D,NHS THAMES VALLEY INTEGRATED CARE BOARD
2025-26,K84075,BROADSHIRES HEALTH CENTRE,Y59,SOUTH EAST COMMISSIONING REGION,S0E4D,NHS THAMES VALLEY INTEGRATED CARE BOARD
2025-26,K84080,NORTHGATE HEALTH CENTRE,Y59,SOUTH EAST COMMISSIONING REGION,S0E4D,NHS THAMES VALLEY INTEGRATED CARE BOARD
2025-26,L81015,CHARLOTTE KEEL MEDICAL PRACTICE,Y58,SOUTH WEST COMMISSIONING REGION,QUY,"NHS BRISTOL, NORTH SOMERSET AND SOUTH GLOUCESTERSHIRE INTEGRATED CARE BOARD"
2025-26,L81018,SEVERN VIEW FAMILY PRACTICE,Y58,SOUTH WEST COMMISSIONING REGION,QUY,"NHS BRISTOL, NORTH SOMERSET AND SOUTH GLOUCESTERSHIRE INTEGRATED CARE BOARD"
2025-26,L81020,WIDCOMBE SURGERY,Y58,SOUTH WEST COMMISSIONING REGION,QOX,"NHS BATH AND NORTH EAST SOMERSET, SWINDON AND WILTSHIRE INTEGRATED CARE BOARD"
2025-26,L81025,SOMER VALLEY MEDICAL GROUP,Y58,SOUTH WEST COMMISSIONING REGION,QOX,"NHS BATH AND NORTH EAST SOMERSET, SWINDON AND WILTSHIRE INTEGRATED CARE BOARD"
2025-26,L81027,BATHEASTON MEDICAL CENTRE,Y58,SOUTH WEST COMMISSIONING REGION,QOX,"NHS BATH AND NORTH EAST SOMERSET, SWINDON AND WILTSHIRE INTEGRATED CARE BOARD"
2025-26,L81031,THE ARMADA FAMILY PRACTICE,Y58,SOUTH WEST COMMISSIONING REGION,QUY,"NHS BRISTOL, NORTH SOMERSET AND SOUTH GLOUCESTERSHIRE INTEGRATED CARE BOARD"
2025-26,L81054,GRANGE ROAD SURGERY,Y58,SOUTH WEST COMMISSIONING REGION,QUY,"NHS BRISTOL, NORTH SOMERSET AND SOUTH GLOUCESTERSHIRE INTEGRATED CARE BOARD"
2025-26,L81062,FIRECLAY HEALTH,Y58,SOUTH WEST COMMISSIONING REGION,QUY,"NHS BRISTOL, NORTH SOMERSET AND SOUTH GLOUCESTERSHIRE INTEGRATED CARE BOARD"
2025-26,L81066,STAFFORD MEDICAL GROUP,Y58,SOUTH WEST COMMISSIONING REGION,QUY,"NHS BRISTOL, NORTH SOMERSET AND SOUTH GLOUCESTERSHIRE INTEGRATED CARE BOARD"
2025-26,L81069,ST. MICHAEL'S SURGERY,Y58,SOUTH WEST COMMISSIONING REGION,QOX,"NHS BATH AND NORTH EAST SOMERSET, SWINDON AND WILTSHIRE INTEGRATED CARE BOARD"
2025-26,L81075,THE OLD SCHOOL SURGERY,Y58,SOUTH WEST COMMISSIONING REGION,QUY,"NHS BRISTOL, NORTH SOMERSET AND SOUTH GLOUCESTERSHIRE INTEGRATED CARE BOARD"
2025-26,L81084,PRIORY SURGERY,Y58,SOUTH WEST COMMISSIONING REGION,QUY,"NHS BRISTOL, NORTH SOMERSET AND SOUTH GLOUCESTERSHIRE INTEGRATED CARE BOARD"
2025-26,L81086,MENDIP VALE MEDICAL PRACTICE,Y58,SOUTH WEST COMMISSIONING REGION,QUY,"NHS BRISTOL, NORTH SOMERSET AND SOUTH GLOUCESTERSHIRE INTEGRATED CARE BOARD"
2025-26,L81087,BEECHWOOD MEDICAL PRACTICE,Y58,SOUTH WEST COMMISSIONING REGION,QUY,"NHS BRISTOL, NORTH SOMERSET AND SOUTH GLOUCESTERSHIRE INTEGRATED CARE BOARD"
2025-26,L81030,HARPTREE SURGERY,Y58,SOUTH WEST COMMISSIONING REGION,QOX,"NHS BATH AND NORTH EAST SOMERSET, SWINDON AND WILTSHIRE INTEGRATED CARE BOARD"
2025-26,L81034,TYNTESFIELD MEDICAL GROUP,Y58,SOUTH WEST COMMISSIONING REGION,QUY,"NHS BRISTOL, NORTH SOMERSET AND SOUTH GLOUCESTERSHIRE INTEGRATED CARE BOARD"
2025-26,L81037,PIONEER MEDICAL GROUP,Y58,SOUTH WEST COMMISSIONING REGION,QUY,"NHS BRISTOL, NORTH SOMERSET AND SOUTH GLOUCESTERSHIRE INTEGRATED CARE BOARD"
2025-26,L81039,HEART OF BATH,Y58,SOUTH WEST COMMISSIONING REGION,QOX,"NHS BATH AND NORTH EAST SOMERSET, SWINDON AND WILTSHIRE INTEGRATED CARE BOARD"
2025-26,L81041,HILLVIEW FAMILY PRACTICE,Y58,SOUTH WEST COMMISSIONING REGION,QUY,"NHS BRISTOL, NORTH SOMERSET AND SOUTH GLOUCESTERSHIRE INTEGRATED CARE BOARD"
2025-26,L81044,TUDOR LODGE SURGERY,Y58,SOUTH WEST COMMISSIONING REGION,QUY,"NHS BRISTOL, NORTH SOMERSET AND SOUTH GLOUCESTERSHIRE INTEGRATED CARE BOARD"
2025-26,L81050,CLOSE FARM SURGERY,Y58,SOUTH WEST COMMISSIONING REGION,QUY,"NHS BRISTOL, NORTH SOMERSET AND SOUTH GLOUCESTERSHIRE INTEGRATED CARE BOARD"
2025-26,L81051,168 MEDICAL GROUP,Y58,SOUTH WEST COMMISSIONING REGION,QUY,"NHS BRISTOL, NORTH SOMERSET AND SOUTH GLOUCESTERSHIRE INTEGRATED CARE BOARD"
2025-26,L81065,COMBE DOWN SURGERY,Y58,SOUTH WEST COMMISSIONING REGION,QOX,"NHS BATH AND NORTH EAST SOMERSET, SWINDON AND WILTSHIRE INTEGRATED CARE BOARD"
2025-26,L81068,THE PULTENEY PRACTICE,Y58,SOUTH WEST COMMISSIONING REGION,QOX,"NHS BATH AND NORTH EAST SOMERSET, SWINDON AND WILTSHIRE INTEGRATED CARE BOARD"
2025-26,L81071,FAIRFIELD PARK HEALTH CENTRE,Y58,SOUTH WEST COMMISSIONING REGION,QOX,"NHS BATH AND NORTH EAST SOMERSET, SWINDON AND WILTSHIRE INTEGRATED CARE BOARD"
2025-26,L81083,HARTWOOD HEALTHCARE,Y58,SOUTH WEST COMMISSIONING REGION,QUY,"NHS BRISTOL, NORTH SOMERSET AND SOUTH GLOUCESTERSHIRE INTEGRATED CARE BOARD"
2025-26,L81103,ST MARY STREET SURGERY,Y58,SOUTH WEST COMMISSIONING REGION,QUY,"NHS BRISTOL, NORTH SOMERSET AND SOUTH GLOUCESTERSHIRE INTEGRATED CARE BOARD"
2025-26,L81106,STREAMSIDE SURGERY,Y58,SOUTH WEST COMMISSIONING REGION,QUY,"NHS BRISTOL, NORTH SOMERSET AND SOUTH GLOUCESTERSHIRE INTEGRATED CARE BOARD"
2025-26,L81123,HILLCREST SURGERY,Y58,SOUTH WEST COMMISSIONING REGION,QOX,"NHS BATH AND NORTH EAST SOMERSET, SWINDON AND WILTSHIRE INTEGRATED CARE BOARD"
2025-26,L81125,WELLS ROAD SURGERY,Y58,SOUTH WEST COMMISSIONING REGION,QUY,"NHS BRISTOL, NORTH SOMERSET AND SOUTH GLOUCESTERSHIRE INTEGRATED CARE BOARD"
2025-26,L81642,WELLINGTON ROAD SURGERY,Y58,SOUTH WEST COMMISSIONING REGION,QUY,"NHS BRISTOL, NORTH SOMERSET AND SOUTH GLOUCESTERSHIRE INTEGRATED CARE BOARD"
2025-26,L81643,THE CEDARS SURGERY,Y58,SOUTH WEST COMMISSIONING REGION,QUY,"NHS BRISTOL, NORTH SOMERSET AND SOUTH GLOUCESTERSHIRE INTEGRATED CARE BOARD"
2025-26,L82011,BRANNEL SURGERY,Y58,SOUTH WEST COMMISSIONING REGION,QT6,NHS CORNWALL AND THE ISLES OF SCILLY INTEGRATED CARE BOARD
2025-26,L82025,MEVAGISSEY SURGERY,Y58,SOUTH WEST COMMISSIONING REGION,QT6,NHS CORNWALL AND THE ISLES OF SCILLY INTEGRATED CARE BOARD
2025-26,L82039,LOSTWITHIEL SURGERY,Y58,SOUTH WEST COMMISSIONING REGION,QT6,NHS CORNWALL AND THE ISLES OF SCILLY INTEGRATED CARE BOARD
2025-26,L82045,PROBUS SURGERY,Y58,SOUTH WEST COMMISSIONING REGION,QT6,NHS CORNWALL AND THE ISLES OF SCILLY INTEGRATED CARE BOARD
2025-26,L82046,SALTASH HEALTH CENTRE,Y58,SOUTH WEST COMMISSIONING REGION,QT6,NHS CORNWALL AND THE ISLES OF SCILLY INTEGRATED CARE BOARD
2025-26,L82047,MARAZION SURGERY,Y58,SOUTH WEST COMMISSIONING REGION,QT6,NHS CORNWALL AND THE ISLES OF SCILLY INTEGRATED CARE BOARD
2025-26,L82052,TRESCOBEAS SURGERY,Y58,SOUTH WEST COMMISSIONING REGION,QT6,NHS CORNWALL AND THE ISLES OF SCILLY INTEGRATED CARE BOARD
2025-26,L82054,ST. AGNES SURGERY,Y58,SOUTH WEST COMMISSIONING REGION,QT6,NHS CORNWALL AND THE ISLES OF SCILLY INTEGRATED CARE BOARD
2025-26,L81085,HEYWOOD FAMILY PRACTICE,Y58,SOUTH WEST COMMISSIONING REGION,QUY,"NHS BRISTOL, NORTH SOMERSET AND SOUTH GLOUCESTERSHIRE INTEGRATED CARE BOARD"
2025-26,L81089,LAWRENCE HILL HEALTH CENTRE,Y58,SOUTH WEST COMMISSIONING REGION,QUY,"NHS BRISTOL, NORTH SOMERSET AND SOUTH GLOUCESTERSHIRE INTEGRATED CARE BOARD"
2025-26,L81090,THE FAMILY PRACTICE,Y58,SOUTH WEST COMMISSIONING REGION,QUY,"NHS BRISTOL, NORTH SOMERSET AND SOUTH GLOUCESTERSHIRE INTEGRATED CARE BOARD"
2025-26,L81091,WHITELADIES MEDICAL GROUP,Y58,SOUTH WEST COMMISSIONING REGION,QUY,"NHS BRISTOL, NORTH SOMERSET AND SOUTH GLOUCESTERSHIRE INTEGRATED CARE BOARD"
2025-26,L81120,BIRCHWOOD MEDICAL PRACTICE,Y58,SOUTH WEST COMMISSIONING REGION,QUY,"NHS BRISTOL, NORTH SOMERSET AND SOUTH GLOUCESTERSHIRE INTEGRATED CARE BOARD"
2025-26,L81130,CADBURY HEATH HEALTHCARE,Y58,SOUTH WEST COMMISSIONING REGION,QUY,"NHS BRISTOL, NORTH SOMERSET AND SOUTH GLOUCESTERSHIRE INTEGRATED CARE BOARD"
2025-26,L81132,WESTFIELD SURGERY,Y58,SOUTH WEST COMMISSIONING REGION,QOX,"NHS BATH AND NORTH EAST SOMERSET, SWINDON AND WILTSHIRE INTEGRATED CARE BOARD"
2025-26,L81600,HARBOURSIDE FAMILY PRACTICE,Y58,SOUTH WEST COMMISSIONING REGION,QUY,"NHS BRISTOL, NORTH SOMERSET AND SOUTH GLOUCESTERSHIRE INTEGRATED CARE BOARD"
2025-26,L81617,UNIVERSITY MEDICAL CENTRE,Y58,SOUTH WEST COMMISSIONING REGION,QOX,"NHS BATH AND NORTH EAST SOMERSET, SWINDON AND WILTSHIRE INTEGRATED CARE BOARD"
2025-26,L81669,MVMG - MONKS PARK,Y58,SOUTH WEST COMMISSIONING REGION,QUY,"NHS BRISTOL, NORTH SOMERSET AND SOUTH GLOUCESTERSHIRE INTEGRATED CARE BOARD"
2025-26,L82007,CAMELFORD MEDICAL CENTRE,Y58,SOUTH WEST COMMISSIONING REGION,QT6,NHS CORNWALL AND THE ISLES OF SCILLY INTEGRATED CARE BOARD
2025-26,L82012,TAMAR VALLEY HEALTH,Y58,SOUTH WEST COMMISSIONING REGION,QT6,NHS CORNWALL AND THE ISLES OF SCILLY INTEGRATED CARE BOARD
2025-26,L82018,HELSTON MEDICAL CENTRE,Y58,SOUTH WEST COMMISSIONING REGION,QT6,NHS CORNWALL AND THE ISLES OF SCILLY INTEGRATED CARE BOARD
2025-26,L82022,OLD BRIDGE SURGERY,Y58,SOUTH WEST COMMISSIONING REGION,QT6,NHS CORNWALL AND THE ISLES OF SCILLY INTEGRATED CARE BOARD
2025-26,L82035,FOWEY RIVER PRACTICE,Y58,SOUTH WEST COMMISSIONING REGION,QT6,NHS CORNWALL AND THE ISLES OF SCILLY INTEGRATED CARE BOARD
2025-26,L82036,BODRIGGY HEALTH CENTRE,Y58,SOUTH WEST COMMISSIONING REGION,QT6,NHS CORNWALL AND THE ISLES OF SCILLY INTEGRATED CARE BOARD
2025-26,L82041,CARN TO COAST HEALTH CENTRES,Y58,SOUTH WEST COMMISSIONING REGION,QT6,NHS CORNWALL AND THE ISLES OF SCILLY INTEGRATED CARE BOARD
2025-26,L82042,LEATSIDE HEALTH CENTRE,Y58,SOUTH WEST COMMISSIONING REGION,QT6,NHS CORNWALL AND THE ISLES OF SCILLY INTEGRATED CARE BOARD
2025-26,L82043,QUAY LANE SURGERY,Y58,SOUTH WEST COMMISSIONING REGION,QT6,NHS CORNWALL AND THE ISLES OF SCILLY INTEGRATED CARE BOARD
2025-26,L82044,VEOR SURGERY,Y58,SOUTH WEST COMMISSIONING REGION,QT6,NHS CORNWALL AND THE ISLES OF SCILLY INTEGRATED CARE BOARD
2025-26,L82049,FALMOUTH HEALTH CENTRE,Y58,SOUTH WEST COMMISSIONING REGION,QT6,NHS CORNWALL AND THE ISLES OF SCILLY INTEGRATED CARE BOARD
2025-26,L82050,ROSEDEAN SURGERY,Y58,SOUTH WEST COMMISSIONING REGION,QT6,NHS CORNWALL AND THE ISLES OF SCILLY INTEGRATED CARE BOARD
2025-26,L82051,CLAYS PRACTICE,Y58,SOUTH WEST COMMISSIONING REGION,QT6,NHS CORNWALL AND THE ISLES OF SCILLY INTEGRATED CARE BOARD
2025-26,L82056,THE MULLION & CONSTANTINE GROUP PRACTICE,Y58,SOUTH WEST COMMISSIONING REGION,QT6,NHS CORNWALL AND THE ISLES OF SCILLY INTEGRATED CARE BOARD
2025-26,L82059,COBER VALLEY HEALTH,Y58,SOUTH WEST COMMISSIONING REGION,QT6,NHS CORNWALL AND THE ISLES OF SCILLY INTEGRATED CARE BOARD
2025-26,L82061,CARNON DOWNS SURGERY,Y58,SOUTH WEST COMMISSIONING REGION,QT6,NHS CORNWALL AND THE ISLES OF SCILLY INTEGRATED CARE BOARD
2025-26,L82066,PORT VIEW SURGERY,Y58,SOUTH WEST COMMISSIONING REGION,QT6,NHS CORNWALL AND THE ISLES OF SCILLY INTEGRATED CARE BOARD
2025-26,L82070,SUNNYSIDE SURGERY,Y58,SOUTH WEST COMMISSIONING REGION,QT6,NHS CORNWALL AND THE ISLES OF SCILLY INTEGRATED CARE BOARD
2025-26,L83010,ASHBURTON SURGERY,Y58,SOUTH WEST COMMISSIONING REGION,QJK,NHS DEVON INTEGRATED CARE BOARD
2025-26,L83011,BUDLEIGH SALTERTON MEDICAL PRACTICE,Y58,SOUTH WEST COMMISSIONING REGION,QJK,NHS DEVON INTEGRATED CARE BOARD
2025-26,L83013,BRUNEL MEDICAL PRACTICE,Y58,SOUTH WEST COMMISSIONING REGION,QJK,NHS DEVON INTEGRATED CARE BOARD
2025-26,L83027,CROFT HALL MEDICAL PRACTICE,Y58,SOUTH WEST COMMISSIONING REGION,QJK,NHS DEVON INTEGRATED CARE BOARD
2025-26,L83029,SOUTHOVER MEDICAL PRACTICE,Y58,SOUTH WEST COMMISSIONING REGION,QJK,NHS DEVON INTEGRATED CARE BOARD
2025-26,L83035,LITCHDON MEDICAL CENTRE,Y58,SOUTH WEST COMMISSIONING REGION,QJK,NHS DEVON INTEGRATED CARE BOARD
2025-26,L83041,WESTBANK PRACTICE,Y58,SOUTH WEST COMMISSIONING REGION,QJK,NHS DEVON INTEGRATED CARE BOARD
2025-26,L83050,NORTHAM SURGERY,Y58,SOUTH WEST COMMISSIONING REGION,QJK,NHS DEVON INTEGRATED CARE BOARD
2025-26,L83054,TOWNSEND HOUSE MEDICAL CENTRE,Y58,SOUTH WEST COMMISSIONING REGION,QJK,NHS DEVON INTEGRATED CARE BOARD
2025-26,L83059,NORTON BROOK MEDICAL CENTRE,Y58,SOUTH WEST COMMISSIONING REGION,QJK,NHS DEVON INTEGRATED CARE BOARD
2025-26,L83066,MOUNT PLEASANT HEALTH CENTRE,Y58,SOUTH WEST COMMISSIONING REGION,QJK,NHS DEVON INTEGRATED CARE BOARD
2025-26,L83072,FRIARY HOUSE SURGERY,Y58,SOUTH WEST COMMISSIONING REGION,QJK,NHS DEVON INTEGRATED CARE BOARD
2025-26,L83073,BRANNAM MEDICAL CENTRE,Y58,SOUTH WEST COMMISSIONING REGION,QJK,NHS DEVON INTEGRATED CARE BOARD
2025-26,L83084,SOUTH LAWN MEDICAL PRACTICE,Y58,SOUTH WEST COMMISSIONING REGION,QJK,NHS DEVON INTEGRATED CARE BOARD
2025-26,L83088,REDFERN HEALTH CENTRE,Y58,SOUTH WEST COMMISSIONING REGION,QJK,NHS DEVON INTEGRATED CARE BOARD
2025-26,L83092,COLLEGE SURGERY PARTNERSHIP,Y58,SOUTH WEST COMMISSIONING REGION,QJK,NHS DEVON INTEGRATED CARE BOARD
2025-26,L83098,CHERITON BISHOP SURGERY,Y58,SOUTH WEST COMMISSIONING REGION,QJK,NHS DEVON INTEGRATED CARE BOARD
2025-26,L83099,ISCA MEDICAL PRACTICE,Y58,SOUTH WEST COMMISSIONING REGION,QJK,NHS DEVON INTEGRATED CARE BOARD
2025-26,L83100,BEACON MEDICAL GROUP,Y58,SOUTH WEST COMMISSIONING REGION,QJK,NHS DEVON INTEGRATED CARE BOARD
2025-26,L83102,YELVERTON SURGERY,Y58,SOUTH WEST COMMISSIONING REGION,QJK,NHS DEVON INTEGRATED CARE BOARD
2025-26,L83103,CORNER PLACE SURGERY,Y58,SOUTH WEST COMMISSIONING REGION,QJK,NHS DEVON INTEGRATED CARE BOARD
2025-26,L83112,WEST HOE SURGERY,Y58,SOUTH WEST COMMISSIONING REGION,QJK,NHS DEVON INTEGRATED CARE BOARD
2025-26,L83113,BUDSHEAD MEDICAL PRACTICE,Y58,SOUTH WEST COMMISSIONING REGION,QJK,NHS DEVON INTEGRATED CARE BOARD
2025-26,L83115,WHIPTON SURGERY,Y58,SOUTH WEST COMMISSIONING REGION,QJK,NHS DEVON INTEGRATED CARE BOARD
2025-26,L83127,REDLANDS PRIMARY CARE,Y58,SOUTH WEST COMMISSIONING REGION,QJK,NHS DEVON INTEGRATED CARE BOARD
2025-26,L83129,HARTLAND SURGERY,Y58,SOUTH WEST COMMISSIONING REGION,QJK,NHS DEVON INTEGRATED CARE BOARD
2025-26,L83134,WYNDHAM HOUSE SURGERY,Y58,SOUTH WEST COMMISSIONING REGION,QJK,NHS DEVON INTEGRATED CARE BOARD
2025-26,L83607,OLD FARM SURGERY,Y58,SOUTH WEST COMMISSIONING REGION,QJK,NHS DEVON INTEGRATED CARE BOARD
2025-26,L83628,IMPERIAL SURGERY,Y58,SOUTH WEST COMMISSIONING REGION,QJK,NHS DEVON INTEGRATED CARE BOARD
2025-26,L83646,ST. LEVAN SURGERY,Y58,SOUTH WEST COMMISSIONING REGION,QJK,NHS DEVON INTEGRATED CARE BOARD
2025-26,L84009,HADWEN HEALTH,Y58,SOUTH WEST COMMISSIONING REGION,QR1,NHS GLOUCESTERSHIRE INTEGRATED CARE BOARD
2025-26,L84010,UPPER THAMES MEDICAL GROUP,Y58,SOUTH WEST COMMISSIONING REGION,QR1,NHS GLOUCESTERSHIRE INTEGRATED CARE BOARD
2025-26,L84016,FRITHWOOD SURGERY,Y58,SOUTH WEST COMMISSIONING REGION,QR1,NHS GLOUCESTERSHIRE INTEGRATED CARE BOARD
2025-26,L84018,CIRENCESTER HEALTH GROUP,Y58,SOUTH WEST COMMISSIONING REGION,QR1,NHS GLOUCESTERSHIRE INTEGRATED CARE BOARD
2025-26,L84025,HOYLAND HOUSE,Y58,SOUTH WEST COMMISSIONING REGION,QR1,NHS GLOUCESTERSHIRE INTEGRATED CARE BOARD
2025-26,L84028,FOREST HEALTH CARE,Y58,SOUTH WEST COMMISSIONING REGION,QR1,NHS GLOUCESTERSHIRE INTEGRATED CARE BOARD
2025-26,L84037,THE HOLTS HEALTH CENTRE,Y58,SOUTH WEST COMMISSIONING REGION,QR1,NHS GLOUCESTERSHIRE INTEGRATED CARE BOARD
2025-26,L84043,CHIPPING CAMPDEN SURGERY,Y58,SOUTH WEST COMMISSIONING REGION,QR1,NHS GLOUCESTERSHIRE INTEGRATED CARE BOARD
2025-26,L84045,MITCHELDEAN SURGERY,Y58,SOUTH WEST COMMISSIONING REGION,QR1,NHS GLOUCESTERSHIRE INTEGRATED CARE BOARD
2025-26,L84047,CHURCHDOWN SURGERY,Y58,SOUTH WEST COMMISSIONING REGION,QR1,NHS GLOUCESTERSHIRE INTEGRATED CARE BOARD
2025-26,L84068,MANN COTTAGE SURGERY,Y58,SOUTH WEST COMMISSIONING REGION,QR1,NHS GLOUCESTERSHIRE INTEGRATED CARE BOARD
2025-26,L84617,QUEDGELEY MEDICAL CENTRE,Y58,SOUTH WEST COMMISSIONING REGION,QR1,NHS GLOUCESTERSHIRE INTEGRATED CARE BOARD
2025-26,L85002,WELLS HEALTH CENTRE,Y58,SOUTH WEST COMMISSIONING REGION,QSL,NHS SOMERSET INTEGRATED CARE BOARD
2025-26,L85009,WEST SOMERSET HEALTHCARE,Y58,SOUTH WEST COMMISSIONING REGION,QSL,NHS SOMERSET INTEGRATED CARE BOARD
2025-26,L85023,ST JAMES MEDICAL CENTRE,Y58,SOUTH WEST COMMISSIONING REGION,QSL,NHS SOMERSET INTEGRATED CARE BOARD
2025-26,L85031,MILBORNE PORT SURGERY,Y58,SOUTH WEST COMMISSIONING REGION,QSL,NHS SOMERSET INTEGRATED CARE BOARD
2025-26,L85032,BRUTON SURGERY,Y58,SOUTH WEST COMMISSIONING REGION,QSL,NHS SOMERSET INTEGRATED CARE BOARD
2025-26,L85043,PARK MEDICAL PRACTICE,Y58,SOUTH WEST COMMISSIONING REGION,QSL,NHS SOMERSET INTEGRATED CARE BOARD
2025-26,L85044,QUEEN CAMEL MEDICAL CENTRE,Y58,SOUTH WEST COMMISSIONING REGION,QSL,NHS SOMERSET INTEGRATED CARE BOARD
2025-26,L85054,SUMMERVALE SURGERY,Y58,SOUTH WEST COMMISSIONING REGION,QSL,NHS SOMERSET INTEGRATED CARE BOARD
2025-26,L85056,NORTH PETHERTON SURGERY,Y58,SOUTH WEST COMMISSIONING REGION,QSL,NHS SOMERSET INTEGRATED CARE BOARD
2025-26,L85601,BRENT AREA MEDICAL CENTRE,Y58,SOUTH WEST COMMISSIONING REGION,QSL,NHS SOMERSET INTEGRATED CARE BOARD
2025-26,L85609,CREECH,Y58,SOUTH WEST COMMISSIONING REGION,QSL,NHS SOMERSET INTEGRATED CARE BOARD
2025-26,M81006,SEVERN VALLEY MEDICAL PRACTICE,Y60,MIDLANDS COMMISSIONING REGION,QGH,NHS HEREFORDSHIRE AND WORCESTERSHIRE INTEGRATED CARE BOARD
2025-26,M81009,GOLDEN VALLEY PRACTICE,Y60,MIDLANDS COMMISSIONING REGION,QGH,NHS HEREFORDSHIRE AND WORCESTERSHIRE INTEGRATED CARE BOARD
2025-26,M81020,THE DOW SURGERY,Y60,MIDLANDS COMMISSIONING REGION,QGH,NHS HEREFORDSHIRE AND WORCESTERSHIRE INTEGRATED CARE BOARD
2025-26,M81021,NEW ROAD SURGERY BROMSGROVE,Y60,MIDLANDS COMMISSIONING REGION,QGH,NHS HEREFORDSHIRE AND WORCESTERSHIRE INTEGRATED CARE BOARD
2025-26,M81025,NEW ROAD SURGERY,Y60,MIDLANDS COMMISSIONING REGION,QGH,NHS HEREFORDSHIRE AND WORCESTERSHIRE INTEGRATED CARE BOARD
2025-26,M81032,CANTILUPE SURGERY,Y60,MIDLANDS COMMISSIONING REGION,QGH,NHS HEREFORDSHIRE AND WORCESTERSHIRE INTEGRATED CARE BOARD
2025-26,M81034,SALTERS MEDICAL PRACTICE,Y60,MIDLANDS COMMISSIONING REGION,QGH,NHS HEREFORDSHIRE AND WORCESTERSHIRE INTEGRATED CARE BOARD
2025-26,M81040,STOURPORT MEDICAL CENTRE,Y60,MIDLANDS COMMISSIONING REGION,QGH,NHS HEREFORDSHIRE AND WORCESTERSHIRE INTEGRATED CARE BOARD
2025-26,M81047,SPA MEDICAL PRACTICE,Y60,MIDLANDS COMMISSIONING REGION,QGH,NHS HEREFORDSHIRE AND WORCESTERSHIRE INTEGRATED CARE BOARD
2025-26,M81054,KINGTON MEDICAL PRACTICE,Y60,MIDLANDS COMMISSIONING REGION,QGH,NHS HEREFORDSHIRE AND WORCESTERSHIRE INTEGRATED CARE BOARD
2025-26,M81055,CORNHILL SURGERY,Y60,MIDLANDS COMMISSIONING REGION,QGH,NHS HEREFORDSHIRE AND WORCESTERSHIRE INTEGRATED CARE BOARD
2025-26,M81063,ST JOHNS HOUSE SURGERY,Y60,MIDLANDS COMMISSIONING REGION,QGH,NHS HEREFORDSHIRE AND WORCESTERSHIRE INTEGRATED CARE BOARD
2025-26,M81064,HOLLYWOOD MEDICAL CENTRE,Y60,MIDLANDS COMMISSIONING REGION,QGH,NHS HEREFORDSHIRE AND WORCESTERSHIRE INTEGRATED CARE BOARD
2025-26,M81066,WARGRAVE HOUSE SURGERY,Y60,MIDLANDS COMMISSIONING REGION,QGH,NHS HEREFORDSHIRE AND WORCESTERSHIRE INTEGRATED CARE BOARD
2025-26,L82620,HARRIS MEMORIAL SURGERY,Y58,SOUTH WEST COMMISSIONING REGION,QT6,NHS CORNWALL AND THE ISLES OF SCILLY INTEGRATED CARE BOARD
2025-26,L82622,WESTOVER SURGERY,Y58,SOUTH WEST COMMISSIONING REGION,QT6,NHS CORNWALL AND THE ISLES OF SCILLY INTEGRATED CARE BOARD
2025-26,L83002,HONITON SURGERY,Y58,SOUTH WEST COMMISSIONING REGION,QJK,NHS DEVON INTEGRATED CARE BOARD
2025-26,L83005,BARTON SURGERY,Y58,SOUTH WEST COMMISSIONING REGION,QJK,NHS DEVON INTEGRATED CARE BOARD
2025-26,L83015,OAKSIDE SURGERY,Y58,SOUTH WEST COMMISSIONING REGION,QJK,NHS DEVON INTEGRATED CARE BOARD
2025-26,L83019,ELM SURGERY,Y58,SOUTH WEST COMMISSIONING REGION,QJK,NHS DEVON INTEGRATED CARE BOARD
2025-26,L83021,DEAN CROSS SURGERY,Y58,SOUTH WEST COMMISSIONING REGION,QJK,NHS DEVON INTEGRATED CARE BOARD
2025-26,L83034,ALBANY SURGERY,Y58,SOUTH WEST COMMISSIONING REGION,QJK,NHS DEVON INTEGRATED CARE BOARD
2025-26,L83036,TOPSHAM SURGERY,Y58,SOUTH WEST COMMISSIONING REGION,QJK,NHS DEVON INTEGRATED CARE BOARD
2025-26,L83042,ST LEONARDS PRACTICE,Y58,SOUTH WEST COMMISSIONING REGION,QJK,NHS DEVON INTEGRATED CARE BOARD
2025-26,L83048,ROBOROUGH SURGERY,Y58,SOUTH WEST COMMISSIONING REGION,QJK,NHS DEVON INTEGRATED CARE BOARD
2025-26,L83056,ROLLE MEDICAL PARTNERSHIP,Y58,SOUTH WEST COMMISSIONING REGION,QJK,NHS DEVON INTEGRATED CARE BOARD
2025-26,L83057,FREMINGTON MEDICAL CENTRE,Y58,SOUTH WEST COMMISSIONING REGION,QJK,NHS DEVON INTEGRATED CARE BOARD
2025-26,L83058,SOUTHERNHAY HOUSE SURGERY,Y58,SOUTH WEST COMMISSIONING REGION,QJK,NHS DEVON INTEGRATED CARE BOARD
2025-26,L83071,STOKE SURGERY,Y58,SOUTH WEST COMMISSIONING REGION,QJK,NHS DEVON INTEGRATED CARE BOARD
2025-26,L83081,YEALM MEDICAL CENTRE,Y58,SOUTH WEST COMMISSIONING REGION,QJK,NHS DEVON INTEGRATED CARE BOARD
2025-26,L83082,CHAGFORD HEALTH CENTRE,Y58,SOUTH WEST COMMISSIONING REGION,QJK,NHS DEVON INTEGRATED CARE BOARD
2025-26,L83087,OKEHAMPTON MEDICAL CENTRE,Y58,SOUTH WEST COMMISSIONING REGION,QJK,NHS DEVON INTEGRATED CARE BOARD
2025-26,L83095,COLERIDGE MEDICAL CENTRE,Y58,SOUTH WEST COMMISSIONING REGION,QJK,NHS DEVON INTEGRATED CARE BOARD
2025-26,L83097,CAEN MEDICAL CENTRE,Y58,SOUTH WEST COMMISSIONING REGION,QJK,NHS DEVON INTEGRATED CARE BOARD
2025-26,L83106,WOODA SURGERY,Y58,SOUTH WEST COMMISSIONING REGION,QJK,NHS DEVON INTEGRATED CARE BOARD
2025-26,L83118,CHELSTON HALL SURGERY,Y58,SOUTH WEST COMMISSIONING REGION,QJK,NHS DEVON INTEGRATED CARE BOARD
2025-26,L83128,BRAMBLEHAIES SURGERY,Y58,SOUTH WEST COMMISSIONING REGION,QJK,NHS DEVON INTEGRATED CARE BOARD
2025-26,L83146,CATHERINE HOUSE SURGERY,Y58,SOUTH WEST COMMISSIONING REGION,QJK,NHS DEVON INTEGRATED CARE BOARD
2025-26,L83624,DEVONPORT HEALTH CENTRE,Y58,SOUTH WEST COMMISSIONING REGION,QJK,NHS DEVON INTEGRATED CARE BOARD
2025-26,L83648,PEVERELL PARK SURGERY,Y58,SOUTH WEST COMMISSIONING REGION,QJK,NHS DEVON INTEGRATED CARE BOARD
2025-26,L84004,WINCHCOMBE MEDICAL CENTRE,Y58,SOUTH WEST COMMISSIONING REGION,QR1,NHS GLOUCESTERSHIRE INTEGRATED CARE BOARD
2025-26,L84011,LYDNEY PRACTICE,Y58,SOUTH WEST COMMISSIONING REGION,QR1,NHS GLOUCESTERSHIRE INTEGRATED CARE BOARD
2025-26,L84021,YORKLEY HEALTH CENTRE(WG),Y58,SOUTH WEST COMMISSIONING REGION,QR1,NHS GLOUCESTERSHIRE INTEGRATED CARE BOARD
2025-26,L84022,YORKLEIGH SURGERY(CT),Y58,SOUTH WEST COMMISSIONING REGION,QR1,NHS GLOUCESTERSHIRE INTEGRATED CARE BOARD
2025-26,L84052,SEVERNSIDE MEDICAL PRACTICE,Y58,SOUTH WEST COMMISSIONING REGION,QR1,NHS GLOUCESTERSHIRE INTEGRATED CARE BOARD
2025-26,L84060,CAM & ULEY FAMILY PRACTICE,Y58,SOUTH WEST COMMISSIONING REGION,QR1,NHS GLOUCESTERSHIRE INTEGRATED CARE BOARD
2025-26,L84063,RENDCOMB SURGERY,Y58,SOUTH WEST COMMISSIONING REGION,QR1,NHS GLOUCESTERSHIRE INTEGRATED CARE BOARD
2025-26,L84065,PRICES MILL SURGERY,Y58,SOUTH WEST COMMISSIONING REGION,QR1,NHS GLOUCESTERSHIRE INTEGRATED CARE BOARD
2025-26,L85007,"CHURCH STREET SURGERY, MARTOCK",Y58,SOUTH WEST COMMISSIONING REGION,QSL,NHS SOMERSET INTEGRATED CARE BOARD
2025-26,L85008,FROME MEDICAL CENTRE,Y58,SOUTH WEST COMMISSIONING REGION,QSL,NHS SOMERSET INTEGRATED CARE BOARD
2025-26,L85022,DIAMOND HEALTH GROUP,Y58,SOUTH WEST COMMISSIONING REGION,QSL,NHS SOMERSET INTEGRATED CARE BOARD
2025-26,L85026,"HAMDON MEDICAL CENTRE, STOKE-SUB-HAMDON",Y58,SOUTH WEST COMMISSIONING REGION,QSL,NHS SOMERSET INTEGRATED CARE BOARD
2025-26,L85037,NORTH CURRY,Y58,SOUTH WEST COMMISSIONING REGION,QSL,NHS SOMERSET INTEGRATED CARE BOARD
2025-26,L85039,GLASTONBURY SURGERY,Y58,SOUTH WEST COMMISSIONING REGION,QSL,NHS SOMERSET INTEGRATED CARE BOARD
2025-26,L85046,MENDIP COUNTRY PRACTICE,Y58,SOUTH WEST COMMISSIONING REGION,QSL,NHS SOMERSET INTEGRATED CARE BOARD
2025-26,L85061,THE MEADOWS SURGERY,Y58,SOUTH WEST COMMISSIONING REGION,QSL,NHS SOMERSET INTEGRATED CARE BOARD
2025-26,L85062,LYNGFORD PARK,Y58,SOUTH WEST COMMISSIONING REGION,QSL,NHS SOMERSET INTEGRATED CARE BOARD
2025-26,L85066,BUTTERCROSS HEALTH CENTRE,Y58,SOUTH WEST COMMISSIONING REGION,QSL,NHS SOMERSET INTEGRATED CARE BOARD
2025-26,L85607,SOMERSET BRIDGE MEDICAL CENTRE,Y58,SOUTH WEST COMMISSIONING REGION,QSL,NHS SOMERSET INTEGRATED CARE BOARD
2025-26,L85624,CHURCH VIEW MEDICAL CENTRE,Y58,SOUTH WEST COMMISSIONING REGION,QSL,NHS SOMERSET INTEGRATED CARE BOARD
2025-26,M81005,NORTHUMBERLAND HOUSE SURGERY,Y60,MIDLANDS COMMISSIONING REGION,QGH,NHS HEREFORDSHIRE AND WORCESTERSHIRE INTEGRATED CARE BOARD
2025-26,M81011,OMBERSLEY MEDICAL CENTRE,Y60,MIDLANDS COMMISSIONING REGION,QGH,NHS HEREFORDSHIRE AND WORCESTERSHIRE INTEGRATED CARE BOARD
2025-26,M81012,LEDBURY HEALTH PARTNERSHIP,Y60,MIDLANDS COMMISSIONING REGION,QGH,NHS HEREFORDSHIRE AND WORCESTERSHIRE INTEGRATED CARE BOARD
2025-26,M81015,STANMORE HOUSE SURGERY,Y60,MIDLANDS COMMISSIONING REGION,QGH,NHS HEREFORDSHIRE AND WORCESTERSHIRE INTEGRATED CARE BOARD
2025-26,M81019,WINYATES HEALTH CENTRE,Y60,MIDLANDS COMMISSIONING REGION,QGH,NHS HEREFORDSHIRE AND WORCESTERSHIRE INTEGRATED CARE BOARD
2025-26,M81033,GREAT WITLEY SURGERY,Y60,MIDLANDS COMMISSIONING REGION,QGH,NHS HEREFORDSHIRE AND WORCESTERSHIRE INTEGRATED CARE BOARD
2025-26,M81070,CHURCHFIELDS SURGERY,Y60,MIDLANDS COMMISSIONING REGION,QGH,NHS HEREFORDSHIRE AND WORCESTERSHIRE INTEGRATED CARE BOARD
2025-26,M81078,BARNT GREEN SURGERY,Y60,MIDLANDS COMMISSIONING REGION,QGH,NHS HEREFORDSHIRE AND WORCESTERSHIRE INTEGRATED CARE BOARD
2025-26,M81083,HOLLYOAKS MEDICAL CENTRE,Y60,MIDLANDS COMMISSIONING REGION,QGH,NHS HEREFORDSHIRE AND WORCESTERSHIRE INTEGRATED CARE BOARD
2025-26,M81090,CHADDESLEY SURGERY,Y60,MIDLANDS COMMISSIONING REGION,QGH,NHS HEREFORDSHIRE AND WORCESTERSHIRE INTEGRATED CARE BOARD
2025-26,M81092,THE BRIDGE SURGERY,Y60,MIDLANDS COMMISSIONING REGION,QGH,NHS HEREFORDSHIRE AND WORCESTERSHIRE INTEGRATED CARE BOARD
2025-26,M81600,CRADLEY SURGERY,Y60,MIDLANDS COMMISSIONING REGION,QGH,NHS HEREFORDSHIRE AND WORCESTERSHIRE INTEGRATED CARE BOARD
2025-26,M81608,WOLVERLEY SURGERY,Y60,MIDLANDS COMMISSIONING REGION,QGH,NHS HEREFORDSHIRE AND WORCESTERSHIRE INTEGRATED CARE BOARD
2025-26,M81629,NEW COURT SURGERY,Y60,MIDLANDS COMMISSIONING REGION,QGH,NHS HEREFORDSHIRE AND WORCESTERSHIRE INTEGRATED CARE BOARD
2025-26,M82013,WESTBURY MEDICAL CENTRE,Y60,MIDLANDS COMMISSIONING REGION,QOC,"NHS SHROPSHIRE, TELFORD AND WREKIN INTEGRATED CARE BOARD"
2025-26,M82014,STATION DRIVE SURGERY,Y60,MIDLANDS COMMISSIONING REGION,QOC,"NHS SHROPSHIRE, TELFORD AND WREKIN INTEGRATED CARE BOARD"
2025-26,M82017,CLIVE MEDICAL PRACTICE,Y60,MIDLANDS COMMISSIONING REGION,QOC,"NHS SHROPSHIRE, TELFORD AND WREKIN INTEGRATED CARE BOARD"
2025-26,M82021,ALBRIGHTON MEDICAL PRACT,Y60,MIDLANDS COMMISSIONING REGION,QOC,"NHS SHROPSHIRE, TELFORD AND WREKIN INTEGRATED CARE BOARD"
2025-26,M82023,PRESCOTT SURGERY,Y60,MIDLANDS COMMISSIONING REGION,QOC,"NHS SHROPSHIRE, TELFORD AND WREKIN INTEGRATED CARE BOARD"
2025-26,M82025,CHURCHMERE MEDICAL GROUP,Y60,MIDLANDS COMMISSIONING REGION,QOC,"NHS SHROPSHIRE, TELFORD AND WREKIN INTEGRATED CARE BOARD"
2025-26,M81038,UPTON SURGERY,Y60,MIDLANDS COMMISSIONING REGION,QGH,NHS HEREFORDSHIRE AND WORCESTERSHIRE INTEGRATED CARE BOARD
2025-26,M81043,THE MORTIMER MEDICAL PRAC,Y60,MIDLANDS COMMISSIONING REGION,QGH,NHS HEREFORDSHIRE AND WORCESTERSHIRE INTEGRATED CARE BOARD
2025-26,M81049,BARBOURNE HEALTH CENTRE,Y60,MIDLANDS COMMISSIONING REGION,QGH,NHS HEREFORDSHIRE AND WORCESTERSHIRE INTEGRATED CARE BOARD
2025-26,M81056,THE CHURCH STREET PRACTICE,Y60,MIDLANDS COMMISSIONING REGION,QGH,NHS HEREFORDSHIRE AND WORCESTERSHIRE INTEGRATED CARE BOARD
2025-26,M81057,BEWDLEY MEDICAL CENTRE,Y60,MIDLANDS COMMISSIONING REGION,QGH,NHS HEREFORDSHIRE AND WORCESTERSHIRE INTEGRATED CARE BOARD
2025-26,M81067,THE SURGERY KINGSTONE,Y60,MIDLANDS COMMISSIONING REGION,QGH,NHS HEREFORDSHIRE AND WORCESTERSHIRE INTEGRATED CARE BOARD
2025-26,M81077,THE RIDGEWAY SURGERY,Y60,MIDLANDS COMMISSIONING REGION,QGH,NHS HEREFORDSHIRE AND WORCESTERSHIRE INTEGRATED CARE BOARD
2025-26,M81091,CORBETT MEDICAL PRACTICE,Y60,MIDLANDS COMMISSIONING REGION,QGH,NHS HEREFORDSHIRE AND WORCESTERSHIRE INTEGRATED CARE BOARD
2025-26,M81093,BELMONT MEDICAL CENTRE,Y60,MIDLANDS COMMISSIONING REGION,QGH,NHS HEREFORDSHIRE AND WORCESTERSHIRE INTEGRATED CARE BOARD
2025-26,M81617,CRABBS CROSS SURGERY,Y60,MIDLANDS COMMISSIONING REGION,QGH,NHS HEREFORDSHIRE AND WORCESTERSHIRE INTEGRATED CARE BOARD
2025-26,M82002,MYTTON OAK MEDICAL PRACT.,Y60,MIDLANDS COMMISSIONING REGION,QOC,"NHS SHROPSHIRE, TELFORD AND WREKIN INTEGRATED CARE BOARD"
2025-26,M82003,STIRCHLEY MEDICAL PRACTICE,Y60,MIDLANDS COMMISSIONING REGION,QOC,"NHS SHROPSHIRE, TELFORD AND WREKIN INTEGRATED CARE BOARD"
2025-26,M82004,BRIDGNORTH MEDICAL PRACTICE,Y60,MIDLANDS COMMISSIONING REGION,QOC,"NHS SHROPSHIRE, TELFORD AND WREKIN INTEGRATED CARE BOARD"
2025-26,M82005,PLAS FFYNNON MEDICAL CTRE,Y60,MIDLANDS COMMISSIONING REGION,QOC,"NHS SHROPSHIRE, TELFORD AND WREKIN INTEGRATED CARE BOARD"
2025-26,M82030,PONTESBURY & WORTHEN MEDICAL PRACTICE,Y60,MIDLANDS COMMISSIONING REGION,QOC,"NHS SHROPSHIRE, TELFORD AND WREKIN INTEGRATED CARE BOARD"
2025-26,M82033,BISHOPS CASTLE MEDICAL PRACTICE,Y60,MIDLANDS COMMISSIONING REGION,QOC,"NHS SHROPSHIRE, TELFORD AND WREKIN INTEGRATED CARE BOARD"
2025-26,M82034,CLAREMONT BANK SURGERY,Y60,MIDLANDS COMMISSIONING REGION,QOC,"NHS SHROPSHIRE, TELFORD AND WREKIN INTEGRATED CARE BOARD"
2025-26,M82038,SHIFNAL & PRIORSLEE MEDICAL PRACTICE,Y60,MIDLANDS COMMISSIONING REGION,QOC,"NHS SHROPSHIRE, TELFORD AND WREKIN INTEGRATED CARE BOARD"
2025-26,M82039,WELLINGTON MEDICAL PRACTICE,Y60,MIDLANDS COMMISSIONING REGION,QOC,"NHS SHROPSHIRE, TELFORD AND WREKIN INTEGRATED CARE BOARD"
2025-26,M82048,BELVIDERE MEDICAL PRACT.,Y60,MIDLANDS COMMISSIONING REGION,QOC,"NHS SHROPSHIRE, TELFORD AND WREKIN INTEGRATED CARE BOARD"
2025-26,M82059,SHAWBIRCH MEDICAL CENTRE,Y60,MIDLANDS COMMISSIONING REGION,QOC,"NHS SHROPSHIRE, TELFORD AND WREKIN INTEGRATED CARE BOARD"
2025-26,M83006,THE WESTGATE PRACTICE,Y60,MIDLANDS COMMISSIONING REGION,QNC,NHS STAFFORDSHIRE AND STOKE-ON-TRENT INTEGRATED CARE BOARD
2025-26,M83007,THE VILLAGE SURGERY,Y60,MIDLANDS COMMISSIONING REGION,QNC,NHS STAFFORDSHIRE AND STOKE-ON-TRENT INTEGRATED CARE BOARD
2025-26,M83022,HAZELDENE HOUSE SURGERY,Y60,MIDLANDS COMMISSIONING REGION,QNC,NHS STAFFORDSHIRE AND STOKE-ON-TRENT INTEGRATED CARE BOARD
2025-26,M83025,MILLER STREET SURGERY,Y60,MIDLANDS COMMISSIONING REGION,QNC,NHS STAFFORDSHIRE AND STOKE-ON-TRENT INTEGRATED CARE BOARD
2025-26,M83028,GLEBEDALE MEDICAL PRACTICE,Y60,MIDLANDS COMMISSIONING REGION,QNC,NHS STAFFORDSHIRE AND STOKE-ON-TRENT INTEGRATED CARE BOARD
2025-26,M83031,RUSSELL HOUSE SURGERY,Y60,MIDLANDS COMMISSIONING REGION,QNC,NHS STAFFORDSHIRE AND STOKE-ON-TRENT INTEGRATED CARE BOARD
2025-26,M83034,SILVERDALE MEDICAL CENTRE,Y60,MIDLANDS COMMISSIONING REGION,QNC,NHS STAFFORDSHIRE AND STOKE-ON-TRENT INTEGRATED CARE BOARD
2025-26,M83038,ORCHARD SURGERY,Y60,MIDLANDS COMMISSIONING REGION,QNC,NHS STAFFORDSHIRE AND STOKE-ON-TRENT INTEGRATED CARE BOARD
2025-26,M83042,BRIDGE SURGERY,Y60,MIDLANDS COMMISSIONING REGION,QNC,NHS STAFFORDSHIRE AND STOKE-ON-TRENT INTEGRATED CARE BOARD
2025-26,M83046,BIDDULPH VALLEY SURGERY,Y60,MIDLANDS COMMISSIONING REGION,QNC,NHS STAFFORDSHIRE AND STOKE-ON-TRENT INTEGRATED CARE BOARD
2025-26,M83048,THE NILE PRACTICE,Y60,MIDLANDS COMMISSIONING REGION,QNC,NHS STAFFORDSHIRE AND STOKE-ON-TRENT INTEGRATED CARE BOARD
2025-26,M83051,WETMORE ROAD SURGERY,Y60,MIDLANDS COMMISSIONING REGION,QNC,NHS STAFFORDSHIRE AND STOKE-ON-TRENT INTEGRATED CARE BOARD
2025-26,M83054,AUDLEY HEALTH CENTRE,Y60,MIDLANDS COMMISSIONING REGION,QNC,NHS STAFFORDSHIRE AND STOKE-ON-TRENT INTEGRATED CARE BOARD
2025-26,M83062,LAUREL HOUSE SURGERY,Y60,MIDLANDS COMMISSIONING REGION,QNC,NHS STAFFORDSHIRE AND STOKE-ON-TRENT INTEGRATED CARE BOARD
2025-26,M83074,BALANCE STREET,Y60,MIDLANDS COMMISSIONING REGION,QNC,NHS STAFFORDSHIRE AND STOKE-ON-TRENT INTEGRATED CARE BOARD
2025-26,M83076,HARLEY STREET MEDICAL CTR,Y60,MIDLANDS COMMISSIONING REGION,QNC,NHS STAFFORDSHIRE AND STOKE-ON-TRENT INTEGRATED CARE BOARD
2025-26,M83088,HOLLIES PRACTICE,Y60,MIDLANDS COMMISSIONING REGION,QNC,NHS STAFFORDSHIRE AND STOKE-ON-TRENT INTEGRATED CARE BOARD
2025-26,M83094,BROOK MEDICAL CENTRE,Y60,MIDLANDS COMMISSIONING REGION,QNC,NHS STAFFORDSHIRE AND STOKE-ON-TRENT INTEGRATED CARE BOARD
2025-26,M83096,TARDIS SURGERY,Y60,MIDLANDS COMMISSIONING REGION,QNC,NHS STAFFORDSHIRE AND STOKE-ON-TRENT INTEGRATED CARE BOARD
2025-26,M83125,CLAVERLEY,Y60,MIDLANDS COMMISSIONING REGION,QNC,NHS STAFFORDSHIRE AND STOKE-ON-TRENT INTEGRATED CARE BOARD
2025-26,M83126,LONGTON HALL SURGERY,Y60,MIDLANDS COMMISSIONING REGION,QNC,NHS STAFFORDSHIRE AND STOKE-ON-TRENT INTEGRATED CARE BOARD
2025-26,M82007,CHARLTON MEDICAL PRACTICE,Y60,MIDLANDS COMMISSIONING REGION,QOC,"NHS SHROPSHIRE, TELFORD AND WREKIN INTEGRATED CARE BOARD"
2025-26,M82008,CHURCH STRETTON MEDICAL CENTRE,Y60,MIDLANDS COMMISSIONING REGION,QOC,"NHS SHROPSHIRE, TELFORD AND WREKIN INTEGRATED CARE BOARD"
2025-26,M82009,DAWLEY MEDICAL PRACTICE,Y60,MIDLANDS COMMISSIONING REGION,QOC,"NHS SHROPSHIRE, TELFORD AND WREKIN INTEGRATED CARE BOARD"
2025-26,M82012,DONNINGTON MEDICAL PRACTICE,Y60,MIDLANDS COMMISSIONING REGION,QOC,"NHS SHROPSHIRE, TELFORD AND WREKIN INTEGRATED CARE BOARD"
2025-26,M82022,THE CAXTON SURGERY,Y60,MIDLANDS COMMISSIONING REGION,QOC,"NHS SHROPSHIRE, TELFORD AND WREKIN INTEGRATED CARE BOARD"
2025-26,M82024,BROWN CLEE MEDICAL CENTRE,Y60,MIDLANDS COMMISSIONING REGION,QOC,"NHS SHROPSHIRE, TELFORD AND WREKIN INTEGRATED CARE BOARD"
2025-26,M82028,WELLINGTON ROAD SURGERY,Y60,MIDLANDS COMMISSIONING REGION,QOC,"NHS SHROPSHIRE, TELFORD AND WREKIN INTEGRATED CARE BOARD"
2025-26,M82032,SEVERN FIELDS MEDICAL PRACTICE,Y60,MIDLANDS COMMISSIONING REGION,QOC,"NHS SHROPSHIRE, TELFORD AND WREKIN INTEGRATED CARE BOARD"
2025-26,M82040,MARYSVILLE MEDICAL PRACT,Y60,MIDLANDS COMMISSIONING REGION,QOC,"NHS SHROPSHIRE, TELFORD AND WREKIN INTEGRATED CARE BOARD"
2025-26,M82041,CLEOBURY MORTIMER SURGERY,Y60,MIDLANDS COMMISSIONING REGION,QOC,"NHS SHROPSHIRE, TELFORD AND WREKIN INTEGRATED CARE BOARD"
2025-26,M82042,WOODSIDE MEDICAL PRACTICE,Y60,MIDLANDS COMMISSIONING REGION,QOC,"NHS SHROPSHIRE, TELFORD AND WREKIN INTEGRATED CARE BOARD"
2025-26,M82057,HOLLINSWOOD SURGERY,Y60,MIDLANDS COMMISSIONING REGION,QOC,"NHS SHROPSHIRE, TELFORD AND WREKIN INTEGRATED CARE BOARD"
2025-26,M82058,HODNET MEDICAL PRACTICE,Y60,MIDLANDS COMMISSIONING REGION,QOC,"NHS SHROPSHIRE, TELFORD AND WREKIN INTEGRATED CARE BOARD"
2025-26,M82601,ALVELEY MEDICAL PRACTICE,Y60,MIDLANDS COMMISSIONING REGION,QOC,"NHS SHROPSHIRE, TELFORD AND WREKIN INTEGRATED CARE BOARD"
2025-26,M83129,HEATH HAYES HEALTH CENTRE,Y60,MIDLANDS COMMISSIONING REGION,QNC,NHS STAFFORDSHIRE AND STOKE-ON-TRENT INTEGRATED CARE BOARD
2025-26,M83130,RED LION SURGERY,Y60,MIDLANDS COMMISSIONING REGION,QNC,NHS STAFFORDSHIRE AND STOKE-ON-TRENT INTEGRATED CARE BOARD
2025-26,M83143,GOLDENHILL MEDICAL CENTRE,Y60,MIDLANDS COMMISSIONING REGION,QNC,NHS STAFFORDSHIRE AND STOKE-ON-TRENT INTEGRATED CARE BOARD
2025-26,M83146,THE MOORCROFT MEDICAL CTR,Y60,MIDLANDS COMMISSIONING REGION,QNC,NHS STAFFORDSHIRE AND STOKE-ON-TRENT INTEGRATED CARE BOARD
2025-26,M83616,DR I RASIB & PARTNERS,Y60,MIDLANDS COMMISSIONING REGION,QNC,NHS STAFFORDSHIRE AND STOKE-ON-TRENT INTEGRATED CARE BOARD
2025-26,M83619,HONEYWALL MEDICAL PRACTICE,Y60,MIDLANDS COMMISSIONING REGION,QNC,NHS STAFFORDSHIRE AND STOKE-ON-TRENT INTEGRATED CARE BOARD
2025-26,M83632,TRINITY MEDICAL CENTRE,Y60,MIDLANDS COMMISSIONING REGION,QNC,NHS STAFFORDSHIRE AND STOKE-ON-TRENT INTEGRATED CARE BOARD
2025-26,M83711,TRENTHAM MEWS MEDICAL CENTRE,Y60,MIDLANDS COMMISSIONING REGION,QNC,NHS STAFFORDSHIRE AND STOKE-ON-TRENT INTEGRATED CARE BOARD
2025-26,M83717,NORTON CANES SURGERY,Y60,MIDLANDS COMMISSIONING REGION,QNC,NHS STAFFORDSHIRE AND STOKE-ON-TRENT INTEGRATED CARE BOARD
2025-26,M83725,BLURTON MEDICAL PRACTICE,Y60,MIDLANDS COMMISSIONING REGION,QNC,NHS STAFFORDSHIRE AND STOKE-ON-TRENT INTEGRATED CARE BOARD
2025-26,M83727,NORTON CANES PRACTICE,Y60,MIDLANDS COMMISSIONING REGION,QNC,NHS STAFFORDSHIRE AND STOKE-ON-TRENT INTEGRATED CARE BOARD
2025-26,M84009,FENNY COMPTON SURGERY,Y60,MIDLANDS COMMISSIONING REGION,QWU,NHS COVENTRY AND WARWICKSHIRE INTEGRATED CARE BOARD
2025-26,M84015,CROFT MEDICAL CENTRE,Y60,MIDLANDS COMMISSIONING REGION,QWU,NHS COVENTRY AND WARWICKSHIRE INTEGRATED CARE BOARD
2025-26,M84018,BIDFORD HEALTH CENTRE,Y60,MIDLANDS COMMISSIONING REGION,QWU,NHS COVENTRY AND WARWICKSHIRE INTEGRATED CARE BOARD
2025-26,M84026,SOUTHAM SURGERY,Y60,MIDLANDS COMMISSIONING REGION,QWU,NHS COVENTRY AND WARWICKSHIRE INTEGRATED CARE BOARD
2025-26,M84028,PRIORY MEDICAL CENTRE,Y60,MIDLANDS COMMISSIONING REGION,QWU,NHS COVENTRY AND WARWICKSHIRE INTEGRATED CARE BOARD
2025-26,M84029,VALLEY ROAD MEDICAL PRACTICE,Y60,MIDLANDS COMMISSIONING REGION,QWU,NHS COVENTRY AND WARWICKSHIRE INTEGRATED CARE BOARD
2025-26,M84032,WATERSIDE MEDICAL CENTRE,Y60,MIDLANDS COMMISSIONING REGION,QWU,NHS COVENTRY AND WARWICKSHIRE INTEGRATED CARE BOARD
2025-26,M84037,THE GRANGE MEDICAL CENTRE,Y60,MIDLANDS COMMISSIONING REGION,QWU,NHS COVENTRY AND WARWICKSHIRE INTEGRATED CARE BOARD
2025-26,M84041,RIVERSLEY ROAD SURGERY,Y60,MIDLANDS COMMISSIONING REGION,QWU,NHS COVENTRY AND WARWICKSHIRE INTEGRATED CARE BOARD
2025-26,M84043,TRINITY COURT SURGERY,Y60,MIDLANDS COMMISSIONING REGION,QWU,NHS COVENTRY AND WARWICKSHIRE INTEGRATED CARE BOARD
2025-26,M84044,HARBURY SURGERY,Y60,MIDLANDS COMMISSIONING REGION,QWU,NHS COVENTRY AND WARWICKSHIRE INTEGRATED CARE BOARD
2025-26,M84055,STOCKINGFORD MEDICAL CENTRE,Y60,MIDLANDS COMMISSIONING REGION,QWU,NHS COVENTRY AND WARWICKSHIRE INTEGRATED CARE BOARD
2025-26,M84059,SPA MEDICAL CENTRE,Y60,MIDLANDS COMMISSIONING REGION,QWU,NHS COVENTRY AND WARWICKSHIRE INTEGRATED CARE BOARD
2025-26,M84060,THE ARROW SURGERY,Y60,MIDLANDS COMMISSIONING REGION,QWU,NHS COVENTRY AND WARWICKSHIRE INTEGRATED CARE BOARD
2025-26,M84066,MEON MEDICAL CENTRE,Y60,MIDLANDS COMMISSIONING REGION,QWU,NHS COVENTRY AND WARWICKSHIRE INTEGRATED CARE BOARD
2025-26,M84067,BENNFIELD SURGERY,Y60,MIDLANDS COMMISSIONING REGION,QWU,NHS COVENTRY AND WARWICKSHIRE INTEGRATED CARE BOARD
2025-26,M84069,BUDBROOKE MEDICAL CENTRE,Y60,MIDLANDS COMMISSIONING REGION,QWU,NHS COVENTRY AND WARWICKSHIRE INTEGRATED CARE BOARD
2025-26,M84609,WOODLANDS SURGERY,Y60,MIDLANDS COMMISSIONING REGION,QWU,NHS COVENTRY AND WARWICKSHIRE INTEGRATED CARE BOARD
2025-26,M85014,KINGSBURY ROAD MEDICAL CENTRE,Y60,MIDLANDS COMMISSIONING REGION,QHL,NHS BIRMINGHAM AND SOLIHULL INTEGRATED CARE BOARD
2025-26,M85028,LORDSWOOD HOUSE GROUP MEDICAL PRACTICE,Y60,MIDLANDS COMMISSIONING REGION,QHL,NHS BIRMINGHAM AND SOLIHULL INTEGRATED CARE BOARD
2025-26,M85035,WOODGATE VALLEY HEALTH CENTRE,Y60,MIDLANDS COMMISSIONING REGION,QHL,NHS BIRMINGHAM AND SOLIHULL INTEGRATED CARE BOARD
2025-26,M85058,HARBORNE MEDICAL PRACTICE,Y60,MIDLANDS COMMISSIONING REGION,QHL,NHS BIRMINGHAM AND SOLIHULL INTEGRATED CARE BOARD
2025-26,M85074,WAKE GREEN SURGERY,Y60,MIDLANDS COMMISSIONING REGION,QHL,NHS BIRMINGHAM AND SOLIHULL INTEGRATED CARE BOARD
2025-26,M85076,GREAT PARK MEDICAL GROUP,Y60,MIDLANDS COMMISSIONING REGION,QHL,NHS BIRMINGHAM AND SOLIHULL INTEGRATED CARE BOARD
2025-26,M85116,FERNLEY MEDICAL CENTRE,Y60,MIDLANDS COMMISSIONING REGION,QHL,NHS BIRMINGHAM AND SOLIHULL INTEGRATED CARE BOARD
2025-26,M85117,BARTLEY GREEN MEDICAL PRACTICE,Y60,MIDLANDS COMMISSIONING REGION,QHL,NHS BIRMINGHAM AND SOLIHULL INTEGRATED CARE BOARD
2025-26,M85124,BELLEVUE MEDICAL CENTRE,Y60,MIDLANDS COMMISSIONING REGION,QHL,NHS BIRMINGHAM AND SOLIHULL INTEGRATED CARE BOARD
2025-26,M85136,DRUIDS HEATH SURGERY,Y60,MIDLANDS COMMISSIONING REGION,QHL,NHS BIRMINGHAM AND SOLIHULL INTEGRATED CARE BOARD
2025-26,M85155,KINGSTANDING CIRCLE SURGERY,Y60,MIDLANDS COMMISSIONING REGION,QHL,NHS BIRMINGHAM AND SOLIHULL INTEGRATED CARE BOARD
2025-26,M85158,APOLLO SURGERY,Y60,MIDLANDS COMMISSIONING REGION,QHL,NHS BIRMINGHAM AND SOLIHULL INTEGRATED CARE BOARD
2025-26,M85624,PERRY PARK SURGERY,Y60,MIDLANDS COMMISSIONING REGION,QHL,NHS BIRMINGHAM AND SOLIHULL INTEGRATED CARE BOARD
2025-26,M85642,CAVENDISH MEDICAL PRACTICE,Y60,MIDLANDS COMMISSIONING REGION,QHL,NHS BIRMINGHAM AND SOLIHULL INTEGRATED CARE BOARD
2025-26,M85676,VICTORIA ROAD MEDICAL CTR,Y60,MIDLANDS COMMISSIONING REGION,QHL,NHS BIRMINGHAM AND SOLIHULL INTEGRATED CARE BOARD
2025-26,M82616,COURT STREET MEDICAL PRACTICE,Y60,MIDLANDS COMMISSIONING REGION,QOC,"NHS SHROPSHIRE, TELFORD AND WREKIN INTEGRATED CARE BOARD"
2025-26,M83001,HORSEFAIR PRACTICE,Y60,MIDLANDS COMMISSIONING REGION,QNC,NHS STAFFORDSHIRE AND STOKE-ON-TRENT INTEGRATED CARE BOARD
2025-26,M83011,WERRINGTON VILLAGE SURGERY,Y60,MIDLANDS COMMISSIONING REGION,QNC,NHS STAFFORDSHIRE AND STOKE-ON-TRENT INTEGRATED CARE BOARD
2025-26,M83013,YOXALL,Y60,MIDLANDS COMMISSIONING REGION,QNC,NHS STAFFORDSHIRE AND STOKE-ON-TRENT INTEGRATED CARE BOARD
2025-26,M83021,FURLONG MEDICAL CENTRE,Y60,MIDLANDS COMMISSIONING REGION,QNC,NHS STAFFORDSHIRE AND STOKE-ON-TRENT INTEGRATED CARE BOARD
2025-26,M83023,KIDSGROVE MEDICAL CENTRE,Y60,MIDLANDS COMMISSIONING REGION,QNC,NHS STAFFORDSHIRE AND STOKE-ON-TRENT INTEGRATED CARE BOARD
2025-26,M83030,THE LANGTON MEDICAL GROUP,Y60,MIDLANDS COMMISSIONING REGION,QNC,NHS STAFFORDSHIRE AND STOKE-ON-TRENT INTEGRATED CARE BOARD
2025-26,M83037,TUTBURY HEALTH CENTRE,Y60,MIDLANDS COMMISSIONING REGION,QNC,NHS STAFFORDSHIRE AND STOKE-ON-TRENT INTEGRATED CARE BOARD
2025-26,M83047,MEIR PARK & WESTON COYNEY MEDICAL PRACT,Y60,MIDLANDS COMMISSIONING REGION,QNC,NHS STAFFORDSHIRE AND STOKE-ON-TRENT INTEGRATED CARE BOARD
2025-26,M83052,WEEPING CROSS HEALTH CENTRE,Y60,MIDLANDS COMMISSIONING REGION,QNC,NHS STAFFORDSHIRE AND STOKE-ON-TRENT INTEGRATED CARE BOARD
2025-26,M83071,PARK MEDICAL CENTRE,Y60,MIDLANDS COMMISSIONING REGION,QNC,NHS STAFFORDSHIRE AND STOKE-ON-TRENT INTEGRATED CARE BOARD
2025-26,M83093,DALE MEDICAL PRACTICE,Y60,MIDLANDS COMMISSIONING REGION,QNC,NHS STAFFORDSHIRE AND STOKE-ON-TRENT INTEGRATED CARE BOARD
2025-26,M83103,ALLEN STREET CLINIC,Y60,MIDLANDS COMMISSIONING REGION,QNC,NHS STAFFORDSHIRE AND STOKE-ON-TRENT INTEGRATED CARE BOARD
2025-26,M83110,HEATHVIEW MEDICAL PRACTICE,Y60,MIDLANDS COMMISSIONING REGION,QNC,NHS STAFFORDSHIRE AND STOKE-ON-TRENT INTEGRATED CARE BOARD
2025-26,M83113,DR KHARE'S SURGERY,Y60,MIDLANDS COMMISSIONING REGION,QNC,NHS STAFFORDSHIRE AND STOKE-ON-TRENT INTEGRATED CARE BOARD
2025-26,M83122,WATERHOUSES MEDICAL PRACT,Y60,MIDLANDS COMMISSIONING REGION,QNC,NHS STAFFORDSHIRE AND STOKE-ON-TRENT INTEGRATED CARE BOARD
2025-26,M83132,LAKESIDE,Y60,MIDLANDS COMMISSIONING REGION,QNC,NHS STAFFORDSHIRE AND STOKE-ON-TRENT INTEGRATED CARE BOARD
2025-26,M83140,HIGHERLAND SURGERY,Y60,MIDLANDS COMMISSIONING REGION,QNC,NHS STAFFORDSHIRE AND STOKE-ON-TRENT INTEGRATED CARE BOARD
2025-26,M83141,KINGSBRIDGE MEDICAL CENTRE,Y60,MIDLANDS COMMISSIONING REGION,QNC,NHS STAFFORDSHIRE AND STOKE-ON-TRENT INTEGRATED CARE BOARD
2025-26,M83148,THE PEEL MEDICAL PRACTICE,Y60,MIDLANDS COMMISSIONING REGION,QNC,NHS STAFFORDSHIRE AND STOKE-ON-TRENT INTEGRATED CARE BOARD
2025-26,M83601,BRINSLEY AVENUE PRACTICE,Y60,MIDLANDS COMMISSIONING REGION,QNC,NHS STAFFORDSHIRE AND STOKE-ON-TRENT INTEGRATED CARE BOARD
2025-26,M83624,CAMBRIDGE HOUSE,Y60,MIDLANDS COMMISSIONING REGION,QNC,NHS STAFFORDSHIRE AND STOKE-ON-TRENT INTEGRATED CARE BOARD
2025-26,M83627,APSLEY SURGERY,Y60,MIDLANDS COMMISSIONING REGION,QNC,NHS STAFFORDSHIRE AND STOKE-ON-TRENT INTEGRATED CARE BOARD
2025-26,M83661,ADDERLEY GREEN SURGERY,Y60,MIDLANDS COMMISSIONING REGION,QNC,NHS STAFFORDSHIRE AND STOKE-ON-TRENT INTEGRATED CARE BOARD
2025-26,M83681,ALL SAINTS SURGERY,Y60,MIDLANDS COMMISSIONING REGION,QNC,NHS STAFFORDSHIRE AND STOKE-ON-TRENT INTEGRATED CARE BOARD
2025-26,M83701,TALKE PITS CLINIC,Y60,MIDLANDS COMMISSIONING REGION,QNC,NHS STAFFORDSHIRE AND STOKE-ON-TRENT INTEGRATED CARE BOARD
2025-26,M84001,RED ROOFS SURGERY,Y60,MIDLANDS COMMISSIONING REGION,QWU,NHS COVENTRY AND WARWICKSHIRE INTEGRATED CARE BOARD
2025-26,M84003,ARBURY MEDICAL CENTRE,Y60,MIDLANDS COMMISSIONING REGION,QWU,NHS COVENTRY AND WARWICKSHIRE INTEGRATED CARE BOARD
2025-26,M84005,CHAPEL END SURGERY,Y60,MIDLANDS COMMISSIONING REGION,QWU,NHS COVENTRY AND WARWICKSHIRE INTEGRATED CARE BOARD
2025-26,M84010,AVONSIDE HEALTH CENTRE,Y60,MIDLANDS COMMISSIONING REGION,QWU,NHS COVENTRY AND WARWICKSHIRE INTEGRATED CARE BOARD
2025-26,M84013,CASTLE MEDICAL CENTRE,Y60,MIDLANDS COMMISSIONING REGION,QWU,NHS COVENTRY AND WARWICKSHIRE INTEGRATED CARE BOARD
2025-26,M84023,CENTRAL SURGERY,Y60,MIDLANDS COMMISSIONING REGION,QWU,NHS COVENTRY AND WARWICKSHIRE INTEGRATED CARE BOARD
2025-26,M84024,HENLEY-IN-ARDEN MED CTR,Y60,MIDLANDS COMMISSIONING REGION,QWU,NHS COVENTRY AND WARWICKSHIRE INTEGRATED CARE BOARD
2025-26,M84025,SHIPSTON MEDICAL CENTRE,Y60,MIDLANDS COMMISSIONING REGION,QWU,NHS COVENTRY AND WARWICKSHIRE INTEGRATED CARE BOARD
2025-26,M84034,WHITESTONE SURGERY,Y60,MIDLANDS COMMISSIONING REGION,QWU,NHS COVENTRY AND WARWICKSHIRE INTEGRATED CARE BOARD
2025-26,M84036,ABBEY MEDICAL CENTRE,Y60,MIDLANDS COMMISSIONING REGION,QWU,NHS COVENTRY AND WARWICKSHIRE INTEGRATED CARE BOARD
2025-26,M84050,MARKET QUARTER MEDICAL PRACTICE,Y60,MIDLANDS COMMISSIONING REGION,QWU,NHS COVENTRY AND WARWICKSHIRE INTEGRATED CARE BOARD
2025-26,M84051,OLD MILL SURGERY,Y60,MIDLANDS COMMISSIONING REGION,QWU,NHS COVENTRY AND WARWICKSHIRE INTEGRATED CARE BOARD
2025-26,M84061,BULKINGTON SURGERY,Y60,MIDLANDS COMMISSIONING REGION,QWU,NHS COVENTRY AND WARWICKSHIRE INTEGRATED CARE BOARD
2025-26,M84065,BEECH TREE MEDICAL PRACTICE,Y60,MIDLANDS COMMISSIONING REGION,QWU,NHS COVENTRY AND WARWICKSHIRE INTEGRATED CARE BOARD
2025-26,M84070,WARWICK GATES FAM.HTH.CTR,Y60,MIDLANDS COMMISSIONING REGION,QWU,NHS COVENTRY AND WARWICKSHIRE INTEGRATED CARE BOARD
2025-26,M84627,THE OLD COLE HOUSE PRACTICE,Y60,MIDLANDS COMMISSIONING REGION,QWU,NHS COVENTRY AND WARWICKSHIRE INTEGRATED CARE BOARD
2025-26,M85005,THE PARK MEDICAL CENTRE,Y60,MIDLANDS COMMISSIONING REGION,QHL,NHS BIRMINGHAM AND SOLIHULL INTEGRATED CARE BOARD
2025-26,M85007,WEST HEATH SURGERY,Y60,MIDLANDS COMMISSIONING REGION,QHL,NHS BIRMINGHAM AND SOLIHULL INTEGRATED CARE BOARD
2025-26,M85011,THE SWAN MEDICAL CENTRE,Y60,MIDLANDS COMMISSIONING REGION,QHL,NHS BIRMINGHAM AND SOLIHULL INTEGRATED CARE BOARD
2025-26,M85013,CHURCH LANE - KHAN,Y60,MIDLANDS COMMISSIONING REGION,QHL,NHS BIRMINGHAM AND SOLIHULL INTEGRATED CARE BOARD
2025-26,M85019,TOWER HILL PARTNERSHIP,Y60,MIDLANDS COMMISSIONING REGION,QHL,NHS BIRMINGHAM AND SOLIHULL INTEGRATED CARE BOARD
2025-26,M85033,THE MANOR PRACTICE,Y60,MIDLANDS COMMISSIONING REGION,QHL,NHS BIRMINGHAM AND SOLIHULL INTEGRATED CARE BOARD
2025-26,M85037,KINGSFIELD MEDICAL CENTRE,Y60,MIDLANDS COMMISSIONING REGION,QHL,NHS BIRMINGHAM AND SOLIHULL INTEGRATED CARE BOARD
2025-26,M85043,HAWKESLEY MEDICAL PRACTICE,Y60,MIDLANDS COMMISSIONING REGION,QHL,NHS BIRMINGHAM AND SOLIHULL INTEGRATED CARE BOARD
2025-26,M85047,WOODLAND ROAD SURGERY,Y60,MIDLANDS COMMISSIONING REGION,QHL,NHS BIRMINGHAM AND SOLIHULL INTEGRATED CARE BOARD
2025-26,M85048,CHURCH ROAD SURGERY,Y60,MIDLANDS COMMISSIONING REGION,QHL,NHS BIRMINGHAM AND SOLIHULL INTEGRATED CARE BOARD
2025-26,M85051,FIRSTCARE PRACTICE,Y60,MIDLANDS COMMISSIONING REGION,QHL,NHS BIRMINGHAM AND SOLIHULL INTEGRATED CARE BOARD
2025-26,M85053,THE ST.CLEMENTS SURGERY,Y60,MIDLANDS COMMISSIONING REGION,QHL,NHS BIRMINGHAM AND SOLIHULL INTEGRATED CARE BOARD
2025-26,M85060,THE OAKS MEDICAL CENTRE,Y60,MIDLANDS COMMISSIONING REGION,QHL,NHS BIRMINGHAM AND SOLIHULL INTEGRATED CARE BOARD
2025-26,M85066,WARD END MEDICAL CENTRE,Y60,MIDLANDS COMMISSIONING REGION,QHL,NHS BIRMINGHAM AND SOLIHULL INTEGRATED CARE BOARD
2025-26,M85077,NORTHWOOD MEDICAL CENTRE,Y60,MIDLANDS COMMISSIONING REGION,QHL,NHS BIRMINGHAM AND SOLIHULL INTEGRATED CARE BOARD
2025-26,M85078,OAKWOOD SURGERY,Y60,MIDLANDS COMMISSIONING REGION,QHL,NHS BIRMINGHAM AND SOLIHULL INTEGRATED CARE BOARD
2025-26,M85081,THE DOVE MEDICAL PRACTICE,Y60,MIDLANDS COMMISSIONING REGION,QHL,NHS BIRMINGHAM AND SOLIHULL INTEGRATED CARE BOARD
2025-26,M85082,HANDSWORTH MEDICAL PRACT.,Y60,MIDLANDS COMMISSIONING REGION,QHL,NHS BIRMINGHAM AND SOLIHULL INTEGRATED CARE BOARD
2025-26,M85086,COFTON MEDICAL CENTRE,Y60,MIDLANDS COMMISSIONING REGION,QHL,NHS BIRMINGHAM AND SOLIHULL INTEGRATED CARE BOARD
2025-26,M85088,KARIS MEDICAL CENTRE,Y60,MIDLANDS COMMISSIONING REGION,QHL,NHS BIRMINGHAM AND SOLIHULL INTEGRATED CARE BOARD
2025-26,M85094,YARDLEY MEDICAL CENTRE,Y60,MIDLANDS COMMISSIONING REGION,QHL,NHS BIRMINGHAM AND SOLIHULL INTEGRATED CARE BOARD
2025-26,M85113,BUCKLANDS END LANE SURGERY,Y60,MIDLANDS COMMISSIONING REGION,QHL,NHS BIRMINGHAM AND SOLIHULL INTEGRATED CARE BOARD
2025-26,M85115,SUTTON ROAD SURGERY,Y60,MIDLANDS COMMISSIONING REGION,QHL,NHS BIRMINGHAM AND SOLIHULL INTEGRATED CARE BOARD
2025-26,M85128,DR WALJI AND COLLEAGUES,Y60,MIDLANDS COMMISSIONING REGION,QHL,NHS BIRMINGHAM AND SOLIHULL INTEGRATED CARE BOARD
2025-26,M85154,FINCH ROAD PRIMARY CARE CENTRE,Y60,MIDLANDS COMMISSIONING REGION,QHL,NHS BIRMINGHAM AND SOLIHULL INTEGRATED CARE BOARD
2025-26,M85172,RIDGACRE HOUSE SURGERY,Y60,MIDLANDS COMMISSIONING REGION,QHL,NHS BIRMINGHAM AND SOLIHULL INTEGRATED CARE BOARD
2025-26,M85174,THE BROOK SURGERY,Y60,MIDLANDS COMMISSIONING REGION,QHL,NHS BIRMINGHAM AND SOLIHULL INTEGRATED CARE BOARD
2025-26,M85600,REA VALLEY HEALTH PARTNERSHIP,Y60,MIDLANDS COMMISSIONING REGION,QHL,NHS BIRMINGHAM AND SOLIHULL INTEGRATED CARE BOARD
2025-26,M85684,CITY ROAD MEDICAL CENTRE,Y60,MIDLANDS COMMISSIONING REGION,QHL,NHS BIRMINGHAM AND SOLIHULL INTEGRATED CARE BOARD
2025-26,M85693,FEATHERSTONE MEDICAL CENTRE,Y60,MIDLANDS COMMISSIONING REGION,QHL,NHS BIRMINGHAM AND SOLIHULL INTEGRATED CARE BOARD
2025-26,M85699,COVENTRY ROAD MEDICAL CENTRE,Y60,MIDLANDS COMMISSIONING REGION,QHL,NHS BIRMINGHAM AND SOLIHULL INTEGRATED CARE BOARD
2025-26,M85715,SOHO ROAD PRIMARY CARE CENTRE,Y60,MIDLANDS COMMISSIONING REGION,QHL,NHS BIRMINGHAM AND SOLIHULL INTEGRATED CARE BOARD
2025-26,M85721,HOLYHEAD PRIMARY HEALTH CARE CENTRE,Y60,MIDLANDS COMMISSIONING REGION,QHL,NHS BIRMINGHAM AND SOLIHULL INTEGRATED CARE BOARD
2025-26,M85722,NASEBY MEDICAL CENTRE,Y60,MIDLANDS COMMISSIONING REGION,QHL,NHS BIRMINGHAM AND SOLIHULL INTEGRATED CARE BOARD
2025-26,M85733,MOOR GREEN LANE MEDICAL CENTRE,Y60,MIDLANDS COMMISSIONING REGION,QHL,NHS BIRMINGHAM AND SOLIHULL INTEGRATED CARE BOARD
2025-26,M85766,BALSALL HEATH HEALTH CENTRE (S),Y60,MIDLANDS COMMISSIONING REGION,QHL,NHS BIRMINGHAM AND SOLIHULL INTEGRATED CARE BOARD
2025-26,M85770,THE SHELDON MEDICAL CENTRE,Y60,MIDLANDS COMMISSIONING REGION,QHL,NHS BIRMINGHAM AND SOLIHULL INTEGRATED CARE BOARD
2025-26,M85779,AYLESBURY SURGERY,Y60,MIDLANDS COMMISSIONING REGION,QHL,NHS BIRMINGHAM AND SOLIHULL INTEGRATED CARE BOARD
2025-26,M85797,HOCKLEY MEDICAL PRACTICE,Y60,MIDLANDS COMMISSIONING REGION,QHL,NHS BIRMINGHAM AND SOLIHULL INTEGRATED CARE BOARD
2025-26,M86003,SKY BLUE MEDICAL GROUP,Y60,MIDLANDS COMMISSIONING REGION,QWU,NHS COVENTRY AND WARWICKSHIRE INTEGRATED CARE BOARD
2025-26,M86004,ALLESLEY PARK MEDICAL CTR,Y60,MIDLANDS COMMISSIONING REGION,QWU,NHS COVENTRY AND WARWICKSHIRE INTEGRATED CARE BOARD
2025-26,M86005,HILLFIELDS HEALTH CENTRE - 1,Y60,MIDLANDS COMMISSIONING REGION,QWU,NHS COVENTRY AND WARWICKSHIRE INTEGRATED CARE BOARD
2025-26,M86010,FORREST MEDICAL CENTRE,Y60,MIDLANDS COMMISSIONING REGION,QWU,NHS COVENTRY AND WARWICKSHIRE INTEGRATED CARE BOARD
2025-26,M86012,PRIORY GATE PRACTICE,Y60,MIDLANDS COMMISSIONING REGION,QWU,NHS COVENTRY AND WARWICKSHIRE INTEGRATED CARE BOARD
2025-26,M86016,GODIVA GROUP PRACTICE,Y60,MIDLANDS COMMISSIONING REGION,QWU,NHS COVENTRY AND WARWICKSHIRE INTEGRATED CARE BOARD
2025-26,M86017,MANSFIELD MEDICAL CENTRE,Y60,MIDLANDS COMMISSIONING REGION,QWU,NHS COVENTRY AND WARWICKSHIRE INTEGRATED CARE BOARD
2025-26,M86027,CHEYLESMORE SURGERY,Y60,MIDLANDS COMMISSIONING REGION,QWU,NHS COVENTRY AND WARWICKSHIRE INTEGRATED CARE BOARD
2025-26,M85679,CHARLES ROAD SURGERY,Y60,MIDLANDS COMMISSIONING REGION,QHL,NHS BIRMINGHAM AND SOLIHULL INTEGRATED CARE BOARD
2025-26,M85680,COTTERILS LANE SURGERY,Y60,MIDLANDS COMMISSIONING REGION,QHL,NHS BIRMINGHAM AND SOLIHULL INTEGRATED CARE BOARD
2025-26,M85694,GARRETTS GREEN LANE SURGERY,Y60,MIDLANDS COMMISSIONING REGION,QHL,NHS BIRMINGHAM AND SOLIHULL INTEGRATED CARE BOARD
2025-26,M85701,BURBURY MEDICAL CENTRE,Y60,MIDLANDS COMMISSIONING REGION,QHL,NHS BIRMINGHAM AND SOLIHULL INTEGRATED CARE BOARD
2025-26,M85706,DRUID GROUP - EMC SURGERY,Y60,MIDLANDS COMMISSIONING REGION,QHL,NHS BIRMINGHAM AND SOLIHULL INTEGRATED CARE BOARD
2025-26,M85713,HIGHGATE MEDICAL CENTRE,Y60,MIDLANDS COMMISSIONING REGION,QHL,NHS BIRMINGHAM AND SOLIHULL INTEGRATED CARE BOARD
2025-26,M85716,DR KHUROO'S PRACTICE,Y60,MIDLANDS COMMISSIONING REGION,QHL,NHS BIRMINGHAM AND SOLIHULL INTEGRATED CARE BOARD
2025-26,M85732,BLOOMSBURY SURGERY,Y60,MIDLANDS COMMISSIONING REGION,QHL,NHS BIRMINGHAM AND SOLIHULL INTEGRATED CARE BOARD
2025-26,M85736,ACOCKS GREEN MEDICAL CENTRE,Y60,MIDLANDS COMMISSIONING REGION,QHL,NHS BIRMINGHAM AND SOLIHULL INTEGRATED CARE BOARD
2025-26,M85756,SPRINGFIELD MEDICAL PRACT,Y60,MIDLANDS COMMISSIONING REGION,QHL,NHS BIRMINGHAM AND SOLIHULL INTEGRATED CARE BOARD
2025-26,M85757,SOHO ROAD HEALTH CENTRE,Y60,MIDLANDS COMMISSIONING REGION,QHL,NHS BIRMINGHAM AND SOLIHULL INTEGRATED CARE BOARD
2025-26,M85778,HALCYON MEDICAL,Y60,MIDLANDS COMMISSIONING REGION,QHL,NHS BIRMINGHAM AND SOLIHULL INTEGRATED CARE BOARD
2025-26,M85792,COTMORE SURGERY,Y60,MIDLANDS COMMISSIONING REGION,QHL,NHS BIRMINGHAM AND SOLIHULL INTEGRATED CARE BOARD
2025-26,M85794,"THE BALAJI SURGERY, THE SPARKBROOK CHC",Y60,MIDLANDS COMMISSIONING REGION,QHL,NHS BIRMINGHAM AND SOLIHULL INTEGRATED CARE BOARD
2025-26,M85803,PEARL MEDICAL CENTRE,Y60,MIDLANDS COMMISSIONING REGION,QHL,NHS BIRMINGHAM AND SOLIHULL INTEGRATED CARE BOARD
2025-26,M86008,THE GABLES MEDICENTRE,Y60,MIDLANDS COMMISSIONING REGION,QWU,NHS COVENTRY AND WARWICKSHIRE INTEGRATED CARE BOARD
2025-26,M86009,ENGLETON HOUSE SURGERY,Y60,MIDLANDS COMMISSIONING REGION,QWU,NHS COVENTRY AND WARWICKSHIRE INTEGRATED CARE BOARD
2025-26,M86014,THE FORUM HEALTH CENTRE,Y60,MIDLANDS COMMISSIONING REGION,QWU,NHS COVENTRY AND WARWICKSHIRE INTEGRATED CARE BOARD
2025-26,M86015,KENYON MEDICAL CENTRES,Y60,MIDLANDS COMMISSIONING REGION,QWU,NHS COVENTRY AND WARWICKSHIRE INTEGRATED CARE BOARD
2025-26,M86018,MOSELEY AVENUE SURGERY,Y60,MIDLANDS COMMISSIONING REGION,QWU,NHS COVENTRY AND WARWICKSHIRE INTEGRATED CARE BOARD
2025-26,M86020,WOOD END HEALTH CENTRE,Y60,MIDLANDS COMMISSIONING REGION,QWU,NHS COVENTRY AND WARWICKSHIRE INTEGRATED CARE BOARD
2025-26,M86021,SPRINGFIELD MEDICAL PRACTICE,Y60,MIDLANDS COMMISSIONING REGION,QWU,NHS COVENTRY AND WARWICKSHIRE INTEGRATED CARE BOARD
2025-26,M86029,BROOMFIELD PARK MED.CTR.,Y60,MIDLANDS COMMISSIONING REGION,QWU,NHS COVENTRY AND WARWICKSHIRE INTEGRATED CARE BOARD
2025-26,M86030,KENSINGTON ROAD SURGERY,Y60,MIDLANDS COMMISSIONING REGION,QWU,NHS COVENTRY AND WARWICKSHIRE INTEGRATED CARE BOARD
2025-26,M86033,WILLENHAL OAK MEDICAL CENTRE,Y60,MIDLANDS COMMISSIONING REGION,QWU,NHS COVENTRY AND WARWICKSHIRE INTEGRATED CARE BOARD
2025-26,M86035,HENLEY GREEN MEDICAL CENTRE,Y60,MIDLANDS COMMISSIONING REGION,QWU,NHS COVENTRY AND WARWICKSHIRE INTEGRATED CARE BOARD
2025-26,M86039,ALLESLEY VILLAGE SURGERY,Y60,MIDLANDS COMMISSIONING REGION,QWU,NHS COVENTRY AND WARWICKSHIRE INTEGRATED CARE BOARD
2025-26,M86044,PARK HOUSE,Y60,MIDLANDS COMMISSIONING REGION,QWU,NHS COVENTRY AND WARWICKSHIRE INTEGRATED CARE BOARD
2025-26,M86610,ST GEORGES ROAD SURGERY,Y60,MIDLANDS COMMISSIONING REGION,QWU,NHS COVENTRY AND WARWICKSHIRE INTEGRATED CARE BOARD
2025-26,M86627,STOKE ALDERMOOR MED CTRE,Y60,MIDLANDS COMMISSIONING REGION,QWU,NHS COVENTRY AND WARWICKSHIRE INTEGRATED CARE BOARD
2025-26,M86638,WOODWAY MEDICAL CENTRE,Y60,MIDLANDS COMMISSIONING REGION,QWU,NHS COVENTRY AND WARWICKSHIRE INTEGRATED CARE BOARD
2025-26,M87001,MEADOWBROOK SURGERY,Y60,MIDLANDS COMMISSIONING REGION,QUA,NHS BLACK COUNTRY INTEGRATED CARE BOARD
2025-26,M87005,THREE VILLAGES MEDICAL PRACTICE,Y60,MIDLANDS COMMISSIONING REGION,QUA,NHS BLACK COUNTRY INTEGRATED CARE BOARD
2025-26,M87009,AW SURGERIES,Y60,MIDLANDS COMMISSIONING REGION,QUA,NHS BLACK COUNTRY INTEGRATED CARE BOARD
2025-26,M87015,LOWER GORNAL MEDICAL PRACTICE,Y60,MIDLANDS COMMISSIONING REGION,QUA,NHS BLACK COUNTRY INTEGRATED CARE BOARD
2025-26,M87019,THE LIMES SURGERY MEDICAL CENTRE,Y60,MIDLANDS COMMISSIONING REGION,QUA,NHS BLACK COUNTRY INTEGRATED CARE BOARD
2025-26,M87036,BEAN MEDICAL PRACTICE,Y60,MIDLANDS COMMISSIONING REGION,QUA,NHS BLACK COUNTRY INTEGRATED CARE BOARD
2025-26,M87602,HALESOWEN MEDICAL PRACTICE,Y60,MIDLANDS COMMISSIONING REGION,QUA,NHS BLACK COUNTRY INTEGRATED CARE BOARD
2025-26,M87605,CENTRAL CLINIC,Y60,MIDLANDS COMMISSIONING REGION,QUA,NHS BLACK COUNTRY INTEGRATED CARE BOARD
2025-26,M87623,ALEXANDRA MEDICAL CENTRE,Y60,MIDLANDS COMMISSIONING REGION,QUA,NHS BLACK COUNTRY INTEGRATED CARE BOARD
2025-26,M88006,CAPE HILL MEDICAL CENTRE,Y60,MIDLANDS COMMISSIONING REGION,QUA,NHS BLACK COUNTRY INTEGRATED CARE BOARD
2025-26,M88010,SWANPOOL MEDICAL CENTRE,Y60,MIDLANDS COMMISSIONING REGION,QUA,NHS BLACK COUNTRY INTEGRATED CARE BOARD
2025-26,M88018,OLDBURY HEALTH CENTRE,Y60,MIDLANDS COMMISSIONING REGION,QUA,NHS BLACK COUNTRY INTEGRATED CARE BOARD
2025-26,M88023,TAME VALLEY MEDICAL CENTRE,Y60,MIDLANDS COMMISSIONING REGION,QUA,NHS BLACK COUNTRY INTEGRATED CARE BOARD
2025-26,M88040,ST PAUL'S MEDICAL PRACTICE,Y60,MIDLANDS COMMISSIONING REGION,QUA,NHS BLACK COUNTRY INTEGRATED CARE BOARD
2025-26,M88639,ST PAULS PARTNERS,Y60,MIDLANDS COMMISSIONING REGION,QUA,NHS BLACK COUNTRY INTEGRATED CARE BOARD
2025-26,M88646,DR DEWAN VK,Y60,MIDLANDS COMMISSIONING REGION,QUA,NHS BLACK COUNTRY INTEGRATED CARE BOARD
2025-26,M89002,KINGSHURST MEDICAL PRACTICE,Y60,MIDLANDS COMMISSIONING REGION,QHL,NHS BIRMINGHAM AND SOLIHULL INTEGRATED CARE BOARD
2025-26,M89007,RICHMOND MEDICAL CENTRE,Y60,MIDLANDS COMMISSIONING REGION,QHL,NHS BIRMINGHAM AND SOLIHULL INTEGRATED CARE BOARD
2025-26,M89008,BOSWORTH MEDICAL GROUP,Y60,MIDLANDS COMMISSIONING REGION,QHL,NHS BIRMINGHAM AND SOLIHULL INTEGRATED CARE BOARD
2025-26,M89012,CROFT MEDICAL CENTRE,Y60,MIDLANDS COMMISSIONING REGION,QHL,NHS BIRMINGHAM AND SOLIHULL INTEGRATED CARE BOARD
2025-26,M89016,BALSALL COMMON & MERIDEN GROUP PRACTICE,Y60,MIDLANDS COMMISSIONING REGION,QHL,NHS BIRMINGHAM AND SOLIHULL INTEGRATED CARE BOARD
2025-26,M91008,LITTLE LONDON SURGERY,Y60,MIDLANDS COMMISSIONING REGION,QUA,NHS BLACK COUNTRY INTEGRATED CARE BOARD
2025-26,M91015,UMBRELLA MEDICAL,Y60,MIDLANDS COMMISSIONING REGION,QUA,NHS BLACK COUNTRY INTEGRATED CARE BOARD
2025-26,M91018,SADDLERS HEALTH CENTRE,Y60,MIDLANDS COMMISSIONING REGION,QUA,NHS BLACK COUNTRY INTEGRATED CARE BOARD
2025-26,M91024,CHAPEL STREET SURGERY,Y60,MIDLANDS COMMISSIONING REGION,QUA,NHS BLACK COUNTRY INTEGRATED CARE BOARD
2025-26,M91029,MOSSLEY & DUDLEY FIELDS MEDICAL PRACTICE,Y60,MIDLANDS COMMISSIONING REGION,QUA,NHS BLACK COUNTRY INTEGRATED CARE BOARD
2025-26,M91602,KHAN MEDICAL PRACTICE,Y60,MIDLANDS COMMISSIONING REGION,QUA,NHS BLACK COUNTRY INTEGRATED CARE BOARD
2025-26,M91613,FORRESTER STREET MEDICAL CENTRE,Y60,MIDLANDS COMMISSIONING REGION,QUA,NHS BLACK COUNTRY INTEGRATED CARE BOARD
2025-26,M91626,HOLLAND PARK SURGERY,Y60,MIDLANDS COMMISSIONING REGION,QUA,NHS BLACK COUNTRY INTEGRATED CARE BOARD
2025-26,M91628,BRACE STREET HC- KUMAR,Y60,MIDLANDS COMMISSIONING REGION,QUA,NHS BLACK COUNTRY INTEGRATED CARE BOARD
2025-26,M91641,DARLASTON MEDICAL CENTRE,Y60,MIDLANDS COMMISSIONING REGION,QUA,NHS BLACK COUNTRY INTEGRATED CARE BOARD
2025-26,M91647,PILLAI,Y60,MIDLANDS COMMISSIONING REGION,QUA,NHS BLACK COUNTRY INTEGRATED CARE BOARD
2025-26,M92001,POPLARS MEDICAL CENTRE,Y60,MIDLANDS COMMISSIONING REGION,QUA,NHS BLACK COUNTRY INTEGRATED CARE BOARD
2025-26,A85006,GLENPARK & TEAMS MEDICAL SERVICES,Y63,NORTH EAST AND YORKSHIRE COMMISSIONING REGION,QHM,NHS NORTH EAST AND NORTH CUMBRIA INTEGRATED CARE BOARD
2025-26,A85011,ST. ALBANS MEDICAL GROUP,Y63,NORTH EAST AND YORKSHIRE COMMISSIONING REGION,QHM,NHS NORTH EAST AND NORTH CUMBRIA INTEGRATED CARE BOARD
2025-26,A85017,BEWICK ROAD SURGERY,Y63,NORTH EAST AND YORKSHIRE COMMISSIONING REGION,QHM,NHS NORTH EAST AND NORTH CUMBRIA INTEGRATED CARE BOARD
2025-26,A85019,CENTRAL GATESHEAD MEDICAL GROUP,Y63,NORTH EAST AND YORKSHIRE COMMISSIONING REGION,QHM,NHS NORTH EAST AND NORTH CUMBRIA INTEGRATED CARE BOARD
2025-26,A85020,WHICKHAM COTTAGE MEDICAL CENTRE,Y63,NORTH EAST AND YORKSHIRE COMMISSIONING REGION,QHM,NHS NORTH EAST AND NORTH CUMBRIA INTEGRATED CARE BOARD
2025-26,A85024,CHOPWELL PRIMARY HEALTHCARE CENTRE,Y63,NORTH EAST AND YORKSHIRE COMMISSIONING REGION,QHM,NHS NORTH EAST AND NORTH CUMBRIA INTEGRATED CARE BOARD
2025-26,A85611,PELAW MEDICAL PRACTICE,Y63,NORTH EAST AND YORKSHIRE COMMISSIONING REGION,QHM,NHS NORTH EAST AND NORTH CUMBRIA INTEGRATED CARE BOARD
2025-26,A86004,PROSPECT MEDICAL CENTRE,Y63,NORTH EAST AND YORKSHIRE COMMISSIONING REGION,QHM,NHS NORTH EAST AND NORTH CUMBRIA INTEGRATED CARE BOARD
2025-26,A86011,WALKER MEDICAL GROUP,Y63,NORTH EAST AND YORKSHIRE COMMISSIONING REGION,QHM,NHS NORTH EAST AND NORTH CUMBRIA INTEGRATED CARE BOARD
2025-26,A86033,BRUNTON PARK,Y63,NORTH EAST AND YORKSHIRE COMMISSIONING REGION,QHM,NHS NORTH EAST AND NORTH CUMBRIA INTEGRATED CARE BOARD
2025-26,A86037,ELSWICK FAMILY PRACTICE,Y63,NORTH EAST AND YORKSHIRE COMMISSIONING REGION,QHM,NHS NORTH EAST AND NORTH CUMBRIA INTEGRATED CARE BOARD
2025-26,A86601,DENTON TURRET MEDICAL CENTRE,Y63,NORTH EAST AND YORKSHIRE COMMISSIONING REGION,QHM,NHS NORTH EAST AND NORTH CUMBRIA INTEGRATED CARE BOARD
2025-26,A87005,WHITLEY BAY HEALTH CENTRE,Y63,NORTH EAST AND YORKSHIRE COMMISSIONING REGION,QHM,NHS NORTH EAST AND NORTH CUMBRIA INTEGRATED CARE BOARD
2025-26,A87009,PRIORY MEDICAL GROUP,Y63,NORTH EAST AND YORKSHIRE COMMISSIONING REGION,QHM,NHS NORTH EAST AND NORTH CUMBRIA INTEGRATED CARE BOARD
2025-26,M86028,CENTRAL MEDICAL CENTRE,Y60,MIDLANDS COMMISSIONING REGION,QWU,NHS COVENTRY AND WARWICKSHIRE INTEGRATED CARE BOARD
2025-26,M86032,HOLBROOKS HEALTH TEAM,Y60,MIDLANDS COMMISSIONING REGION,QWU,NHS COVENTRY AND WARWICKSHIRE INTEGRATED CARE BOARD
2025-26,M86034,WOODSIDE MEDICAL CENTRE,Y60,MIDLANDS COMMISSIONING REGION,QWU,NHS COVENTRY AND WARWICKSHIRE INTEGRATED CARE BOARD
2025-26,M86037,QUINTON PARK MEDICAL CENTRE,Y60,MIDLANDS COMMISSIONING REGION,QWU,NHS COVENTRY AND WARWICKSHIRE INTEGRATED CARE BOARD
2025-26,M86048,WINDMILL SURGERY,Y60,MIDLANDS COMMISSIONING REGION,QWU,NHS COVENTRY AND WARWICKSHIRE INTEGRATED CARE BOARD
2025-26,M87006,EVE HILL MEDICAL PRACTICE,Y60,MIDLANDS COMMISSIONING REGION,QUA,NHS BLACK COUNTRY INTEGRATED CARE BOARD
2025-26,M87011,LION HEALTH,Y60,MIDLANDS COMMISSIONING REGION,QUA,NHS BLACK COUNTRY INTEGRATED CARE BOARD
2025-26,M87014,LAPAL MEDICAL PRACTICE,Y60,MIDLANDS COMMISSIONING REGION,QUA,NHS BLACK COUNTRY INTEGRATED CARE BOARD
2025-26,M87016,WOODSETTON MEDICAL CENTRE,Y60,MIDLANDS COMMISSIONING REGION,QUA,NHS BLACK COUNTRY INTEGRATED CARE BOARD
2025-26,M87018,THE SUMMERHILL SURGERY,Y60,MIDLANDS COMMISSIONING REGION,QUA,NHS BLACK COUNTRY INTEGRATED CARE BOARD
2025-26,M87024,WYCHBURY MEDICAL GROUP,Y60,MIDLANDS COMMISSIONING REGION,QUA,NHS BLACK COUNTRY INTEGRATED CARE BOARD
2025-26,M87030,PEDMORE MEDICAL PRACTICE,Y60,MIDLANDS COMMISSIONING REGION,QUA,NHS BLACK COUNTRY INTEGRATED CARE BOARD
2025-26,M87041,RANGEWAYS ROAD SURGERY,Y60,MIDLANDS COMMISSIONING REGION,QUA,NHS BLACK COUNTRY INTEGRATED CARE BOARD
2025-26,M87612,ST JAMES MEDICAL PRACTICE1,Y60,MIDLANDS COMMISSIONING REGION,QUA,NHS BLACK COUNTRY INTEGRATED CARE BOARD
2025-26,M87618,QUINCY RISE SURGERY,Y60,MIDLANDS COMMISSIONING REGION,QUA,NHS BLACK COUNTRY INTEGRATED CARE BOARD
2025-26,M88001,THE VILLAGE MEDICAL CENTRE,Y60,MIDLANDS COMMISSIONING REGION,QUA,NHS BLACK COUNTRY INTEGRATED CARE BOARD
2025-26,M88002,THE SMETHWICK MEDICAL CENTRE,Y60,MIDLANDS COMMISSIONING REGION,QUA,NHS BLACK COUNTRY INTEGRATED CARE BOARD
2025-26,M88003,WARLEY MEDICAL CENTRE,Y60,MIDLANDS COMMISSIONING REGION,QUA,NHS BLACK COUNTRY INTEGRATED CARE BOARD
2025-26,M88015,GREAT BARR PRACTICE,Y60,MIDLANDS COMMISSIONING REGION,QUA,NHS BLACK COUNTRY INTEGRATED CARE BOARD
2025-26,M88619,DR ARORA RK,Y60,MIDLANDS COMMISSIONING REGION,QUA,NHS BLACK COUNTRY INTEGRATED CARE BOARD
2025-26,M88625,ST PAUL'S PARTNERSHIP - LYNG MEDICAL,Y60,MIDLANDS COMMISSIONING REGION,QUA,NHS BLACK COUNTRY INTEGRATED CARE BOARD
2025-26,M88635,DOG KENNEL LANE SURGERY,Y60,MIDLANDS COMMISSIONING REGION,QUA,NHS BLACK COUNTRY INTEGRATED CARE BOARD
2025-26,M88645,HILL TOP MEDICAL CENTRE,Y60,MIDLANDS COMMISSIONING REGION,QUA,NHS BLACK COUNTRY INTEGRATED CARE BOARD
2025-26,M89001,PARKFIELD MEDICAL CENTRE,Y60,MIDLANDS COMMISSIONING REGION,QHL,NHS BIRMINGHAM AND SOLIHULL INTEGRATED CARE BOARD
2025-26,M89003,GPS HEALTHCARE,Y60,MIDLANDS COMMISSIONING REGION,QHL,NHS BIRMINGHAM AND SOLIHULL INTEGRATED CARE BOARD
2025-26,M89005,ST. MARGARETS MEDICAL PRACTICE,Y60,MIDLANDS COMMISSIONING REGION,QHL,NHS BIRMINGHAM AND SOLIHULL INTEGRATED CARE BOARD
2025-26,M89009,MANOR HOUSE LANE SURGERY,Y60,MIDLANDS COMMISSIONING REGION,QHL,NHS BIRMINGHAM AND SOLIHULL INTEGRATED CARE BOARD
2025-26,M89017,SOLIHULL HEALTHCARE PARTNERSHIP,Y60,MIDLANDS COMMISSIONING REGION,QHL,NHS BIRMINGHAM AND SOLIHULL INTEGRATED CARE BOARD
2025-26,M89026,THE CASTLE PRACTICE,Y60,MIDLANDS COMMISSIONING REGION,QHL,NHS BIRMINGHAM AND SOLIHULL INTEGRATED CARE BOARD
2025-26,M89027,GREEN LANE SURGERY,Y60,MIDLANDS COMMISSIONING REGION,QHL,NHS BIRMINGHAM AND SOLIHULL INTEGRATED CARE BOARD
2025-26,M91007,ST JOHN'S MEDICAL CENTRE,Y60,MIDLANDS COMMISSIONING REGION,QUA,NHS BLACK COUNTRY INTEGRATED CARE BOARD
2025-26,M91014,BRACE STREET HEALTH CENTRE,Y60,MIDLANDS COMMISSIONING REGION,QUA,NHS BLACK COUNTRY INTEGRATED CARE BOARD
2025-26,M91019,RUSHALL MEDICAL CENTRE,Y60,MIDLANDS COMMISSIONING REGION,QUA,NHS BLACK COUNTRY INTEGRATED CARE BOARD
2025-26,M91028,MODALITY KINGFISHER DARLASTON PRACTICE,Y60,MIDLANDS COMMISSIONING REGION,QUA,NHS BLACK COUNTRY INTEGRATED CARE BOARD
2025-26,M91034,BLOXWICH MEDICAL PRACTICE,Y60,MIDLANDS COMMISSIONING REGION,QUA,NHS BLACK COUNTRY INTEGRATED CARE BOARD
2025-26,M91624,MOXLEY MEDICAL CENTRE,Y60,MIDLANDS COMMISSIONING REGION,QUA,NHS BLACK COUNTRY INTEGRATED CARE BOARD
2025-26,M91637,BLACKWOOD HEALTH CENTRE,Y60,MIDLANDS COMMISSIONING REGION,QUA,NHS BLACK COUNTRY INTEGRATED CARE BOARD
2025-26,M91642,QUESLETT MEDICAL CENTRE,Y60,MIDLANDS COMMISSIONING REGION,QHL,NHS BIRMINGHAM AND SOLIHULL INTEGRATED CARE BOARD
2025-26,M91654,HIGH STREET SURGERY,Y60,MIDLANDS COMMISSIONING REGION,QUA,NHS BLACK COUNTRY INTEGRATED CARE BOARD
2025-26,M92004,PRIMROSE LANE PRACTICE,Y60,MIDLANDS COMMISSIONING REGION,QUA,NHS BLACK COUNTRY INTEGRATED CARE BOARD
2025-26,M92008,CASTLECROFT MEDICAL PRACTICE,Y60,MIDLANDS COMMISSIONING REGION,QUA,NHS BLACK COUNTRY INTEGRATED CARE BOARD
2025-26,M92015,IMPROVING HEALTH (IH) MEDICAL,Y60,MIDLANDS COMMISSIONING REGION,QUA,NHS BLACK COUNTRY INTEGRATED CARE BOARD
2025-26,M92016,TUDOR MEDICAL CENTRE,Y60,MIDLANDS COMMISSIONING REGION,QUA,NHS BLACK COUNTRY INTEGRATED CARE BOARD
2025-26,M92019,KEATS GROVE SURGERY,Y60,MIDLANDS COMMISSIONING REGION,QUA,NHS BLACK COUNTRY INTEGRATED CARE BOARD
2025-26,M92028,THORNLEY STREET SURGERY,Y60,MIDLANDS COMMISSIONING REGION,QUA,NHS BLACK COUNTRY INTEGRATED CARE BOARD
2025-26,M92039,DR ST PIERRE-LIBBERTON,Y60,MIDLANDS COMMISSIONING REGION,QUA,NHS BLACK COUNTRY INTEGRATED CARE BOARD
2025-26,M92607,WHITMORE REANS MEDICAL PRACTICE,Y60,MIDLANDS COMMISSIONING REGION,QUA,NHS BLACK COUNTRY INTEGRATED CARE BOARD
2025-26,N81006,BUNBURY MEDICAL PRACTICE,Y62,NORTH WEST COMMISSIONING REGION,QYG,NHS CHESHIRE AND MERSEYSIDE INTEGRATED CARE BOARD
2025-26,N81027,READESMOOR MEDICAL GROUP PRACTICE,Y62,NORTH WEST COMMISSIONING REGION,QYG,NHS CHESHIRE AND MERSEYSIDE INTEGRATED CARE BOARD
2025-26,N81028,CAUSEWAY MEDICAL CENTRE,Y62,NORTH WEST COMMISSIONING REGION,QYG,NHS CHESHIRE AND MERSEYSIDE INTEGRATED CARE BOARD
2025-26,N81032,ASHFIELDS PRIMARY CARE CENTRE,Y62,NORTH WEST COMMISSIONING REGION,QYG,NHS CHESHIRE AND MERSEYSIDE INTEGRATED CARE BOARD
2025-26,N81033,ALDERLEY EDGE MEDICAL CENTRE,Y62,NORTH WEST COMMISSIONING REGION,QYG,NHS CHESHIRE AND MERSEYSIDE INTEGRATED CARE BOARD
2025-26,N81035,FIR PARK MEDICAL CENTRE,Y62,NORTH WEST COMMISSIONING REGION,QYG,NHS CHESHIRE AND MERSEYSIDE INTEGRATED CARE BOARD
2025-26,N81039,OAKLANDS,Y62,NORTH WEST COMMISSIONING REGION,QYG,NHS CHESHIRE AND MERSEYSIDE INTEGRATED CARE BOARD
2025-26,N81040,HIGH STREET PRACTICE WINSFORD,Y62,NORTH WEST COMMISSIONING REGION,QYG,NHS CHESHIRE AND MERSEYSIDE INTEGRATED CARE BOARD
2025-26,N81041,HELSBY STREET MED/CTR,Y62,NORTH WEST COMMISSIONING REGION,QYG,NHS CHESHIRE AND MERSEYSIDE INTEGRATED CARE BOARD
2025-26,N81044,HUNGERFORD MEDICAL CENTRE,Y62,NORTH WEST COMMISSIONING REGION,QYG,NHS CHESHIRE AND MERSEYSIDE INTEGRATED CARE BOARD
2025-26,N81045,PEELHOUSE MEDICAL PLAZA,Y62,NORTH WEST COMMISSIONING REGION,QYG,NHS CHESHIRE AND MERSEYSIDE INTEGRATED CARE BOARD
2025-26,N81049,KNUTSFORD MEDICAL PARTNERSHIP,Y62,NORTH WEST COMMISSIONING REGION,QYG,NHS CHESHIRE AND MERSEYSIDE INTEGRATED CARE BOARD
2025-26,N81051,THE WEAVERHAM SURGERY,Y62,NORTH WEST COMMISSIONING REGION,QYG,NHS CHESHIRE AND MERSEYSIDE INTEGRATED CARE BOARD
2025-26,N81054,WEAVER VALE PRACTICE,Y62,NORTH WEST COMMISSIONING REGION,QYG,NHS CHESHIRE AND MERSEYSIDE INTEGRATED CARE BOARD
2025-26,N81059,CULCHETH MEDICAL CENTRE,Y62,NORTH WEST COMMISSIONING REGION,QYG,NHS CHESHIRE AND MERSEYSIDE INTEGRATED CARE BOARD
2025-26,N81060,NESTON SURGERY,Y62,NORTH WEST COMMISSIONING REGION,QYG,NHS CHESHIRE AND MERSEYSIDE INTEGRATED CARE BOARD
2025-26,N81067,OAKWOOD MEDICAL CENTRE,Y62,NORTH WEST COMMISSIONING REGION,QYG,NHS CHESHIRE AND MERSEYSIDE INTEGRATED CARE BOARD
2025-26,N81074,LAUNCESTON CLOSE SURGERY,Y62,NORTH WEST COMMISSIONING REGION,QYG,NHS CHESHIRE AND MERSEYSIDE INTEGRATED CARE BOARD
2025-26,N81077,THE HEALTH CENTRE (HOLMES CHAPEL),Y62,NORTH WEST COMMISSIONING REGION,QYG,NHS CHESHIRE AND MERSEYSIDE INTEGRATED CARE BOARD
2025-26,N81081,GARDEN LANE MEDICAL CTR.,Y62,NORTH WEST COMMISSIONING REGION,QYG,NHS CHESHIRE AND MERSEYSIDE INTEGRATED CARE BOARD
2025-26,N81087,DANEBRIDGE MEDICAL CENTRE,Y62,NORTH WEST COMMISSIONING REGION,QYG,NHS CHESHIRE AND MERSEYSIDE INTEGRATED CARE BOARD
2025-26,N81090,TUDOR SURGERY,Y62,NORTH WEST COMMISSIONING REGION,QYG,NHS CHESHIRE AND MERSEYSIDE INTEGRATED CARE BOARD
2025-26,N81093,WHITBY HEALTH PARTNERSHIP,Y62,NORTH WEST COMMISSIONING REGION,QYG,NHS CHESHIRE AND MERSEYSIDE INTEGRATED CARE BOARD
2025-26,N81097,DALLAM LANE MEDICAL CENTRE,Y62,NORTH WEST COMMISSIONING REGION,QYG,NHS CHESHIRE AND MERSEYSIDE INTEGRATED CARE BOARD
2025-26,N81113,MIDDLEWICH ROAD SURGERY,Y62,NORTH WEST COMMISSIONING REGION,QYG,NHS CHESHIRE AND MERSEYSIDE INTEGRATED CARE BOARD
2025-26,N81122,WESTBROOK MEDICAL CENTRE,Y62,NORTH WEST COMMISSIONING REGION,QYG,NHS CHESHIRE AND MERSEYSIDE INTEGRATED CARE BOARD
2025-26,N81607,WESTMINSTER SURGERY,Y62,NORTH WEST COMMISSIONING REGION,QYG,NHS CHESHIRE AND MERSEYSIDE INTEGRATED CARE BOARD
2025-26,N81614,THE SURGERY,Y62,NORTH WEST COMMISSIONING REGION,QYG,NHS CHESHIRE AND MERSEYSIDE INTEGRATED CARE BOARD
2025-26,N81637,COCKHEDGE MEDICAL CENTRE,Y62,NORTH WEST COMMISSIONING REGION,QYG,NHS CHESHIRE AND MERSEYSIDE INTEGRATED CARE BOARD
2025-26,N81645,4 SEASONS MEDICAL CENTRE,Y62,NORTH WEST COMMISSIONING REGION,QYG,NHS CHESHIRE AND MERSEYSIDE INTEGRATED CARE BOARD
2025-26,N82001,THE MARGARET THOMPSON MED CENTRE,Y62,NORTH WEST COMMISSIONING REGION,QYG,NHS CHESHIRE AND MERSEYSIDE INTEGRATED CARE BOARD
2025-26,M92009,PRESTBURY MEDICAL PRACTICE,Y60,MIDLANDS COMMISSIONING REGION,QUA,NHS BLACK COUNTRY INTEGRATED CARE BOARD
2025-26,M92010,TETTENHALL MEDICAL PRACTICE,Y60,MIDLANDS COMMISSIONING REGION,QUA,NHS BLACK COUNTRY INTEGRATED CARE BOARD
2025-26,M92011,RWT PRACTICES PENN MANOR MEDICAL CENTRE,Y60,MIDLANDS COMMISSIONING REGION,QUA,NHS BLACK COUNTRY INTEGRATED CARE BOARD
2025-26,M92012,DUNCAN STREET PRIMARY CARE CENTRE,Y60,MIDLANDS COMMISSIONING REGION,QUA,NHS BLACK COUNTRY INTEGRATED CARE BOARD
2025-26,M92013,DR SINHA & TAHIR,Y60,MIDLANDS COMMISSIONING REGION,QUA,NHS BLACK COUNTRY INTEGRATED CARE BOARD
2025-26,M92022,ASHMORE PARK MEDICAL CENTRE,Y60,MIDLANDS COMMISSIONING REGION,QUA,NHS BLACK COUNTRY INTEGRATED CARE BOARD
2025-26,M92029,NEWBRIDGE SURGERY,Y60,MIDLANDS COMMISSIONING REGION,QUA,NHS BLACK COUNTRY INTEGRATED CARE BOARD
2025-26,M92040,MAYFIELD MEDICAL PRACTICE,Y60,MIDLANDS COMMISSIONING REGION,QUA,NHS BLACK COUNTRY INTEGRATED CARE BOARD
2025-26,M92654,BAGARY'S MEDICAL PRACTICE,Y60,MIDLANDS COMMISSIONING REGION,QUA,NHS BLACK COUNTRY INTEGRATED CARE BOARD
2025-26,N81001,AUDLEM MEDICAL PRACTICE,Y62,NORTH WEST COMMISSIONING REGION,QYG,NHS CHESHIRE AND MERSEYSIDE INTEGRATED CARE BOARD
2025-26,N81005,HELSBY HEALTH CENTRE,Y62,NORTH WEST COMMISSIONING REGION,QYG,NHS CHESHIRE AND MERSEYSIDE INTEGRATED CARE BOARD
2025-26,N81007,HOLES LANE MEDICAL LTD.,Y62,NORTH WEST COMMISSIONING REGION,QYG,NHS CHESHIRE AND MERSEYSIDE INTEGRATED CARE BOARD
2025-26,N81009,HEATH LANE MEDICAL CENTRE,Y62,NORTH WEST COMMISSIONING REGION,QYG,NHS CHESHIRE AND MERSEYSIDE INTEGRATED CARE BOARD
2025-26,N81012,GUARDIAN STREET MED/CTR,Y62,NORTH WEST COMMISSIONING REGION,QYG,NHS CHESHIRE AND MERSEYSIDE INTEGRATED CARE BOARD
2025-26,N81013,HIGH STREET SURGERY,Y62,NORTH WEST COMMISSIONING REGION,QYG,NHS CHESHIRE AND MERSEYSIDE INTEGRATED CARE BOARD
2025-26,N81014,BROOKFIELD SURGERY,Y62,NORTH WEST COMMISSIONING REGION,QYG,NHS CHESHIRE AND MERSEYSIDE INTEGRATED CARE BOARD
2025-26,N81020,PENKETH HEALTH CENTRE,Y62,NORTH WEST COMMISSIONING REGION,QYG,NHS CHESHIRE AND MERSEYSIDE INTEGRATED CARE BOARD
2025-26,N81036,SPRINGFIELDS MEDICAL CENTRE,Y62,NORTH WEST COMMISSIONING REGION,QYG,NHS CHESHIRE AND MERSEYSIDE INTEGRATED CARE BOARD
2025-26,N81043,HASLINGTON SURGERY,Y62,NORTH WEST COMMISSIONING REGION,QYG,NHS CHESHIRE AND MERSEYSIDE INTEGRATED CARE BOARD
2025-26,N81047,THE KILTEARN MEDICAL CTR.,Y62,NORTH WEST COMMISSIONING REGION,QYG,NHS CHESHIRE AND MERSEYSIDE INTEGRATED CARE BOARD
2025-26,N81050,GREAT SUTTON MEDICAL CENTRE,Y62,NORTH WEST COMMISSIONING REGION,QYG,NHS CHESHIRE AND MERSEYSIDE INTEGRATED CARE BOARD
2025-26,N81052,LAWTON HOUSE SURGERY,Y62,NORTH WEST COMMISSIONING REGION,QYG,NHS CHESHIRE AND MERSEYSIDE INTEGRATED CARE BOARD
2025-26,N81057,TOWER HOUSE PRACTICE,Y62,NORTH WEST COMMISSIONING REGION,QYG,NHS CHESHIRE AND MERSEYSIDE INTEGRATED CARE BOARD
2025-26,N81065,LATCHFORD MEDICAL CENTRE,Y62,NORTH WEST COMMISSIONING REGION,QYG,NHS CHESHIRE AND MERSEYSIDE INTEGRATED CARE BOARD
2025-26,N81079,THE ELMS MEDICAL CENTRE,Y62,NORTH WEST COMMISSIONING REGION,QYG,NHS CHESHIRE AND MERSEYSIDE INTEGRATED CARE BOARD
2025-26,N81080,NORTHGATE MEDICAL CENTRE,Y62,NORTH WEST COMMISSIONING REGION,QYG,NHS CHESHIRE AND MERSEYSIDE INTEGRATED CARE BOARD
2025-26,N81082,CITY WALLS MEDICAL CENTRE,Y62,NORTH WEST COMMISSIONING REGION,QYG,NHS CHESHIRE AND MERSEYSIDE INTEGRATED CARE BOARD
2025-26,N81085,PARK LANE SURGERY,Y62,NORTH WEST COMMISSIONING REGION,QYG,NHS CHESHIRE AND MERSEYSIDE INTEGRATED CARE BOARD
2025-26,N81089,GREENBANK SURGERY,Y62,NORTH WEST COMMISSIONING REGION,QYG,NHS CHESHIRE AND MERSEYSIDE INTEGRATED CARE BOARD
2025-26,N81100,UPTON VILLAGE SURGERY,Y62,NORTH WEST COMMISSIONING REGION,QYG,NHS CHESHIRE AND MERSEYSIDE INTEGRATED CARE BOARD
2025-26,N81101,THE HANDBRIDGE MED.CTR.,Y62,NORTH WEST COMMISSIONING REGION,QYG,NHS CHESHIRE AND MERSEYSIDE INTEGRATED CARE BOARD
2025-26,N81111,MEREPARK MEDICAL CENTRE,Y62,NORTH WEST COMMISSIONING REGION,QYG,NHS CHESHIRE AND MERSEYSIDE INTEGRATED CARE BOARD
2025-26,N81118,MEADOWSIDE MEDICAL CENTRE,Y62,NORTH WEST COMMISSIONING REGION,QYG,NHS CHESHIRE AND MERSEYSIDE INTEGRATED CARE BOARD
2025-26,N81127,THE WEAVER VALE SURGERY,Y62,NORTH WEST COMMISSIONING REGION,QYG,NHS CHESHIRE AND MERSEYSIDE INTEGRATED CARE BOARD
2025-26,N82019,LANGBANK MEDICAL CENTRE,Y62,NORTH WEST COMMISSIONING REGION,QYG,NHS CHESHIRE AND MERSEYSIDE INTEGRATED CARE BOARD
2025-26,N82022,BEACON HEALTH KENSINGTON,Y62,NORTH WEST COMMISSIONING REGION,QYG,NHS CHESHIRE AND MERSEYSIDE INTEGRATED CARE BOARD
2025-26,N82039,STORRSDALE MEDICAL CENTRE,Y62,NORTH WEST COMMISSIONING REGION,QYG,NHS CHESHIRE AND MERSEYSIDE INTEGRATED CARE BOARD
2025-26,N82050,GATEACRE MEDICAL CENTRE,Y62,NORTH WEST COMMISSIONING REGION,QYG,NHS CHESHIRE AND MERSEYSIDE INTEGRATED CARE BOARD
2025-26,N82052,TOWNSEND MEDICAL CENTRE,Y62,NORTH WEST COMMISSIONING REGION,QYG,NHS CHESHIRE AND MERSEYSIDE INTEGRATED CARE BOARD
2025-26,N82054,ABERCROMBY FAMILY PRACTICE,Y62,NORTH WEST COMMISSIONING REGION,QYG,NHS CHESHIRE AND MERSEYSIDE INTEGRATED CARE BOARD
2025-26,N82062,FULWOOD GREEN MEDICAL CTR,Y62,NORTH WEST COMMISSIONING REGION,QYG,NHS CHESHIRE AND MERSEYSIDE INTEGRATED CARE BOARD
2025-26,N82082,ST. JAMES' HEALTH CENTRE,Y62,NORTH WEST COMMISSIONING REGION,QYG,NHS CHESHIRE AND MERSEYSIDE INTEGRATED CARE BOARD
2025-26,N82087,GILLMOSS MEDICAL CENTRE,Y62,NORTH WEST COMMISSIONING REGION,QYG,NHS CHESHIRE AND MERSEYSIDE INTEGRATED CARE BOARD
2025-26,N82092,THE VALLEY MEDICAL CENTRE,Y62,NORTH WEST COMMISSIONING REGION,QYG,NHS CHESHIRE AND MERSEYSIDE INTEGRATED CARE BOARD
2025-26,N82107,BEACON HEALTH MOSSLEY HILL,Y62,NORTH WEST COMMISSIONING REGION,QYG,NHS CHESHIRE AND MERSEYSIDE INTEGRATED CARE BOARD
2025-26,N82641,SANDRINGHAM MEDICAL CENTRE,Y62,NORTH WEST COMMISSIONING REGION,QYG,NHS CHESHIRE AND MERSEYSIDE INTEGRATED CARE BOARD
2025-26,N82648,POULTER ROAD MEDICAL CENTRE,Y62,NORTH WEST COMMISSIONING REGION,QYG,NHS CHESHIRE AND MERSEYSIDE INTEGRATED CARE BOARD
2025-26,N82650,SPEKE HC - DR SINGH & DR BICHA,Y62,NORTH WEST COMMISSIONING REGION,QYG,NHS CHESHIRE AND MERSEYSIDE INTEGRATED CARE BOARD
2025-26,N82663,HORNSPIT MEDICAL CENTRE,Y62,NORTH WEST COMMISSIONING REGION,QYG,NHS CHESHIRE AND MERSEYSIDE INTEGRATED CARE BOARD
2025-26,N82669,GREAT HOMER STREET MEDICAL CENTRE,Y62,NORTH WEST COMMISSIONING REGION,QYG,NHS CHESHIRE AND MERSEYSIDE INTEGRATED CARE BOARD
2025-26,N83002,PATTERDALE LODGE MED CTRE,Y62,NORTH WEST COMMISSIONING REGION,QYG,NHS CHESHIRE AND MERSEYSIDE INTEGRATED CARE BOARD
2025-26,N83005,VISTA ROAD SURGERY,Y62,NORTH WEST COMMISSIONING REGION,QYG,NHS CHESHIRE AND MERSEYSIDE INTEGRATED CARE BOARD
2025-26,N83009,WINGATE MEDICAL CENTRE,Y62,NORTH WEST COMMISSIONING REGION,QYG,NHS CHESHIRE AND MERSEYSIDE INTEGRATED CARE BOARD
2025-26,N83013,THE HEALTH CENTRE SURGERY,Y62,NORTH WEST COMMISSIONING REGION,QYG,NHS CHESHIRE AND MERSEYSIDE INTEGRATED CARE BOARD
2025-26,N83020,MODALITY ST HELENS,Y62,NORTH WEST COMMISSIONING REGION,QYG,NHS CHESHIRE AND MERSEYSIDE INTEGRATED CARE BOARD
2025-26,N83030,DR M SUARES' PRACTICE,Y62,NORTH WEST COMMISSIONING REGION,QYG,NHS CHESHIRE AND MERSEYSIDE INTEGRATED CARE BOARD
2025-26,N83041,RAINFORD HEALTH CENTRE,Y62,NORTH WEST COMMISSIONING REGION,QYG,NHS CHESHIRE AND MERSEYSIDE INTEGRATED CARE BOARD
2025-26,N83609,CEDAR CROSS MEDICAL CENTRE,Y62,NORTH WEST COMMISSIONING REGION,QYG,NHS CHESHIRE AND MERSEYSIDE INTEGRATED CARE BOARD
2025-26,N83633,NUTGROVE VILLA SURGERY,Y62,NORTH WEST COMMISSIONING REGION,QYG,NHS CHESHIRE AND MERSEYSIDE INTEGRATED CARE BOARD
2025-26,N84001,42 KINGSWAY,Y62,NORTH WEST COMMISSIONING REGION,QYG,NHS CHESHIRE AND MERSEYSIDE INTEGRATED CARE BOARD
2025-26,N84006,CHAPEL LANE SURGERY,Y62,NORTH WEST COMMISSIONING REGION,QYG,NHS CHESHIRE AND MERSEYSIDE INTEGRATED CARE BOARD
2025-26,N84010,MAGHULL FAMILY SURGERY,Y62,NORTH WEST COMMISSIONING REGION,QYG,NHS CHESHIRE AND MERSEYSIDE INTEGRATED CARE BOARD
2025-26,N84011,EASTVIEW SURGERY,Y62,NORTH WEST COMMISSIONING REGION,QYG,NHS CHESHIRE AND MERSEYSIDE INTEGRATED CARE BOARD
2025-26,N84024,GRANGE SURGERY,Y62,NORTH WEST COMMISSIONING REGION,QYG,NHS CHESHIRE AND MERSEYSIDE INTEGRATED CARE BOARD
2025-26,N84028,THE STRAND MEDICAL CENTRE,Y62,NORTH WEST COMMISSIONING REGION,QYG,NHS CHESHIRE AND MERSEYSIDE INTEGRATED CARE BOARD
2025-26,N84034,PARK STREET SURGERY,Y62,NORTH WEST COMMISSIONING REGION,QYG,NHS CHESHIRE AND MERSEYSIDE INTEGRATED CARE BOARD
2025-26,N84605,LITHERLAND PRACTICE,Y62,NORTH WEST COMMISSIONING REGION,QYG,NHS CHESHIRE AND MERSEYSIDE INTEGRATED CARE BOARD
2025-26,N84617,KEW SURGERY,Y62,NORTH WEST COMMISSIONING REGION,QYG,NHS CHESHIRE AND MERSEYSIDE INTEGRATED CARE BOARD
2025-26,N84621,GREAT CROSBY AND THORNTON,Y62,NORTH WEST COMMISSIONING REGION,QYG,NHS CHESHIRE AND MERSEYSIDE INTEGRATED CARE BOARD
2025-26,N85005,EASTHAM GROUP PRACTICE,Y62,NORTH WEST COMMISSIONING REGION,QYG,NHS CHESHIRE AND MERSEYSIDE INTEGRATED CARE BOARD
2025-26,N85006,CIVIC MEDICAL CENTRE,Y62,NORTH WEST COMMISSIONING REGION,QYG,NHS CHESHIRE AND MERSEYSIDE INTEGRATED CARE BOARD
2025-26,N85007,MYRTLE GROUP PRACTICE,Y62,NORTH WEST COMMISSIONING REGION,QYG,NHS CHESHIRE AND MERSEYSIDE INTEGRATED CARE BOARD
2025-26,N85016,RIVERSIDE SURGERY,Y62,NORTH WEST COMMISSIONING REGION,QYG,NHS CHESHIRE AND MERSEYSIDE INTEGRATED CARE BOARD
2025-26,N85018,THE VILLA MEDICAL CENTRE,Y62,NORTH WEST COMMISSIONING REGION,QYG,NHS CHESHIRE AND MERSEYSIDE INTEGRATED CARE BOARD
2025-26,N85022,HOLMLANDS MED CTR,Y62,NORTH WEST COMMISSIONING REGION,QYG,NHS CHESHIRE AND MERSEYSIDE INTEGRATED CARE BOARD
2025-26,N85046,HOYLAKE RD MET CTR,Y62,NORTH WEST COMMISSIONING REGION,QYG,NHS CHESHIRE AND MERSEYSIDE INTEGRATED CARE BOARD
2025-26,N85052,GROVE RD SURGERY,Y62,NORTH WEST COMMISSIONING REGION,QYG,NHS CHESHIRE AND MERSEYSIDE INTEGRATED CARE BOARD
2025-26,N85059,HOYLAKE & MEOLS MEDICAL CTR,Y62,NORTH WEST COMMISSIONING REGION,QYG,NHS CHESHIRE AND MERSEYSIDE INTEGRATED CARE BOARD
2025-26,N82003,DOVECOT HEALTH CENTRE,Y62,NORTH WEST COMMISSIONING REGION,QYG,NHS CHESHIRE AND MERSEYSIDE INTEGRATED CARE BOARD
2025-26,N82004,GARSTON FAMILY HEALTH CENTRE,Y62,NORTH WEST COMMISSIONING REGION,QYG,NHS CHESHIRE AND MERSEYSIDE INTEGRATED CARE BOARD
2025-26,N82009,GRASSENDALE MEDICAL CENTRE,Y62,NORTH WEST COMMISSIONING REGION,QYG,NHS CHESHIRE AND MERSEYSIDE INTEGRATED CARE BOARD
2025-26,N82018,ELLERGREEN MEDICAL CENTRE,Y62,NORTH WEST COMMISSIONING REGION,QYG,NHS CHESHIRE AND MERSEYSIDE INTEGRATED CARE BOARD
2025-26,N82026,PENNY LANE SURGERY,Y62,NORTH WEST COMMISSIONING REGION,QYG,NHS CHESHIRE AND MERSEYSIDE INTEGRATED CARE BOARD
2025-26,N82035,MATHER AVENUE SURGERY,Y62,NORTH WEST COMMISSIONING REGION,QYG,NHS CHESHIRE AND MERSEYSIDE INTEGRATED CARE BOARD
2025-26,N82048,WALTON MEDICAL CENTRE,Y62,NORTH WEST COMMISSIONING REGION,QYG,NHS CHESHIRE AND MERSEYSIDE INTEGRATED CARE BOARD
2025-26,N82059,GREENBANK DRIVE SURGERY,Y62,NORTH WEST COMMISSIONING REGION,QYG,NHS CHESHIRE AND MERSEYSIDE INTEGRATED CARE BOARD
2025-26,N82074,OLD SWAN HEALTH CENTRE,Y62,NORTH WEST COMMISSIONING REGION,QYG,NHS CHESHIRE AND MERSEYSIDE INTEGRATED CARE BOARD
2025-26,N82079,GREENBANK ROAD SURGERY,Y62,NORTH WEST COMMISSIONING REGION,QYG,NHS CHESHIRE AND MERSEYSIDE INTEGRATED CARE BOARD
2025-26,N82083,JUBILEE MEDICAL CENTRE,Y62,NORTH WEST COMMISSIONING REGION,QYG,NHS CHESHIRE AND MERSEYSIDE INTEGRATED CARE BOARD
2025-26,N82084,GATEACRE BROW SURGERY,Y62,NORTH WEST COMMISSIONING REGION,QYG,NHS CHESHIRE AND MERSEYSIDE INTEGRATED CARE BOARD
2025-26,N82093,DERBY LANE MEDICAL CENTRE,Y62,NORTH WEST COMMISSIONING REGION,QYG,NHS CHESHIRE AND MERSEYSIDE INTEGRATED CARE BOARD
2025-26,N82095,ALBION SURGERY,Y62,NORTH WEST COMMISSIONING REGION,QYG,NHS CHESHIRE AND MERSEYSIDE INTEGRATED CARE BOARD
2025-26,N82106,THE VILLAGE MEDICAL CTRE,Y62,NORTH WEST COMMISSIONING REGION,QYG,NHS CHESHIRE AND MERSEYSIDE INTEGRATED CARE BOARD
2025-26,N82108,RUTHERFORD MEDICAL CENTRE,Y62,NORTH WEST COMMISSIONING REGION,QYG,NHS CHESHIRE AND MERSEYSIDE INTEGRATED CARE BOARD
2025-26,N85643,PRENTON & WOODCHURCH MEDICAL CENTRE,Y62,NORTH WEST COMMISSIONING REGION,QYG,NHS CHESHIRE AND MERSEYSIDE INTEGRATED CARE BOARD
2025-26,P81005,LITTLE HARWOOD HEALTH CENTRE,Y62,NORTH WEST COMMISSIONING REGION,QE1,NHS LANCASHIRE AND SOUTH CUMBRIA INTEGRATED CARE BOARD
2025-26,P81008,YORKSHIRE STREET MEDICAL CENTRE,Y62,NORTH WEST COMMISSIONING REGION,QE1,NHS LANCASHIRE AND SOUTH CUMBRIA INTEGRATED CARE BOARD
2025-26,P81013,QUEEN SQUARE MEDICAL PRACTICE,Y62,NORTH WEST COMMISSIONING REGION,QE1,NHS LANCASHIRE AND SOUTH CUMBRIA INTEGRATED CARE BOARD
2025-26,P81018,ST FILLAN'S MEDICAL CTRE,Y62,NORTH WEST COMMISSIONING REGION,QE1,NHS LANCASHIRE AND SOUTH CUMBRIA INTEGRATED CARE BOARD
2025-26,P81032,REEDYFORD HLTH CARE GROUP,Y62,NORTH WEST COMMISSIONING REGION,QE1,NHS LANCASHIRE AND SOUTH CUMBRIA INTEGRATED CARE BOARD
2025-26,P81037,ANSDELL MEDICAL CENTRE,Y62,NORTH WEST COMMISSIONING REGION,QE1,NHS LANCASHIRE AND SOUTH CUMBRIA INTEGRATED CARE BOARD
2025-26,P81038,THE CHORLEY SURGERY,Y62,NORTH WEST COMMISSIONING REGION,QE1,NHS LANCASHIRE AND SOUTH CUMBRIA INTEGRATED CARE BOARD
2025-26,P81044,LIBRARY HOUSE SURGERY,Y62,NORTH WEST COMMISSIONING REGION,QE1,NHS LANCASHIRE AND SOUTH CUMBRIA INTEGRATED CARE BOARD
2025-26,P81047,PARKSIDE SURGERY,Y62,NORTH WEST COMMISSIONING REGION,QE1,NHS LANCASHIRE AND SOUTH CUMBRIA INTEGRATED CARE BOARD
2025-26,P81054,MARTON MEDICAL PRACTICE,Y62,NORTH WEST COMMISSIONING REGION,QE1,NHS LANCASHIRE AND SOUTH CUMBRIA INTEGRATED CARE BOARD
2025-26,P81062,REGENT HOUSE SURGERY,Y62,NORTH WEST COMMISSIONING REGION,QE1,NHS LANCASHIRE AND SOUTH CUMBRIA INTEGRATED CARE BOARD
2025-26,P81066,LAYTON MEDICAL CENTRE,Y62,NORTH WEST COMMISSIONING REGION,QE1,NHS LANCASHIRE AND SOUTH CUMBRIA INTEGRATED CARE BOARD
2025-26,P81069,PENDLESIDE MEDICAL PRACT,Y62,NORTH WEST COMMISSIONING REGION,QE1,NHS LANCASHIRE AND SOUTH CUMBRIA INTEGRATED CARE BOARD
2025-26,P81073,CLEVELEYS GROUP PRACTICE,Y62,NORTH WEST COMMISSIONING REGION,QE1,NHS LANCASHIRE AND SOUTH CUMBRIA INTEGRATED CARE BOARD
2025-26,N82113,FAIRFIELD MEDICAL CENTRE,Y62,NORTH WEST COMMISSIONING REGION,QYG,NHS CHESHIRE AND MERSEYSIDE INTEGRATED CARE BOARD
2025-26,N82115,VAUXHALL HEALTH CENTRE,Y62,NORTH WEST COMMISSIONING REGION,QYG,NHS CHESHIRE AND MERSEYSIDE INTEGRATED CARE BOARD
2025-26,N82633,CALVARY HEALTH CENTRE,Y62,NORTH WEST COMMISSIONING REGION,QYG,NHS CHESHIRE AND MERSEYSIDE INTEGRATED CARE BOARD
2025-26,N82655,MOSS WAY,Y62,NORTH WEST COMMISSIONING REGION,QYG,NHS CHESHIRE AND MERSEYSIDE INTEGRATED CARE BOARD
2025-26,N82668,WALTON VILLAGE MEDICAL CENTRE,Y62,NORTH WEST COMMISSIONING REGION,QYG,NHS CHESHIRE AND MERSEYSIDE INTEGRATED CARE BOARD
2025-26,N82676,FIR TREE,Y62,NORTH WEST COMMISSIONING REGION,QYG,NHS CHESHIRE AND MERSEYSIDE INTEGRATED CARE BOARD
2025-26,N83007,LINGHOLME HEALTH CENTRE,Y62,NORTH WEST COMMISSIONING REGION,QYG,NHS CHESHIRE AND MERSEYSIDE INTEGRATED CARE BOARD
2025-26,N83008,BERRYMEAD FAMILY MED.CTR.,Y62,NORTH WEST COMMISSIONING REGION,QYG,NHS CHESHIRE AND MERSEYSIDE INTEGRATED CARE BOARD
2025-26,N83010,RAINHILL VILLAGE SURGERY,Y62,NORTH WEST COMMISSIONING REGION,QYG,NHS CHESHIRE AND MERSEYSIDE INTEGRATED CARE BOARD
2025-26,N83023,ATLAS MEDICAL PRACTICE,Y62,NORTH WEST COMMISSIONING REGION,QYG,NHS CHESHIRE AND MERSEYSIDE INTEGRATED CARE BOARD
2025-26,N83024,PARK HOUSE MEDICAL CENTRE,Y62,NORTH WEST COMMISSIONING REGION,QYG,NHS CHESHIRE AND MERSEYSIDE INTEGRATED CARE BOARD
2025-26,N83032,MILLBROOK MEDICAL CENTRE,Y62,NORTH WEST COMMISSIONING REGION,QYG,NHS CHESHIRE AND MERSEYSIDE INTEGRATED CARE BOARD
2025-26,N83035,THE SPINNEY MEDICAL CTR.,Y62,NORTH WEST COMMISSIONING REGION,QYG,NHS CHESHIRE AND MERSEYSIDE INTEGRATED CARE BOARD
2025-26,N83614,ECCLESTON MEDICAL CENTRE,Y62,NORTH WEST COMMISSIONING REGION,QYG,NHS CHESHIRE AND MERSEYSIDE INTEGRATED CARE BOARD
2025-26,N83619,ROBY MEDICAL CENTRE,Y62,NORTH WEST COMMISSIONING REGION,QYG,NHS CHESHIRE AND MERSEYSIDE INTEGRATED CARE BOARD
2025-26,N83622,PRIMROSE MEDICAL PRACTICE,Y62,NORTH WEST COMMISSIONING REGION,QYG,NHS CHESHIRE AND MERSEYSIDE INTEGRATED CARE BOARD
2025-26,N84002,AINTREE ROAD MEDICAL CENTRE,Y62,NORTH WEST COMMISSIONING REGION,QYG,NHS CHESHIRE AND MERSEYSIDE INTEGRATED CARE BOARD
2025-26,N84003,HIGH PASTURES SURGERY,Y62,NORTH WEST COMMISSIONING REGION,QYG,NHS CHESHIRE AND MERSEYSIDE INTEGRATED CARE BOARD
2025-26,N84013,CHRISTIANA HARTLEY MEDICAL PRACTICE,Y62,NORTH WEST COMMISSIONING REGION,QYG,NHS CHESHIRE AND MERSEYSIDE INTEGRATED CARE BOARD
2025-26,N84017,CHURCHTOWN MEDICAL CENTRE,Y62,NORTH WEST COMMISSIONING REGION,QYG,NHS CHESHIRE AND MERSEYSIDE INTEGRATED CARE BOARD
2025-26,N84020,BLUNDELLSANDS SURGERY,Y62,NORTH WEST COMMISSIONING REGION,QYG,NHS CHESHIRE AND MERSEYSIDE INTEGRATED CARE BOARD
2025-26,N84025,WESTWAY MEDICAL CENTRE,Y62,NORTH WEST COMMISSIONING REGION,QYG,NHS CHESHIRE AND MERSEYSIDE INTEGRATED CARE BOARD
2025-26,N84029,FORD MEDICAL PRACTICE,Y62,NORTH WEST COMMISSIONING REGION,QYG,NHS CHESHIRE AND MERSEYSIDE INTEGRATED CARE BOARD
2025-26,N84614,THE MARSHSIDE SURGERY,Y62,NORTH WEST COMMISSIONING REGION,QYG,NHS CHESHIRE AND MERSEYSIDE INTEGRATED CARE BOARD
2025-26,N84615,RAWSON ROAD MEDICAL CENTRE,Y62,NORTH WEST COMMISSIONING REGION,QYG,NHS CHESHIRE AND MERSEYSIDE INTEGRATED CARE BOARD
2025-26,N85008,WEST WIRRAL GROUP PRACTICE,Y62,NORTH WEST COMMISSIONING REGION,QYG,NHS CHESHIRE AND MERSEYSIDE INTEGRATED CARE BOARD
2025-26,N85021,HAMILTON MED CTR,Y62,NORTH WEST COMMISSIONING REGION,QYG,NHS CHESHIRE AND MERSEYSIDE INTEGRATED CARE BOARD
2025-26,N85023,MANOR HEALTH CTR,Y62,NORTH WEST COMMISSIONING REGION,QYG,NHS CHESHIRE AND MERSEYSIDE INTEGRATED CARE BOARD
2025-26,N85037,HEATHERLANDS MED CTR,Y62,NORTH WEST COMMISSIONING REGION,QYG,NHS CHESHIRE AND MERSEYSIDE INTEGRATED CARE BOARD
2025-26,N85048,MORETON MEDICAL CENTRE,Y62,NORTH WEST COMMISSIONING REGION,QYG,NHS CHESHIRE AND MERSEYSIDE INTEGRATED CARE BOARD
2025-26,P81076,SANDY LANE SURGERY,Y62,NORTH WEST COMMISSIONING REGION,QE1,NHS LANCASHIRE AND SOUTH CUMBRIA INTEGRATED CARE BOARD
2025-26,P81078,BARNOLDSWICK MED CTR,Y62,NORTH WEST COMMISSIONING REGION,QE1,NHS LANCASHIRE AND SOUTH CUMBRIA INTEGRATED CARE BOARD
2025-26,P81083,ROSLEA SURGERY,Y62,NORTH WEST COMMISSIONING REGION,QE1,NHS LANCASHIRE AND SOUTH CUMBRIA INTEGRATED CARE BOARD
2025-26,P81086,BROADWAY MEDICAL CENTRE,Y62,NORTH WEST COMMISSIONING REGION,QE1,NHS LANCASHIRE AND SOUTH CUMBRIA INTEGRATED CARE BOARD
2025-26,P81087,THE OVER-WYRE MED.CTR.,Y62,NORTH WEST COMMISSIONING REGION,QE1,NHS LANCASHIRE AND SOUTH CUMBRIA INTEGRATED CARE BOARD
2025-26,P81096,PARBOLD SURGERY,Y62,NORTH WEST COMMISSIONING REGION,QE1,NHS LANCASHIRE AND SOUTH CUMBRIA INTEGRATED CARE BOARD
2025-26,P81117,CENTRAL PARK SURGERY,Y62,NORTH WEST COMMISSIONING REGION,QE1,NHS LANCASHIRE AND SOUTH CUMBRIA INTEGRATED CARE BOARD
2025-26,P81123,PWE PENDLE VALLEY MILL,Y62,NORTH WEST COMMISSIONING REGION,QE1,NHS LANCASHIRE AND SOUTH CUMBRIA INTEGRATED CARE BOARD
2025-26,P81132,WATERFOOT MEDICAL PRACTICE,Y62,NORTH WEST COMMISSIONING REGION,QE1,NHS LANCASHIRE AND SOUTH CUMBRIA INTEGRATED CARE BOARD
2025-26,P81137,BURNLEY WOOD MEDICAL CENTRE,Y62,NORTH WEST COMMISSIONING REGION,QE1,NHS LANCASHIRE AND SOUTH CUMBRIA INTEGRATED CARE BOARD
2025-26,P81140,DARWEN HEALTHLINK,Y62,NORTH WEST COMMISSIONING REGION,QE1,NHS LANCASHIRE AND SOUTH CUMBRIA INTEGRATED CARE BOARD
2025-26,P81155,BROWNHILL SURGERY,Y62,NORTH WEST COMMISSIONING REGION,QE1,NHS LANCASHIRE AND SOUTH CUMBRIA INTEGRATED CARE BOARD
2025-26,P81218,THE CLAYTON MEDICAL CTR.,Y62,NORTH WEST COMMISSIONING REGION,QE1,NHS LANCASHIRE AND SOUTH CUMBRIA INTEGRATED CARE BOARD
2025-26,P81655,THE VILLAGE SURGERIES CROSTON&ECCLESTON,Y62,NORTH WEST COMMISSIONING REGION,QE1,NHS LANCASHIRE AND SOUTH CUMBRIA INTEGRATED CARE BOARD
2025-26,P81664,THE PARK MEDICAL PRACTICE,Y62,NORTH WEST COMMISSIONING REGION,QE1,NHS LANCASHIRE AND SOUTH CUMBRIA INTEGRATED CARE BOARD
2025-26,N85057,TEEHEY LANE SURGERY,Y62,NORTH WEST COMMISSIONING REGION,QYG,NHS CHESHIRE AND MERSEYSIDE INTEGRATED CARE BOARD
2025-26,N85616,LISCARD GROUP PRACTICE,Y62,NORTH WEST COMMISSIONING REGION,QYG,NHS CHESHIRE AND MERSEYSIDE INTEGRATED CARE BOARD
2025-26,N85617,SPITAL SURGERY,Y62,NORTH WEST COMMISSIONING REGION,QYG,NHS CHESHIRE AND MERSEYSIDE INTEGRATED CARE BOARD
2025-26,N85625,MIRIAM PRIMARY CARE GROUP,Y62,NORTH WEST COMMISSIONING REGION,QYG,NHS CHESHIRE AND MERSEYSIDE INTEGRATED CARE BOARD
2025-26,N85633,CHURCH ROAD MEDICAL PRACTICE,Y62,NORTH WEST COMMISSIONING REGION,QYG,NHS CHESHIRE AND MERSEYSIDE INTEGRATED CARE BOARD
2025-26,P81002,LANCASTER MEDICAL PRACTICE,Y62,NORTH WEST COMMISSIONING REGION,QE1,NHS LANCASHIRE AND SOUTH CUMBRIA INTEGRATED CARE BOARD
2025-26,P81006,GARSTANG MEDICAL PRACTICE,Y62,NORTH WEST COMMISSIONING REGION,QE1,NHS LANCASHIRE AND SOUTH CUMBRIA INTEGRATED CARE BOARD
2025-26,P81014,ORMSKIRK MEDICAL PRACTICE,Y62,NORTH WEST COMMISSIONING REGION,QE1,NHS LANCASHIRE AND SOUTH CUMBRIA INTEGRATED CARE BOARD
2025-26,P81015,LYTHAM ROAD SURGERY,Y62,NORTH WEST COMMISSIONING REGION,QE1,NHS LANCASHIRE AND SOUTH CUMBRIA INTEGRATED CARE BOARD
2025-26,P81016,WATERLOO MEDICAL CENTRE,Y62,NORTH WEST COMMISSIONING REGION,QE1,NHS LANCASHIRE AND SOUTH CUMBRIA INTEGRATED CARE BOARD
2025-26,P81035,COLNE ROAD SURGERY,Y62,NORTH WEST COMMISSIONING REGION,QE1,NHS LANCASHIRE AND SOUTH CUMBRIA INTEGRATED CARE BOARD
2025-26,P81036,PEEL HOUSE MEDICAL PRACTICE,Y62,NORTH WEST COMMISSIONING REGION,QE1,NHS LANCASHIRE AND SOUTH CUMBRIA INTEGRATED CARE BOARD
2025-26,P81039,MANOR PRIMARY CARE,Y62,NORTH WEST COMMISSIONING REGION,QE1,NHS LANCASHIRE AND SOUTH CUMBRIA INTEGRATED CARE BOARD
2025-26,P81041,PARKGATE SURGERY,Y62,NORTH WEST COMMISSIONING REGION,QE1,NHS LANCASHIRE AND SOUTH CUMBRIA INTEGRATED CARE BOARD
2025-26,P81055,BERRY LANE MEDICAL CENTRE,Y62,NORTH WEST COMMISSIONING REGION,QE1,NHS LANCASHIRE AND SOUTH CUMBRIA INTEGRATED CARE BOARD
2025-26,P81674,STANLEY COURT SURGERY,Y62,NORTH WEST COMMISSIONING REGION,QE1,NHS LANCASHIRE AND SOUTH CUMBRIA INTEGRATED CARE BOARD
2025-26,P81704,BLAKEWATER HEALTHCARE,Y62,NORTH WEST COMMISSIONING REGION,QE1,NHS LANCASHIRE AND SOUTH CUMBRIA INTEGRATED CARE BOARD
2025-26,P81709,ROMAN ROAD HEALTH CENTRE,Y62,NORTH WEST COMMISSIONING REGION,QE1,NHS LANCASHIRE AND SOUTH CUMBRIA INTEGRATED CARE BOARD
2025-26,P81710,TARLETON GROUP PRACTICE,Y62,NORTH WEST COMMISSIONING REGION,QE1,NHS LANCASHIRE AND SOUTH CUMBRIA INTEGRATED CARE BOARD
2025-26,P81711,DILL HALL SURGERY,Y62,NORTH WEST COMMISSIONING REGION,QE1,NHS LANCASHIRE AND SOUTH CUMBRIA INTEGRATED CARE BOARD
2025-26,P81724,PRINGLE STREET SURGERY,Y62,NORTH WEST COMMISSIONING REGION,QE1,NHS LANCASHIRE AND SOUTH CUMBRIA INTEGRATED CARE BOARD
2025-26,P81731,DR JEHANGIR (SH),Y62,NORTH WEST COMMISSIONING REGION,QE1,NHS LANCASHIRE AND SOUTH CUMBRIA INTEGRATED CARE BOARD
2025-26,P81732,HARAMBEE SURGERY,Y62,NORTH WEST COMMISSIONING REGION,QE1,NHS LANCASHIRE AND SOUTH CUMBRIA INTEGRATED CARE BOARD
2025-26,P82005,STABLE FOLD SURGERY,Y62,NORTH WEST COMMISSIONING REGION,QOP,NHS GREATER MANCHESTER INTEGRATED CARE BOARD
2025-26,P82009,ST HELENS ROAD PRACTICE,Y62,NORTH WEST COMMISSIONING REGION,QOP,NHS GREATER MANCHESTER INTEGRATED CARE BOARD
2025-26,P82011,TONGE FOLD HEALTH CENTRE,Y62,NORTH WEST COMMISSIONING REGION,QOP,NHS GREATER MANCHESTER INTEGRATED CARE BOARD
2025-26,P82014,SPRING HOUSE SURGERY,Y62,NORTH WEST COMMISSIONING REGION,QOP,NHS GREATER MANCHESTER INTEGRATED CARE BOARD
2025-26,P82015,UNSWORTH GROUP PRACTICE,Y62,NORTH WEST COMMISSIONING REGION,QOP,NHS GREATER MANCHESTER INTEGRATED CARE BOARD
2025-26,P82030,DEANE MEDICAL CENTRE,Y62,NORTH WEST COMMISSIONING REGION,QOP,NHS GREATER MANCHESTER INTEGRATED CARE BOARD
2025-26,P82031,HEATON MEDICAL CENTRE,Y62,NORTH WEST COMMISSIONING REGION,QOP,NHS GREATER MANCHESTER INTEGRATED CARE BOARD
2025-26,P81061,REDLAM SURGERY,Y62,NORTH WEST COMMISSIONING REGION,QE1,NHS LANCASHIRE AND SOUTH CUMBRIA INTEGRATED CARE BOARD
2025-26,P81063,ST PAULS MEDICAL CENTRE,Y62,NORTH WEST COMMISSIONING REGION,QE1,NHS LANCASHIRE AND SOUTH CUMBRIA INTEGRATED CARE BOARD
2025-26,P81065,THE PENDLE MEDICAL PARTNERSHIP,Y62,NORTH WEST COMMISSIONING REGION,QE1,NHS LANCASHIRE AND SOUTH CUMBRIA INTEGRATED CARE BOARD
2025-26,P81067,THE HEALTHCARE CENTRE,Y62,NORTH WEST COMMISSIONING REGION,QE1,NHS LANCASHIRE AND SOUTH CUMBRIA INTEGRATED CARE BOARD
2025-26,P81072,GLENROYD MEDICAL CENTRE,Y62,NORTH WEST COMMISSIONING REGION,QE1,NHS LANCASHIRE AND SOUTH CUMBRIA INTEGRATED CARE BOARD
2025-26,P81077,HOLLAND HOUSE SURGERY,Y62,NORTH WEST COMMISSIONING REGION,QE1,NHS LANCASHIRE AND SOUTH CUMBRIA INTEGRATED CARE BOARD
2025-26,P81079,THE THORNTON PRACTICE,Y62,NORTH WEST COMMISSIONING REGION,QE1,NHS LANCASHIRE AND SOUTH CUMBRIA INTEGRATED CARE BOARD
2025-26,P81082,THE RYAN MEDICAL CENTRE,Y62,NORTH WEST COMMISSIONING REGION,QE1,NHS LANCASHIRE AND SOUTH CUMBRIA INTEGRATED CARE BOARD
2025-26,P81095,THURSBY SURGERY,Y62,NORTH WEST COMMISSIONING REGION,QE1,NHS LANCASHIRE AND SOUTH CUMBRIA INTEGRATED CARE BOARD
2025-26,P81099,HASLINGDEN HEALTHCARE,Y62,NORTH WEST COMMISSIONING REGION,QE1,NHS LANCASHIRE AND SOUTH CUMBRIA INTEGRATED CARE BOARD
2025-26,P81100,THE CASTLE MEDICAL GROUP,Y62,NORTH WEST COMMISSIONING REGION,QE1,NHS LANCASHIRE AND SOUTH CUMBRIA INTEGRATED CARE BOARD
2025-26,P81113,PARK VIEW SURGERY,Y62,NORTH WEST COMMISSIONING REGION,QE1,NHS LANCASHIRE AND SOUTH CUMBRIA INTEGRATED CARE BOARD
2025-26,P81115,BLOOMFIELD MEDICAL CENTRE,Y62,NORTH WEST COMMISSIONING REGION,QE1,NHS LANCASHIRE AND SOUTH CUMBRIA INTEGRATED CARE BOARD
2025-26,P81125,OAKENHURST MEDICAL PRACTICE,Y62,NORTH WEST COMMISSIONING REGION,QE1,NHS LANCASHIRE AND SOUTH CUMBRIA INTEGRATED CARE BOARD
2025-26,P81129,ASH TREE HOUSE SURGERY,Y62,NORTH WEST COMMISSIONING REGION,QE1,NHS LANCASHIRE AND SOUTH CUMBRIA INTEGRATED CARE BOARD
2025-26,P81130,PADIHAM GROUP PRACTICE,Y62,NORTH WEST COMMISSIONING REGION,QE1,NHS LANCASHIRE AND SOUTH CUMBRIA INTEGRATED CARE BOARD
2025-26,P81143,WHITTLE SURGERY,Y62,NORTH WEST COMMISSIONING REGION,QE1,NHS LANCASHIRE AND SOUTH CUMBRIA INTEGRATED CARE BOARD
2025-26,P81147,ARG HEALTHCARE,Y62,NORTH WEST COMMISSIONING REGION,QE1,NHS LANCASHIRE AND SOUTH CUMBRIA INTEGRATED CARE BOARD
2025-26,P81165,IGHTENHILL MEDICAL CENTRE,Y62,NORTH WEST COMMISSIONING REGION,QE1,NHS LANCASHIRE AND SOUTH CUMBRIA INTEGRATED CARE BOARD
2025-26,P81169,FISHERGATE HILL SURGERY,Y62,NORTH WEST COMMISSIONING REGION,QE1,NHS LANCASHIRE AND SOUTH CUMBRIA INTEGRATED CARE BOARD
2025-26,P81179,LOSTOCK HALL MEDICAL CTR.,Y62,NORTH WEST COMMISSIONING REGION,QE1,NHS LANCASHIRE AND SOUTH CUMBRIA INTEGRATED CARE BOARD
2025-26,P81181,KINGSFOLD MEDICAL CENTRE,Y62,NORTH WEST COMMISSIONING REGION,QE1,NHS LANCASHIRE AND SOUTH CUMBRIA INTEGRATED CARE BOARD
2025-26,P81196,ISSA MEDICAL CENTRE - PATEL,Y62,NORTH WEST COMMISSIONING REGION,QE1,NHS LANCASHIRE AND SOUTH CUMBRIA INTEGRATED CARE BOARD
2025-26,P81214,LIMEFIELD SURGERY,Y62,NORTH WEST COMMISSIONING REGION,QE1,NHS LANCASHIRE AND SOUTH CUMBRIA INTEGRATED CARE BOARD
2025-26,P81622,SHIFA SURGERY,Y62,NORTH WEST COMMISSIONING REGION,QE1,NHS LANCASHIRE AND SOUTH CUMBRIA INTEGRATED CARE BOARD
2025-26,P81681,NORTH SHORE SURGERY,Y62,NORTH WEST COMMISSIONING REGION,QE1,NHS LANCASHIRE AND SOUTH CUMBRIA INTEGRATED CARE BOARD
2025-26,P81683,OLIVE MEDICAL CENTRE,Y62,NORTH WEST COMMISSIONING REGION,QE1,NHS LANCASHIRE AND SOUTH CUMBRIA INTEGRATED CARE BOARD
2025-26,P81687,NEW LONGTON SURGERY,Y62,NORTH WEST COMMISSIONING REGION,QE1,NHS LANCASHIRE AND SOUTH CUMBRIA INTEGRATED CARE BOARD
2025-26,P81699,HIGHER HEYS SURGERY,Y62,NORTH WEST COMMISSIONING REGION,QE1,NHS LANCASHIRE AND SOUTH CUMBRIA INTEGRATED CARE BOARD
2025-26,P81714,ABBEY DALE MEDICAL CENTRE,Y62,NORTH WEST COMMISSIONING REGION,QE1,NHS LANCASHIRE AND SOUTH CUMBRIA INTEGRATED CARE BOARD
2025-26,P81726,KING STREET MEDICAL CTR,Y62,NORTH WEST COMMISSIONING REGION,QE1,NHS LANCASHIRE AND SOUTH CUMBRIA INTEGRATED CARE BOARD
2025-26,P81742,BEECHWOOD SURGERY,Y62,NORTH WEST COMMISSIONING REGION,QE1,NHS LANCASHIRE AND SOUTH CUMBRIA INTEGRATED CARE BOARD
2025-26,P81748,BRIARWOOD MEDICAL CENTRE,Y62,NORTH WEST COMMISSIONING REGION,QE1,NHS LANCASHIRE AND SOUTH CUMBRIA INTEGRATED CARE BOARD
2025-26,P82004,SWAN LANE MEDICAL CENTRE,Y62,NORTH WEST COMMISSIONING REGION,QOP,NHS GREATER MANCHESTER INTEGRATED CARE BOARD
2025-26,P82006,"PIKE VIEW, DR MALHOTRA & PARTNERS",Y62,NORTH WEST COMMISSIONING REGION,QOP,NHS GREATER MANCHESTER INTEGRATED CARE BOARD
2025-26,P82007,KEARSLEY MEDICAL CENTRE,Y62,NORTH WEST COMMISSIONING REGION,QOP,NHS GREATER MANCHESTER INTEGRATED CARE BOARD
2025-26,P82008,STONEHILL MEDICAL CENTRE,Y62,NORTH WEST COMMISSIONING REGION,QOP,NHS GREATER MANCHESTER INTEGRATED CARE BOARD
2025-26,P82010,DALEFIELD SURGERY,Y62,NORTH WEST COMMISSIONING REGION,QOP,NHS GREATER MANCHESTER INTEGRATED CARE BOARD
2025-26,P82013,THE BOLTON FAMILY PRACTICE,Y62,NORTH WEST COMMISSIONING REGION,QOP,NHS GREATER MANCHESTER INTEGRATED CARE BOARD
2025-26,P82016,HARWOOD MEDICAL CENTRE,Y62,NORTH WEST COMMISSIONING REGION,QOP,NHS GREATER MANCHESTER INTEGRATED CARE BOARD
2025-26,P82021,THE OAKS FAMILY PRACTICE,Y62,NORTH WEST COMMISSIONING REGION,QOP,NHS GREATER MANCHESTER INTEGRATED CARE BOARD
2025-26,P82022,DR RIZWAN AND DR AWAN,Y62,NORTH WEST COMMISSIONING REGION,QOP,NHS GREATER MANCHESTER INTEGRATED CARE BOARD
2025-26,P82025,BURNSIDE SURGERY,Y62,NORTH WEST COMMISSIONING REGION,QOP,NHS GREATER MANCHESTER INTEGRATED CARE BOARD
2025-26,P82029,HALLIWELL SURGERY 2,Y62,NORTH WEST COMMISSIONING REGION,QOP,NHS GREATER MANCHESTER INTEGRATED CARE BOARD
2025-26,P82609,SHANTI MEDICAL CENTRE,Y62,NORTH WEST COMMISSIONING REGION,QOP,NHS GREATER MANCHESTER INTEGRATED CARE BOARD
2025-26,P82613,SPRING VIEW MEDICAL CENTRE,Y62,NORTH WEST COMMISSIONING REGION,QOP,NHS GREATER MANCHESTER INTEGRATED CARE BOARD
2025-26,P82616,BEEHIVE SURGERY,Y62,NORTH WEST COMMISSIONING REGION,QOP,NHS GREATER MANCHESTER INTEGRATED CARE BOARD
2025-26,P83004,THE UPLANDS MEDICAL PRACTICE,Y62,NORTH WEST COMMISSIONING REGION,QOP,NHS GREATER MANCHESTER INTEGRATED CARE BOARD
2025-26,P83021,PEEL GPS,Y62,NORTH WEST COMMISSIONING REGION,QOP,NHS GREATER MANCHESTER INTEGRATED CARE BOARD
2025-26,P83025,ST GABRIEL'S MEDICAL CENTRE,Y62,NORTH WEST COMMISSIONING REGION,QOP,NHS GREATER MANCHESTER INTEGRATED CARE BOARD
2025-26,P83620,GARDEN CITY MEDICAL CENTRE,Y62,NORTH WEST COMMISSIONING REGION,QOP,NHS GREATER MANCHESTER INTEGRATED CARE BOARD
2025-26,P83621,HUNTLEY MOUNT MEDICAL CENTRE,Y62,NORTH WEST COMMISSIONING REGION,QOP,NHS GREATER MANCHESTER INTEGRATED CARE BOARD
2025-26,P84012,NORTHENDEN GROUP PRACTICE,Y62,NORTH WEST COMMISSIONING REGION,QOP,NHS GREATER MANCHESTER INTEGRATED CARE BOARD
2025-26,P84025,ST GEORGE'S MEDICAL CENTRE,Y62,NORTH WEST COMMISSIONING REGION,QOP,NHS GREATER MANCHESTER INTEGRATED CARE BOARD
2025-26,P84028,GORTON MEDICAL CENTRE,Y62,NORTH WEST COMMISSIONING REGION,QOP,NHS GREATER MANCHESTER INTEGRATED CARE BOARD
2025-26,P84032,DRS HANIF & BANNURU,Y62,NORTH WEST COMMISSIONING REGION,QOP,NHS GREATER MANCHESTER INTEGRATED CARE BOARD
2025-26,P84035,BODEY MEDICAL CENTRE,Y62,NORTH WEST COMMISSIONING REGION,QOP,NHS GREATER MANCHESTER INTEGRATED CARE BOARD
2025-26,P84038,ASHVILLE SURGERY,Y62,NORTH WEST COMMISSIONING REGION,QOP,NHS GREATER MANCHESTER INTEGRATED CARE BOARD
2025-26,P84040,CONRAN MEDICAL CENTRE,Y62,NORTH WEST COMMISSIONING REGION,QOP,NHS GREATER MANCHESTER INTEGRATED CARE BOARD
2025-26,P84048,TREGENNA GROUP PRACTICE,Y62,NORTH WEST COMMISSIONING REGION,QOP,NHS GREATER MANCHESTER INTEGRATED CARE BOARD
2025-26,P84053,ASHCROFT SURGERY,Y62,NORTH WEST COMMISSIONING REGION,QOP,NHS GREATER MANCHESTER INTEGRATED CARE BOARD
2025-26,P84054,WHITLEY ROAD MEDICAL CENTRE,Y62,NORTH WEST COMMISSIONING REGION,QOP,NHS GREATER MANCHESTER INTEGRATED CARE BOARD
2025-26,A87016,THE VILLAGE GREEN SURGERY,Y63,NORTH EAST AND YORKSHIRE COMMISSIONING REGION,QHM,NHS NORTH EAST AND NORTH CUMBRIA INTEGRATED CARE BOARD
2025-26,A87017,WOODLANDS PARK HEALTH CTR,Y63,NORTH EAST AND YORKSHIRE COMMISSIONING REGION,QHM,NHS NORTH EAST AND NORTH CUMBRIA INTEGRATED CARE BOARD
2025-26,A87030,REDBURN PARK MEDICAL CENTRE,Y63,NORTH EAST AND YORKSHIRE COMMISSIONING REGION,QHM,NHS NORTH EAST AND NORTH CUMBRIA INTEGRATED CARE BOARD
2025-26,A88001,VICTORIA MEDICAL CENTRE,Y63,NORTH EAST AND YORKSHIRE COMMISSIONING REGION,QHM,NHS NORTH EAST AND NORTH CUMBRIA INTEGRATED CARE BOARD
2025-26,A88002,FARNHAM MEDICAL CTR.,Y63,NORTH EAST AND YORKSHIRE COMMISSIONING REGION,QHM,NHS NORTH EAST AND NORTH CUMBRIA INTEGRATED CARE BOARD
2025-26,A88006,TALBOT MEDICAL CENTRE,Y63,NORTH EAST AND YORKSHIRE COMMISSIONING REGION,QHM,NHS NORTH EAST AND NORTH CUMBRIA INTEGRATED CARE BOARD
2025-26,A88008,TRINITY MEDICAL CENTRE,Y63,NORTH EAST AND YORKSHIRE COMMISSIONING REGION,QHM,NHS NORTH EAST AND NORTH CUMBRIA INTEGRATED CARE BOARD
2025-26,A88009,DR THORNILEY-WALKER & PARTNERS,Y63,NORTH EAST AND YORKSHIRE COMMISSIONING REGION,QHM,NHS NORTH EAST AND NORTH CUMBRIA INTEGRATED CARE BOARD
2025-26,A89002,RIVERVIEW SURGERY,Y63,NORTH EAST AND YORKSHIRE COMMISSIONING REGION,QHM,NHS NORTH EAST AND NORTH CUMBRIA INTEGRATED CARE BOARD
2025-26,A89005,VILLETTE SURGERY,Y63,NORTH EAST AND YORKSHIRE COMMISSIONING REGION,QHM,NHS NORTH EAST AND NORTH CUMBRIA INTEGRATED CARE BOARD
2025-26,A89010,THE STEPHENSON MEDICAL PRACTICE,Y63,NORTH EAST AND YORKSHIRE COMMISSIONING REGION,QHM,NHS NORTH EAST AND NORTH CUMBRIA INTEGRATED CARE BOARD
2025-26,A89015,"FULWELL MEDICAL CENTRE,",Y63,NORTH EAST AND YORKSHIRE COMMISSIONING REGION,QHM,NHS NORTH EAST AND NORTH CUMBRIA INTEGRATED CARE BOARD
2025-26,A89016,ST BEDE MEDICAL CENTRE,Y63,NORTH EAST AND YORKSHIRE COMMISSIONING REGION,QHM,NHS NORTH EAST AND NORTH CUMBRIA INTEGRATED CARE BOARD
2025-26,A89030,WESTBOURNE MEDICAL GROUP,Y63,NORTH EAST AND YORKSHIRE COMMISSIONING REGION,QHM,NHS NORTH EAST AND NORTH CUMBRIA INTEGRATED CARE BOARD
2025-26,P84070,NEWTON HEATH MEDICAL CENTRE,Y62,NORTH WEST COMMISSIONING REGION,QOP,NHS GREATER MANCHESTER INTEGRATED CARE BOARD
2025-26,P84071,WILBRAHAM SURGERY,Y62,NORTH WEST COMMISSIONING REGION,QOP,NHS GREATER MANCHESTER INTEGRATED CARE BOARD
2025-26,P84072,THE ROBERT DARBISHIRE PRACTICE,Y62,NORTH WEST COMMISSIONING REGION,QOP,NHS GREATER MANCHESTER INTEGRATED CARE BOARD
2025-26,P84605,FERNCLOUGH SURGERY,Y62,NORTH WEST COMMISSIONING REGION,QOP,NHS GREATER MANCHESTER INTEGRATED CARE BOARD
2025-26,P84626,WILMSLOW ROAD SURGERY,Y62,NORTH WEST COMMISSIONING REGION,QOP,NHS GREATER MANCHESTER INTEGRATED CARE BOARD
2025-26,P84650,THE ALEXANDRA PRACTICE,Y62,NORTH WEST COMMISSIONING REGION,QOP,NHS GREATER MANCHESTER INTEGRATED CARE BOARD
2025-26,P84678,DIDSBURY MEDICAL CENTRE - DR WHITAKER,Y62,NORTH WEST COMMISSIONING REGION,QOP,NHS GREATER MANCHESTER INTEGRATED CARE BOARD
2025-26,P85011,CH MEDICAL PRACTICE,Y62,NORTH WEST COMMISSIONING REGION,QOP,NHS GREATER MANCHESTER INTEGRATED CARE BOARD
2025-26,P85017,OAK GABLES MEDICAL PRACTICE,Y62,NORTH WEST COMMISSIONING REGION,QOP,NHS GREATER MANCHESTER INTEGRATED CARE BOARD
2025-26,P85018,MD FAMILY PRACTICE,Y62,NORTH WEST COMMISSIONING REGION,QOP,NHS GREATER MANCHESTER INTEGRATED CARE BOARD
2025-26,P85612,WERNETH MEDICAL PRACTICE,Y62,NORTH WEST COMMISSIONING REGION,QOP,NHS GREATER MANCHESTER INTEGRATED CARE BOARD
2025-26,P85622,GLODWICK MEDICAL PRACTICE,Y62,NORTH WEST COMMISSIONING REGION,QOP,NHS GREATER MANCHESTER INTEGRATED CARE BOARD
2025-26,P86005,YORKSHIRE ST SURGERY,Y62,NORTH WEST COMMISSIONING REGION,QOP,NHS GREATER MANCHESTER INTEGRATED CARE BOARD
2025-26,P86016,HEYWOOD HEALTH,Y62,NORTH WEST COMMISSIONING REGION,QOP,NHS GREATER MANCHESTER INTEGRATED CARE BOARD
2025-26,P86023,HOPWOOD MEDICAL CENTRE,Y62,NORTH WEST COMMISSIONING REGION,QOP,NHS GREATER MANCHESTER INTEGRATED CARE BOARD
2025-26,P86609,THE DALE MEDICAL PRACTICE,Y62,NORTH WEST COMMISSIONING REGION,QOP,NHS GREATER MANCHESTER INTEGRATED CARE BOARD
2025-26,P82036,LITTLE LEVER HEALTH CENTRE 2,Y62,NORTH WEST COMMISSIONING REGION,QOP,NHS GREATER MANCHESTER INTEGRATED CARE BOARD
2025-26,P82037,FIG TREE MEDICAL PRACTICE,Y62,NORTH WEST COMMISSIONING REGION,QOP,NHS GREATER MANCHESTER INTEGRATED CARE BOARD
2025-26,P82624,ORIENT HOUSE MEDICAL CENTRE,Y62,NORTH WEST COMMISSIONING REGION,QOP,NHS GREATER MANCHESTER INTEGRATED CARE BOARD
2025-26,P82633,GREAT LEVER ONE,Y62,NORTH WEST COMMISSIONING REGION,QOP,NHS GREATER MANCHESTER INTEGRATED CARE BOARD
2025-26,P82640,AL FAL MEDICAL GROUP,Y62,NORTH WEST COMMISSIONING REGION,QOP,NHS GREATER MANCHESTER INTEGRATED CARE BOARD
2025-26,P82643,BROMLEY MEADOWS SURGERY,Y62,NORTH WEST COMMISSIONING REGION,QOP,NHS GREATER MANCHESTER INTEGRATED CARE BOARD
2025-26,P82660,DEANE CLINIC 1,Y62,NORTH WEST COMMISSIONING REGION,QOP,NHS GREATER MANCHESTER INTEGRATED CARE BOARD
2025-26,P83007,RADCLIFFE MEDICAL PRACTICE,Y62,NORTH WEST COMMISSIONING REGION,QOP,NHS GREATER MANCHESTER INTEGRATED CARE BOARD
2025-26,P83012,TOWER FAMILY HEALTHCARE,Y62,NORTH WEST COMMISSIONING REGION,QOP,NHS GREATER MANCHESTER INTEGRATED CARE BOARD
2025-26,P83015,RIBBLESDALE MEDICAL PRACTICE,Y62,NORTH WEST COMMISSIONING REGION,QOP,NHS GREATER MANCHESTER INTEGRATED CARE BOARD
2025-26,P83024,KNOWSLEY MEDICAL CENTRE,Y62,NORTH WEST COMMISSIONING REGION,QOP,NHS GREATER MANCHESTER INTEGRATED CARE BOARD
2025-26,P83623,LONGFIELD MEDICAL PRACTICE,Y62,NORTH WEST COMMISSIONING REGION,QOP,NHS GREATER MANCHESTER INTEGRATED CARE BOARD
2025-26,P84017,LADYBARN GROUP PRACTICE,Y62,NORTH WEST COMMISSIONING REGION,QOP,NHS GREATER MANCHESTER INTEGRATED CARE BOARD
2025-26,P84019,VALENTINE MEDICAL CENTRE,Y62,NORTH WEST COMMISSIONING REGION,QOP,NHS GREATER MANCHESTER INTEGRATED CARE BOARD
2025-26,P84023,SURREY LODGE PRACTICE,Y62,NORTH WEST COMMISSIONING REGION,QOP,NHS GREATER MANCHESTER INTEGRATED CARE BOARD
2025-26,P84029,BENCHILL MEDICAL PRACTICE,Y62,NORTH WEST COMMISSIONING REGION,QOP,NHS GREATER MANCHESTER INTEGRATED CARE BOARD
2025-26,P86614,DR A HAMID,Y62,NORTH WEST COMMISSIONING REGION,QOP,NHS GREATER MANCHESTER INTEGRATED CARE BOARD
2025-26,P87004,1/SALFORD MEDICAL PRACTICE,Y62,NORTH WEST COMMISSIONING REGION,QOP,NHS GREATER MANCHESTER INTEGRATED CARE BOARD
2025-26,P87015,PENDLETON MEDICAL CENTRE,Y62,NORTH WEST COMMISSIONING REGION,QOP,NHS GREATER MANCHESTER INTEGRATED CARE BOARD
2025-26,P87026,NEWBURY GREEN MEDICAL PRACTICE,Y62,NORTH WEST COMMISSIONING REGION,QOP,NHS GREATER MANCHESTER INTEGRATED CARE BOARD
2025-26,P87620,1/MONTON MEDICAL PRACTICE,Y62,NORTH WEST COMMISSIONING REGION,QOP,NHS GREATER MANCHESTER INTEGRATED CARE BOARD
2025-26,P87624,ELLENBROOK MEDICAL CENTRE,Y62,NORTH WEST COMMISSIONING REGION,QOP,NHS GREATER MANCHESTER INTEGRATED CARE BOARD
2025-26,P87625,DEARDEN AVENUE MEDICAL PRACTICE,Y62,NORTH WEST COMMISSIONING REGION,QOP,NHS GREATER MANCHESTER INTEGRATED CARE BOARD
2025-26,P87639,CORNERSTONE MEDICAL PRACTICE,Y62,NORTH WEST COMMISSIONING REGION,QOP,NHS GREATER MANCHESTER INTEGRATED CARE BOARD
2025-26,P87648,REUT MEDICAL PRACTICE,Y62,NORTH WEST COMMISSIONING REGION,QOP,NHS GREATER MANCHESTER INTEGRATED CARE BOARD
2025-26,P87649,CHAPEL GROUP MEDICAL CENTRE,Y62,NORTH WEST COMMISSIONING REGION,QOP,NHS GREATER MANCHESTER INTEGRATED CARE BOARD
2025-26,P87661,MANCHESTER ROAD EAST MEDICAL PRACTICE,Y62,NORTH WEST COMMISSIONING REGION,QOP,NHS GREATER MANCHESTER INTEGRATED CARE BOARD
2025-26,P88007,CHEADLE HULME MEDICAL GROUP,Y62,NORTH WEST COMMISSIONING REGION,QOP,NHS GREATER MANCHESTER INTEGRATED CARE BOARD
2025-26,P88008,HEATON MERSEY MED.PRACT.,Y62,NORTH WEST COMMISSIONING REGION,QOP,NHS GREATER MANCHESTER INTEGRATED CARE BOARD
2025-26,P88012,BEECH HOUSE MEDICAL PRACT,Y62,NORTH WEST COMMISSIONING REGION,QOP,NHS GREATER MANCHESTER INTEGRATED CARE BOARD
2025-26,P88013,CARITAS GENERAL PRACTICE PARTNERSHIP,Y62,NORTH WEST COMMISSIONING REGION,QOP,NHS GREATER MANCHESTER INTEGRATED CARE BOARD
2025-26,P88014,ADSHALL ROAD MEDICAL PRAC,Y62,NORTH WEST COMMISSIONING REGION,QOP,NHS GREATER MANCHESTER INTEGRATED CARE BOARD
2025-26,P88041,THE VILLAGE SURGERY,Y62,NORTH WEST COMMISSIONING REGION,QOP,NHS GREATER MANCHESTER INTEGRATED CARE BOARD
2025-26,P88615,VERNON PARK SURGERY,Y62,NORTH WEST COMMISSIONING REGION,QOP,NHS GREATER MANCHESTER INTEGRATED CARE BOARD
2025-26,P89007,STAVELEIGH MEDICAL CENTRE,Y62,NORTH WEST COMMISSIONING REGION,QOP,NHS GREATER MANCHESTER INTEGRATED CARE BOARD
2025-26,P89013,HATTERSLEY GROUP PRACTICE,Y62,NORTH WEST COMMISSIONING REGION,QOP,NHS GREATER MANCHESTER INTEGRATED CARE BOARD
2025-26,P89025,TOWN HALL SURGERY,Y62,NORTH WEST COMMISSIONING REGION,QOP,NHS GREATER MANCHESTER INTEGRATED CARE BOARD
2025-26,P89029,MARKET STREET MEDICAL PRACTICE,Y62,NORTH WEST COMMISSIONING REGION,QOP,NHS GREATER MANCHESTER INTEGRATED CARE BOARD
2025-26,P91003,PARK MEDICAL PRACTICE,Y62,NORTH WEST COMMISSIONING REGION,QOP,NHS GREATER MANCHESTER INTEGRATED CARE BOARD
2025-26,P91007,TIMPERLEY HEALTH CENTRE (WESTWOOD),Y62,NORTH WEST COMMISSIONING REGION,QOP,NHS GREATER MANCHESTER INTEGRATED CARE BOARD
2025-26,P91008,SHAY LANE MEDICAL CENTRE (KELMAN),Y62,NORTH WEST COMMISSIONING REGION,QOP,NHS GREATER MANCHESTER INTEGRATED CARE BOARD
2025-26,P91017,BODMIN ROAD HEALTH CENTRE,Y62,NORTH WEST COMMISSIONING REGION,QOP,NHS GREATER MANCHESTER INTEGRATED CARE BOARD
2025-26,P91018,DELAMERE MEDICAL PRACTICE,Y62,NORTH WEST COMMISSIONING REGION,QOP,NHS GREATER MANCHESTER INTEGRATED CARE BOARD
2025-26,P91020,LIMELIGHT HEALTH AND WELLBEING HUB,Y62,NORTH WEST COMMISSIONING REGION,QOP,NHS GREATER MANCHESTER INTEGRATED CARE BOARD
2025-26,P91021,FIRSWAY HEALTH CENTRE,Y62,NORTH WEST COMMISSIONING REGION,QOP,NHS GREATER MANCHESTER INTEGRATED CARE BOARD
2025-26,P91029,FLIXTON ROAD MEDICAL CENTRE,Y62,NORTH WEST COMMISSIONING REGION,QOP,NHS GREATER MANCHESTER INTEGRATED CARE BOARD
2025-26,P91035,CONWAY ROAD MEDICAL PRACTICE,Y62,NORTH WEST COMMISSIONING REGION,QOP,NHS GREATER MANCHESTER INTEGRATED CARE BOARD
2025-26,P91603,BARRINGTON MEDICAL CENTRE,Y62,NORTH WEST COMMISSIONING REGION,QOP,NHS GREATER MANCHESTER INTEGRATED CARE BOARD
2025-26,P92010,BEECH HILL MEDICAL PRACTICE,Y62,NORTH WEST COMMISSIONING REGION,QOP,NHS GREATER MANCHESTER INTEGRATED CARE BOARD
2025-26,P92015,ASPULL SURGERY,Y62,NORTH WEST COMMISSIONING REGION,QOP,NHS GREATER MANCHESTER INTEGRATED CARE BOARD
2025-26,P92017,SHEVINGTON SURGERY,Y62,NORTH WEST COMMISSIONING REGION,QOP,NHS GREATER MANCHESTER INTEGRATED CARE BOARD
2025-26,P92020,SIVAKUMAR & PARTNER,Y62,NORTH WEST COMMISSIONING REGION,QOP,NHS GREATER MANCHESTER INTEGRATED CARE BOARD
2025-26,P92023,BROOKMILL MEDICAL CENTRE,Y62,NORTH WEST COMMISSIONING REGION,QOP,NHS GREATER MANCHESTER INTEGRATED CARE BOARD
2025-26,P92034,BRYN CROSS SURGERY,Y62,NORTH WEST COMMISSIONING REGION,QOP,NHS GREATER MANCHESTER INTEGRATED CARE BOARD
2025-26,P92038,SAXENA L,Y62,NORTH WEST COMMISSIONING REGION,QOP,NHS GREATER MANCHESTER INTEGRATED CARE BOARD
2025-26,P92626,MEADOWVIEW SURGERY,Y62,NORTH WEST COMMISSIONING REGION,QOP,NHS GREATER MANCHESTER INTEGRATED CARE BOARD
2025-26,P92634,MESNES VIEW SURGERY,Y62,NORTH WEST COMMISSIONING REGION,QOP,NHS GREATER MANCHESTER INTEGRATED CARE BOARD
2025-26,P92642,MARUS BRIDGE PRACTICE,Y62,NORTH WEST COMMISSIONING REGION,QOP,NHS GREATER MANCHESTER INTEGRATED CARE BOARD
2025-26,P92646,DR VARDHAN'S SURGERY,Y62,NORTH WEST COMMISSIONING REGION,QOP,NHS GREATER MANCHESTER INTEGRATED CARE BOARD
2025-26,P92651,LOWTON & PLATT BRIDGE SURGERY,Y62,NORTH WEST COMMISSIONING REGION,QOP,NHS GREATER MANCHESTER INTEGRATED CARE BOARD
2025-26,Y00020,THE GRANTHAM PRACTICE,Y56,LONDON COMMISSIONING REGION,QKK,NHS SOUTH EAST LONDON INTEGRATED CARE BOARD
2025-26,Y00057,ANGEL SURGERY,Y56,LONDON COMMISSIONING REGION,Z9B2Z,NHS WEST AND NORTH LONDON INTEGRATED CARE BOARD
2025-26,Y00184,DILSTON MEDICAL CENTRE,Y63,NORTH EAST AND YORKSHIRE COMMISSIONING REGION,QHM,NHS NORTH EAST AND NORTH CUMBRIA INTEGRATED CARE BOARD
2025-26,Y00185,CATHEDRAL MEDICAL CENTRE,Y61,EAST OF ENGLAND COMMISSIONING REGION,S1Y5D,NHS CENTRAL EAST INTEGRATED CARE BOARD
2025-26,Y00206,BURNLEY PRACTICE,Y56,LONDON COMMISSIONING REGION,Z9B2Z,NHS WEST AND NORTH LONDON INTEGRATED CARE BOARD
2025-26,Y00228,AMBAR MEDICAL CENTRE,Y60,MIDLANDS COMMISSIONING REGION,QUA,NHS BLACK COUNTRY INTEGRATED CARE BOARD
2025-26,Y00316,WOODLANDS MEDICAL PRACTICE,Y56,LONDON COMMISSIONING REGION,Z9B2Z,NHS WEST AND NORTH LONDON INTEGRATED CARE BOARD
2025-26,Y00411,DEARNE VALLEY GROUP PRACTICE,Y63,NORTH EAST AND YORKSHIRE COMMISSIONING REGION,QF7,NHS SOUTH YORKSHIRE INTEGRATED CARE BOARD
2025-26,Y00446,MAGHULL PRACTICE,Y62,NORTH WEST COMMISSIONING REGION,QYG,NHS CHESHIRE AND MERSEYSIDE INTEGRATED CARE BOARD
2025-26,Y00469,DR SIMS AND PARTNERS,Y61,EAST OF ENGLAND COMMISSIONING REGION,D7T5G,NHS ESSEX INTEGRATED CARE BOARD
2025-26,Y00560,WOOTTON VALE AND SHORTSTOWN SURGERY,Y61,EAST OF ENGLAND COMMISSIONING REGION,S1Y5D,NHS CENTRAL EAST INTEGRATED CARE BOARD
2025-26,Y00758,DR JO ARAYOMI'S PRACTICE,Y61,EAST OF ENGLAND COMMISSIONING REGION,D7T5G,NHS ESSEX INTEGRATED CARE BOARD
2025-26,Y00774,BRANDON MEDICAL PRACTICE,Y61,EAST OF ENGLAND COMMISSIONING REGION,T6Y0W,NHS NORFOLK AND SUFFOLK INTEGRATED CARE BOARD
2025-26,Y00996,MERIDIAN PRACTICE,Y60,MIDLANDS COMMISSIONING REGION,QWU,NHS COVENTRY AND WARWICKSHIRE INTEGRATED CARE BOARD
2025-26,Y01008,BAY MEDICAL GROUP,Y62,NORTH WEST COMMISSIONING REGION,QE1,NHS LANCASHIRE AND SOUTH CUMBRIA INTEGRATED CARE BOARD
2025-26,Y01011,BARLBY SURGERY,Y56,LONDON COMMISSIONING REGION,Z9B2Z,NHS WEST AND NORTH LONDON INTEGRATED CARE BOARD
2025-26,Y01050,ROSMELLYN SURGERY,Y58,SOUTH WEST COMMISSIONING REGION,QT6,NHS CORNWALL AND THE ISLES OF SCILLY INTEGRATED CARE BOARD
2025-26,Y01108,FAIRFIELD SURGERY,Y62,NORTH WEST COMMISSIONING REGION,QYG,NHS CHESHIRE AND MERSEYSIDE INTEGRATED CARE BOARD
2025-26,P84030,NEW COLLEGIATE MEDICAL CENTRE,Y62,NORTH WEST COMMISSIONING REGION,QOP,NHS GREATER MANCHESTER INTEGRATED CARE BOARD
2025-26,P84033,BEACON MEDICAL CENTRE,Y62,NORTH WEST COMMISSIONING REGION,QOP,NHS GREATER MANCHESTER INTEGRATED CARE BOARD
2025-26,P84034,BARLOW MEDICAL CENTRE,Y62,NORTH WEST COMMISSIONING REGION,QOP,NHS GREATER MANCHESTER INTEGRATED CARE BOARD
2025-26,P84039,THE RANGE MEDICAL CENTRE,Y62,NORTH WEST COMMISSIONING REGION,QOP,NHS GREATER MANCHESTER INTEGRATED CARE BOARD
2025-26,P84050,MOUNT ROAD SURGERY,Y62,NORTH WEST COMMISSIONING REGION,QOP,NHS GREATER MANCHESTER INTEGRATED CARE BOARD
2025-26,P84051,EASTLANDS MEDICAL CENTRE,Y62,NORTH WEST COMMISSIONING REGION,QOP,NHS GREATER MANCHESTER INTEGRATED CARE BOARD
2025-26,P84056,PRINCESS ROAD SURGERY,Y62,NORTH WEST COMMISSIONING REGION,QOP,NHS GREATER MANCHESTER INTEGRATED CARE BOARD
2025-26,P84059,LIME SQUARE MEDICAL CENTRE,Y62,NORTH WEST COMMISSIONING REGION,QOP,NHS GREATER MANCHESTER INTEGRATED CARE BOARD
2025-26,P84635,THE WHITSWOOD PRACTICE,Y62,NORTH WEST COMMISSIONING REGION,QOP,NHS GREATER MANCHESTER INTEGRATED CARE BOARD
2025-26,P84644,PARKSIDE SURGERY,Y62,NORTH WEST COMMISSIONING REGION,QOP,NHS GREATER MANCHESTER INTEGRATED CARE BOARD
2025-26,P84665,WITHINGTON MEDICAL PRACTICE,Y62,NORTH WEST COMMISSIONING REGION,QOP,NHS GREATER MANCHESTER INTEGRATED CARE BOARD
2025-26,P84672,WOODLANDS MEDICAL PRACTICE,Y62,NORTH WEST COMMISSIONING REGION,QOP,NHS GREATER MANCHESTER INTEGRATED CARE BOARD
2025-26,P84673,ANCOATS URBAN VILLAGE MEDICAL PRACTICE,Y62,NORTH WEST COMMISSIONING REGION,QOP,NHS GREATER MANCHESTER INTEGRATED CARE BOARD
2025-26,P84683,THE DOC'S SURGERY,Y62,NORTH WEST COMMISSIONING REGION,QOP,NHS GREATER MANCHESTER INTEGRATED CARE BOARD
2025-26,P84684,CRUMPSALL MEDICAL PRACTICE,Y62,NORTH WEST COMMISSIONING REGION,QOP,NHS GREATER MANCHESTER INTEGRATED CARE BOARD
2025-26,P84690,DAM HEAD MEDICAL CENTRE,Y62,NORTH WEST COMMISSIONING REGION,QOP,NHS GREATER MANCHESTER INTEGRATED CARE BOARD
2025-26,P85002,ST MARY'S MEDICAL CENTRE,Y62,NORTH WEST COMMISSIONING REGION,QOP,NHS GREATER MANCHESTER INTEGRATED CARE BOARD
2025-26,P85004,CHADDERTON MEDICAL PRACTICE,Y62,NORTH WEST COMMISSIONING REGION,QOP,NHS GREATER MANCHESTER INTEGRATED CARE BOARD
2025-26,P85005,LEESBROOK SURGERY,Y62,NORTH WEST COMMISSIONING REGION,QOP,NHS GREATER MANCHESTER INTEGRATED CARE BOARD
2025-26,P85012,OLDHAM MEDICAL SERVICES,Y62,NORTH WEST COMMISSIONING REGION,QOP,NHS GREATER MANCHESTER INTEGRATED CARE BOARD
2025-26,P85013,THE ROYTON & CROMPTON FAMILY PRACTICE,Y62,NORTH WEST COMMISSIONING REGION,QOP,NHS GREATER MANCHESTER INTEGRATED CARE BOARD
2025-26,P85015,ALEXANDRA GROUP MED PRACT,Y62,NORTH WEST COMMISSIONING REGION,QOP,NHS GREATER MANCHESTER INTEGRATED CARE BOARD
2025-26,P85019,ROYTON MEDICAL CENTRE,Y62,NORTH WEST COMMISSIONING REGION,QOP,NHS GREATER MANCHESTER INTEGRATED CARE BOARD
2025-26,P85022,LEES MEDICAL PRACTICE,Y62,NORTH WEST COMMISSIONING REGION,QOP,NHS GREATER MANCHESTER INTEGRATED CARE BOARD
2025-26,P85601,JALAL PRACTICE,Y62,NORTH WEST COMMISSIONING REGION,QOP,NHS GREATER MANCHESTER INTEGRATED CARE BOARD
2025-26,P86001,MILNROW VILLAGE PRACTICE,Y62,NORTH WEST COMMISSIONING REGION,QOP,NHS GREATER MANCHESTER INTEGRATED CARE BOARD
2025-26,P86003,EDENFIELD ROAD SURGERY,Y62,NORTH WEST COMMISSIONING REGION,QOP,NHS GREATER MANCHESTER INTEGRATED CARE BOARD
2025-26,P86004,PETERLOO MEDICAL CENTRE,Y62,NORTH WEST COMMISSIONING REGION,QOP,NHS GREATER MANCHESTER INTEGRATED CARE BOARD
2025-26,P86013,HEALEY SURGERY,Y62,NORTH WEST COMMISSIONING REGION,QOP,NHS GREATER MANCHESTER INTEGRATED CARE BOARD
2025-26,P86017,INSPIRE MEDICAL CENTRE,Y62,NORTH WEST COMMISSIONING REGION,QOP,NHS GREATER MANCHESTER INTEGRATED CARE BOARD
2025-26,P86602,HEADY HILL SURGERY,Y62,NORTH WEST COMMISSIONING REGION,QOP,NHS GREATER MANCHESTER INTEGRATED CARE BOARD
2025-26,P86624,TRINITY MEDICAL CENTRE,Y62,NORTH WEST COMMISSIONING REGION,QOP,NHS GREATER MANCHESTER INTEGRATED CARE BOARD
2025-26,P87020,ST ANDREWS MEDICAL CENTRE,Y62,NORTH WEST COMMISSIONING REGION,QOP,NHS GREATER MANCHESTER INTEGRATED CARE BOARD
2025-26,P87024,3/SPRINGFIELD HOUSE MEDICAL PRACTICE,Y62,NORTH WEST COMMISSIONING REGION,QOP,NHS GREATER MANCHESTER INTEGRATED CARE BOARD
2025-26,P87028,THE GILL MEDICAL PRACTICE,Y62,NORTH WEST COMMISSIONING REGION,QOP,NHS GREATER MANCHESTER INTEGRATED CARE BOARD
2025-26,P87040,SORREL BANK MEDICAL PRACTICE,Y62,NORTH WEST COMMISSIONING REGION,QOP,NHS GREATER MANCHESTER INTEGRATED CARE BOARD
2025-26,P87630,CHERRY MEDICAL PRACTICE,Y62,NORTH WEST COMMISSIONING REGION,QOP,NHS GREATER MANCHESTER INTEGRATED CARE BOARD
2025-26,P87634,CLARENDON SURGERY,Y62,NORTH WEST COMMISSIONING REGION,QOP,NHS GREATER MANCHESTER INTEGRATED CARE BOARD
2025-26,P88003,MANOR MEDICAL PRACTICE,Y62,NORTH WEST COMMISSIONING REGION,QOP,NHS GREATER MANCHESTER INTEGRATED CARE BOARD
2025-26,P88009,WOODLEY VILLAGE SURGERY,Y62,NORTH WEST COMMISSIONING REGION,QOP,NHS GREATER MANCHESTER INTEGRATED CARE BOARD
2025-26,P88011,HEATON NORRIS MEDICAL PRACTICE,Y62,NORTH WEST COMMISSIONING REGION,QOP,NHS GREATER MANCHESTER INTEGRATED CARE BOARD
2025-26,P88017,CHADSFIELD MEDICAL PRACTICE,Y62,NORTH WEST COMMISSIONING REGION,QOP,NHS GREATER MANCHESTER INTEGRATED CARE BOARD
2025-26,P88031,BRACONDALE MEDICAL CENTRE,Y62,NORTH WEST COMMISSIONING REGION,QOP,NHS GREATER MANCHESTER INTEGRATED CARE BOARD
2025-26,P88043,BRINNINGTON SURGERY,Y62,NORTH WEST COMMISSIONING REGION,QOP,NHS GREATER MANCHESTER INTEGRATED CARE BOARD
2025-26,P88623,HIGH LANE MEDICAL CENTRE,Y62,NORTH WEST COMMISSIONING REGION,QOP,NHS GREATER MANCHESTER INTEGRATED CARE BOARD
2025-26,P89005,LOCKSIDE MEDICAL CENTRE,Y62,NORTH WEST COMMISSIONING REGION,QOP,NHS GREATER MANCHESTER INTEGRATED CARE BOARD
2025-26,P89008,ASHTON MEDICAL GROUP,Y62,NORTH WEST COMMISSIONING REGION,QOP,NHS GREATER MANCHESTER INTEGRATED CARE BOARD
2025-26,P89011,GORDON STREET MEDICAL CENTRE,Y62,NORTH WEST COMMISSIONING REGION,QOP,NHS GREATER MANCHESTER INTEGRATED CARE BOARD
2025-26,Y01281,THE VILLAGE SURGERY,Y59,SOUTH EAST COMMISSIONING REGION,QRL,NHS HAMPSHIRE AND ISLE OF WIGHT INTEGRATED CARE BOARD
2025-26,Y01655,THE VALE PRACTICE,Y56,LONDON COMMISSIONING REGION,Z9B2Z,NHS WEST AND NORTH LONDON INTEGRATED CARE BOARD
2025-26,Y01690,SCHOOL LANE PMS PRACTICE,Y61,EAST OF ENGLAND COMMISSIONING REGION,T6Y0W,NHS NORFOLK AND SUFFOLK INTEGRATED CARE BOARD
2025-26,Y01839,SINNOTT MEDICAL CENTRE,Y56,LONDON COMMISSIONING REGION,QMF,NHS NORTH EAST LONDON INTEGRATED CARE BOARD
2025-26,Y01929,TELDOC,Y60,MIDLANDS COMMISSIONING REGION,QOC,"NHS SHROPSHIRE, TELFORD AND WREKIN INTEGRATED CARE BOARD"
2025-26,Y02002,ONE MEDICARE LLP-THE LIGHT,Y63,NORTH EAST AND YORKSHIRE COMMISSIONING REGION,QWO,NHS WEST YORKSHIRE INTEGRATED CARE BOARD
2025-26,Y02177,THE PRACTICE NORTHUMBERLAND AVENUE,Y61,EAST OF ENGLAND COMMISSIONING REGION,D7T5G,NHS ESSEX INTEGRATED CARE BOARD
2025-26,Y02212,DUDLEY WOOD SURGERY,Y60,MIDLANDS COMMISSIONING REGION,QUA,NHS BLACK COUNTRY INTEGRATED CARE BOARD
2025-26,Y02274,RIVINGTON WAY SURGERY,Y62,NORTH WEST COMMISSIONING REGION,QOP,NHS GREATER MANCHESTER INTEGRATED CARE BOARD
2025-26,Y02354,SANDY LANE SURGERY,Y60,MIDLANDS COMMISSIONING REGION,QNC,NHS STAFFORDSHIRE AND STOKE-ON-TRENT INTEGRATED CARE BOARD
2025-26,Y02423,GRAFTON MEDICAL PARTNERS,Y56,LONDON COMMISSIONING REGION,QWE,NHS SOUTH WEST LONDON INTEGRATED CARE BOARD
2025-26,Y02463,THE TOWN CENTRE PRACTICE,Y61,EAST OF ENGLAND COMMISSIONING REGION,S1Y5D,NHS CENTRAL EAST INTEGRATED CARE BOARD
2025-26,Y02517,NEWQUAY HEALTH CENTRE,Y58,SOUTH WEST COMMISSIONING REGION,QT6,NHS CORNWALL AND THE ISLES OF SCILLY INTEGRATED CARE BOARD
2025-26,Y02519,GLOUCESTER HEALTH ACCESS CENTRE,Y58,SOUTH WEST COMMISSIONING REGION,QR1,NHS GLOUCESTERSHIRE INTEGRATED CARE BOARD
2025-26,P89012,CLARENDON MEDICAL CENTRE,Y62,NORTH WEST COMMISSIONING REGION,QOP,NHS GREATER MANCHESTER INTEGRATED CARE BOARD
2025-26,P89016,DONNEYBROOK MEDICAL CENTRE,Y62,NORTH WEST COMMISSIONING REGION,QOP,NHS GREATER MANCHESTER INTEGRATED CARE BOARD
2025-26,P89602,THE SMITHY SURGERY,Y62,NORTH WEST COMMISSIONING REGION,QOP,NHS GREATER MANCHESTER INTEGRATED CARE BOARD
2025-26,P89609,STAMFORD HOUSE,Y62,NORTH WEST COMMISSIONING REGION,QOP,NHS GREATER MANCHESTER INTEGRATED CARE BOARD
2025-26,P91004,ALTRINCHAM MEDICAL PRACTICE,Y62,NORTH WEST COMMISSIONING REGION,QOP,NHS GREATER MANCHESTER INTEGRATED CARE BOARD
2025-26,P91016,WEST TIMPERLEY MEDICAL CENTRE,Y62,NORTH WEST COMMISSIONING REGION,QOP,NHS GREATER MANCHESTER INTEGRATED CARE BOARD
2025-26,P91026,PARTINGTON FAMILY PRACTICE,Y62,NORTH WEST COMMISSIONING REGION,QOP,NHS GREATER MANCHESTER INTEGRATED CARE BOARD
2025-26,P91604,ST JOHNS MEDICAL CENTRE,Y62,NORTH WEST COMMISSIONING REGION,QOP,NHS GREATER MANCHESTER INTEGRATED CARE BOARD
2025-26,P91623,VILLAGE SURGERY,Y62,NORTH WEST COMMISSIONING REGION,QOP,NHS GREATER MANCHESTER INTEGRATED CARE BOARD
2025-26,P91629,NORTH TRAFFORD GROUP PRACTICE,Y62,NORTH WEST COMMISSIONING REGION,QOP,NHS GREATER MANCHESTER INTEGRATED CARE BOARD
2025-26,P92004,DR TUN & PARTNERS,Y62,NORTH WEST COMMISSIONING REGION,QOP,NHS GREATER MANCHESTER INTEGRATED CARE BOARD
2025-26,P92011,SULLIVAN WAY SURGERY,Y62,NORTH WEST COMMISSIONING REGION,QOP,NHS GREATER MANCHESTER INTEGRATED CARE BOARD
2025-26,P92012,HIGH STREET SURGERY,Y62,NORTH WEST COMMISSIONING REGION,QOP,NHS GREATER MANCHESTER INTEGRATED CARE BOARD
2025-26,P92016,PENNYGATE MEDICAL CENTRE,Y62,NORTH WEST COMMISSIONING REGION,QOP,NHS GREATER MANCHESTER INTEGRATED CARE BOARD
2025-26,P92019,PEMBERTON SURGERY,Y62,NORTH WEST COMMISSIONING REGION,QOP,NHS GREATER MANCHESTER INTEGRATED CARE BOARD
2025-26,P92024,KUMAR FAMILY PRACTICE,Y62,NORTH WEST COMMISSIONING REGION,QOP,NHS GREATER MANCHESTER INTEGRATED CARE BOARD
2025-26,P92602,FOXLEIGH FAMILY SURGERY,Y62,NORTH WEST COMMISSIONING REGION,QOP,NHS GREATER MANCHESTER INTEGRATED CARE BOARD
2025-26,P92620,INCE SURGERY,Y62,NORTH WEST COMMISSIONING REGION,QOP,NHS GREATER MANCHESTER INTEGRATED CARE BOARD
2025-26,P92621,PREMIER HEALTH TEAM,Y62,NORTH WEST COMMISSIONING REGION,QOP,NHS GREATER MANCHESTER INTEGRATED CARE BOARD
2025-26,P92648,SLAG LANE MC,Y62,NORTH WEST COMMISSIONING REGION,QOP,NHS GREATER MANCHESTER INTEGRATED CARE BOARD
2025-26,Y00033,PURFLEET CARE CENTRE,Y61,EAST OF ENGLAND COMMISSIONING REGION,D7T5G,NHS ESSEX INTEGRATED CARE BOARD
2025-26,Y00050,LILFORD & PENNINGTON PARK SURGERY,Y62,NORTH WEST COMMISSIONING REGION,QOP,NHS GREATER MANCHESTER INTEGRATED CARE BOARD
2025-26,Y00090,THE DOCTORS HOUSE,Y56,LONDON COMMISSIONING REGION,QMF,NHS NORTH EAST LONDON INTEGRATED CARE BOARD
2025-26,Y00137,WILLOWS HEALTH,Y60,MIDLANDS COMMISSIONING REGION,QK1,"NHS LEICESTER, LEICESTERSHIRE AND RUTLAND INTEGRATED CARE BOARD"
2025-26,Y00159,HALL GREEN HEALTH,Y60,MIDLANDS COMMISSIONING REGION,QHL,NHS BIRMINGHAM AND SOLIHULL INTEGRATED CARE BOARD
2025-26,Y00186,3D MEDICAL CENTRE,Y62,NORTH WEST COMMISSIONING REGION,QOP,NHS GREATER MANCHESTER INTEGRATED CARE BOARD
2025-26,Y00200,PORTOBELLO MEDICAL CENTRE,Y56,LONDON COMMISSIONING REGION,Z9B2Z,NHS WEST AND NORTH LONDON INTEGRATED CARE BOARD
2025-26,Y00286,THE RAVENSCAR SURGERY,Y63,NORTH EAST AND YORKSHIRE COMMISSIONING REGION,QHM,NHS NORTH EAST AND NORTH CUMBRIA INTEGRATED CARE BOARD
2025-26,Y00293,HEDINGHAM MEDICAL CENTRE,Y61,EAST OF ENGLAND COMMISSIONING REGION,D7T5G,NHS ESSEX INTEGRATED CARE BOARD
2025-26,Y00347,DR JACOBS SURGERY,Y62,NORTH WEST COMMISSIONING REGION,QE1,NHS LANCASHIRE AND SOUTH CUMBRIA INTEGRATED CARE BOARD
2025-26,Y00412,SOHO HEALTH CENTRE,Y60,MIDLANDS COMMISSIONING REGION,QHL,NHS BIRMINGHAM AND SOLIHULL INTEGRATED CARE BOARD
2025-26,Y00437,THE ORCHARD SURGERY,Y59,SOUTH EAST COMMISSIONING REGION,S0E4D,NHS THAMES VALLEY INTEGRATED CARE BOARD
2025-26,Y00486,BOTOLPH BRIDGE COMMUNITY HEALTH CENTRE,Y61,EAST OF ENGLAND COMMISSIONING REGION,S1Y5D,NHS CENTRAL EAST INTEGRATED CARE BOARD
2025-26,Y00492,SUMMERFIELD GROUP PRACTICE,Y60,MIDLANDS COMMISSIONING REGION,QHL,NHS BIRMINGHAM AND SOLIHULL INTEGRATED CARE BOARD
2025-26,Y00568,FOXHAYES PRACTICE,Y58,SOUTH WEST COMMISSIONING REGION,QJK,NHS DEVON INTEGRATED CARE BOARD
2025-26,Y00726,THE HIVE HEALTH CENTRE,Y62,NORTH WEST COMMISSIONING REGION,QOP,NHS GREATER MANCHESTER INTEGRATED CARE BOARD
2025-26,Y00918,GRANVILLE MEDICAL CENTRE,Y56,LONDON COMMISSIONING REGION,QMF,NHS NORTH EAST LONDON INTEGRATED CARE BOARD
2025-26,Y00969,RAME GROUP PRACTICE,Y58,SOUTH WEST COMMISSIONING REGION,QT6,NHS CORNWALL AND THE ISLES OF SCILLY INTEGRATED CARE BOARD
2025-26,Y00999,ODDFELLOWS HALL & ST CLEMENTS,Y61,EAST OF ENGLAND COMMISSIONING REGION,D7T5G,NHS ESSEX INTEGRATED CARE BOARD
2025-26,Y01118,ECCLESHILL VILLAGE SURGERY,Y63,NORTH EAST AND YORKSHIRE COMMISSIONING REGION,QWO,NHS WEST YORKSHIRE INTEGRATED CARE BOARD
2025-26,Y01132,CHARTFIELD SURGERY,Y56,LONDON COMMISSIONING REGION,QWE,NHS SOUTH WEST LONDON INTEGRATED CARE BOARD
2025-26,Y01206,GLEBE ROAD SURGERY,Y56,LONDON COMMISSIONING REGION,QWE,NHS SOUTH WEST LONDON INTEGRATED CARE BOARD
2025-26,Y01221,SOMERSET FHP O,Y56,LONDON COMMISSIONING REGION,Z9B2Z,NHS WEST AND NORTH LONDON INTEGRATED CARE BOARD
2025-26,Y01756,STOURSIDE MEDICAL PRACTICE,Y60,MIDLANDS COMMISSIONING REGION,QUA,NHS BLACK COUNTRY INTEGRATED CARE BOARD
2025-26,Y01812,HEARTWOOD MEDICAL PRACTICE,Y60,MIDLANDS COMMISSIONING REGION,QJ2,NHS DERBY AND DERBYSHIRE INTEGRATED CARE BOARD
2025-26,Y01922,STENNACK SURGERY,Y58,SOUTH WEST COMMISSIONING REGION,QT6,NHS CORNWALL AND THE ISLES OF SCILLY INTEGRATED CARE BOARD
2025-26,Y02325,CHARLESTOWN MD,Y62,NORTH WEST COMMISSIONING REGION,QOP,NHS GREATER MANCHESTER INTEGRATED CARE BOARD
2025-26,Y02589,HAMMERSMITH & FULHAM CENTRES FOR HEALTH,Y56,LONDON COMMISSIONING REGION,Z9B2Z,NHS WEST AND NORTH LONDON INTEGRATED CARE BOARD
2025-26,Y02594,ESSINGTON MEDICAL CENTRE,Y60,MIDLANDS COMMISSIONING REGION,QNC,NHS STAFFORDSHIRE AND STOKE-ON-TRENT INTEGRATED CARE BOARD
2025-26,Y02605,ACCRINGTON VICTORIA GP PRACTICE,Y62,NORTH WEST COMMISSIONING REGION,QE1,NHS LANCASHIRE AND SOUTH CUMBRIA INTEGRATED CARE BOARD
2025-26,Y02622,BLACKFRIARS,Y62,NORTH WEST COMMISSIONING REGION,QOP,NHS GREATER MANCHESTER INTEGRATED CARE BOARD
2025-26,Y02633,BOW MEDICAL PRACTICE,Y58,SOUTH WEST COMMISSIONING REGION,QJK,NHS DEVON INTEGRATED CARE BOARD
2025-26,Y02639,SPRING HOUSE HEALTH,Y61,EAST OF ENGLAND COMMISSIONING REGION,S1Y5D,NHS CENTRAL EAST INTEGRATED CARE BOARD
2025-26,Y02646,TURNER ROAD SURGERY,Y61,EAST OF ENGLAND COMMISSIONING REGION,D7T5G,NHS ESSEX INTEGRATED CARE BOARD
2025-26,Y02653,HIGH OAK SURGERY,Y60,MIDLANDS COMMISSIONING REGION,QUA,NHS BLACK COUNTRY INTEGRATED CARE BOARD
2025-26,Y02671,THE PRACTICE HEART OF HOUNSLOW,Y56,LONDON COMMISSIONING REGION,Z9B2Z,NHS WEST AND NORTH LONDON INTEGRATED CARE BOARD
2025-26,Y02692,THE WEMBLEY PRACTICE,Y56,LONDON COMMISSIONING REGION,Z9B2Z,NHS WEST AND NORTH LONDON INTEGRATED CARE BOARD
2025-26,Y02718,BIRTLE VIEW MEDICAL PRACTICE,Y62,NORTH WEST COMMISSIONING REGION,QOP,NHS GREATER MANCHESTER INTEGRATED CARE BOARD
2025-26,Y02721,KIRKHOLT MEDICAL PRACTICE,Y62,NORTH WEST COMMISSIONING REGION,QOP,NHS GREATER MANCHESTER INTEGRATED CARE BOARD
2025-26,Y02736,SHOWELL PARK HEALTH CENTRE,Y60,MIDLANDS COMMISSIONING REGION,QUA,NHS BLACK COUNTRY INTEGRATED CARE BOARD
2025-26,Y02751,NORWICH PRACTICES HEALTH CENTRE,Y61,EAST OF ENGLAND COMMISSIONING REGION,T6Y0W,NHS NORFOLK AND SUFFOLK INTEGRATED CARE BOARD
2025-26,Y02753,HILL TOP SURGERY,Y62,NORTH WEST COMMISSIONING REGION,QOP,NHS GREATER MANCHESTER INTEGRATED CARE BOARD
2025-26,Y02767,THE HEIGHT GENERAL PRACTICE,Y62,NORTH WEST COMMISSIONING REGION,QOP,NHS GREATER MANCHESTER INTEGRATED CARE BOARD
2025-26,Y02466,BUCKSHAW VILLAGE HEALTH CENTRE,Y62,NORTH WEST COMMISSIONING REGION,QE1,NHS LANCASHIRE AND SOUTH CUMBRIA INTEGRATED CARE BOARD
2025-26,Y02510,MARSHALLS CROSS MEDICAL CENTRE,Y62,NORTH WEST COMMISSIONING REGION,QYG,NHS CHESHIRE AND MERSEYSIDE INTEGRATED CARE BOARD
2025-26,Y02521,WILLOW BANK SURGERY,Y60,MIDLANDS COMMISSIONING REGION,QNC,NHS STAFFORDSHIRE AND STOKE-ON-TRENT INTEGRATED CARE BOARD
2025-26,Y02567,HODGE HILL FAMILY PRACTICE,Y60,MIDLANDS COMMISSIONING REGION,QHL,NHS BIRMINGHAM AND SOLIHULL INTEGRATED CARE BOARD
2025-26,Y02578,BROADMEAD MEDICAL CENTRE,Y58,SOUTH WEST COMMISSIONING REGION,QUY,"NHS BRISTOL, NORTH SOMERSET AND SOUTH GLOUCESTERSHIRE INTEGRATED CARE BOARD"
2025-26,Y02627,HARDEN BLAKENALL,Y60,MIDLANDS COMMISSIONING REGION,QUA,NHS BLACK COUNTRY INTEGRATED CARE BOARD
2025-26,Y02657,BENTHAM ROAD HEALTH CENTRE,Y62,NORTH WEST COMMISSIONING REGION,QE1,NHS LANCASHIRE AND SOUTH CUMBRIA INTEGRATED CARE BOARD
2025-26,Y02669,CASTLE HEALTH CENTRE,Y63,NORTH EAST AND YORKSHIRE COMMISSIONING REGION,QOQ,NHS HUMBER AND NORTH YORKSHIRE INTEGRATED CARE BOARD
2025-26,Y02672,THE PRACTICE FELTHAM,Y56,LONDON COMMISSIONING REGION,Z9B2Z,NHS WEST AND NORTH LONDON INTEGRATED CARE BOARD
2025-26,Y02674,CAMDEN HEALTH IMPROVEMENT PRACTICE,Y56,LONDON COMMISSIONING REGION,Z9B2Z,NHS WEST AND NORTH LONDON INTEGRATED CARE BOARD
2025-26,Y02707,ST LUKE'S HEALTH CENTRE,Y61,EAST OF ENGLAND COMMISSIONING REGION,D7T5G,NHS ESSEX INTEGRATED CARE BOARD
2025-26,Y02713,GUIDE BRIDGE MEDICAL PRACTICE,Y62,NORTH WEST COMMISSIONING REGION,QOP,NHS GREATER MANCHESTER INTEGRATED CARE BOARD
2025-26,Y02847,PARLIAMENT STREET MEDICAL CENTRE,Y60,MIDLANDS COMMISSIONING REGION,QT1,NHS NOTTINGHAM AND NOTTINGHAMSHIRE INTEGRATED CARE BOARD
2025-26,Y02885,MARSH GREEN MEDICAL PRACTICE,Y62,NORTH WEST COMMISSIONING REGION,QOP,NHS GREATER MANCHESTER INTEGRATED CARE BOARD
2025-26,Y02893,IRIDIUM MEDICAL PRACTICE,Y60,MIDLANDS COMMISSIONING REGION,QHL,NHS BIRMINGHAM AND SOLIHULL INTEGRATED CARE BOARD
2025-26,Y02933,HOLLINWOOD MEDICAL PRACTICE,Y62,NORTH WEST COMMISSIONING REGION,QOP,NHS GREATER MANCHESTER INTEGRATED CARE BOARD
2025-26,Y02973,KINGS PARK SURGERY,Y56,LONDON COMMISSIONING REGION,QMF,NHS NORTH EAST LONDON INTEGRATED CARE BOARD
2025-26,Y03103,MEDICUS SELECT CARE,Y56,LONDON COMMISSIONING REGION,Z9B2Z,NHS WEST AND NORTH LONDON INTEGRATED CARE BOARD
2025-26,Y03441,"HEALTH AND WELLBEING CENTRE, EARLS COURT",Y56,LONDON COMMISSIONING REGION,Z9B2Z,NHS WEST AND NORTH LONDON INTEGRATED CARE BOARD
2025-26,Y03664,DR AZIM & PARTNERS,Y56,LONDON COMMISSIONING REGION,Z9B2Z,NHS WEST AND NORTH LONDON INTEGRATED CARE BOARD
2025-26,Y04664,THE WILLASTON SURGERY,Y62,NORTH WEST COMMISSIONING REGION,QYG,NHS CHESHIRE AND MERSEYSIDE INTEGRATED CARE BOARD
2025-26,Y04809,LAKESIDE SURGERY,Y63,NORTH EAST AND YORKSHIRE COMMISSIONING REGION,QF7,NHS SOUTH YORKSHIRE INTEGRATED CARE BOARD
2025-26,A89031,HYLTON MEDICAL GROUP,Y63,NORTH EAST AND YORKSHIRE COMMISSIONING REGION,QHM,NHS NORTH EAST AND NORTH CUMBRIA INTEGRATED CARE BOARD
2025-26,A89036,CASTLETOWN MEDICAL CENTRE,Y63,NORTH EAST AND YORKSHIRE COMMISSIONING REGION,QHM,NHS NORTH EAST AND NORTH CUMBRIA INTEGRATED CARE BOARD
2025-26,A89040,MONKWEARMOUTH HEALTH CENTRE,Y63,NORTH EAST AND YORKSHIRE COMMISSIONING REGION,QHM,NHS NORTH EAST AND NORTH CUMBRIA INTEGRATED CARE BOARD
2025-26,A89616,RICKLETON MEDICAL CENTRE,Y63,NORTH EAST AND YORKSHIRE COMMISSIONING REGION,QHM,NHS NORTH EAST AND NORTH CUMBRIA INTEGRATED CARE BOARD
2025-26,A89617,I J HEALTHCARE,Y63,NORTH EAST AND YORKSHIRE COMMISSIONING REGION,QHM,NHS NORTH EAST AND NORTH CUMBRIA INTEGRATED CARE BOARD
2025-26,B81007,WINTERTON MEDICAL PRACTICE,Y63,NORTH EAST AND YORKSHIRE COMMISSIONING REGION,QOQ,NHS HUMBER AND NORTH YORKSHIRE INTEGRATED CARE BOARD
2025-26,B81011,KINGSTON HEALTH (HULL),Y63,NORTH EAST AND YORKSHIRE COMMISSIONING REGION,QOQ,NHS HUMBER AND NORTH YORKSHIRE INTEGRATED CARE BOARD
2025-26,B81012,DR AP KUMAR,Y63,NORTH EAST AND YORKSHIRE COMMISSIONING REGION,QOQ,NHS HUMBER AND NORTH YORKSHIRE INTEGRATED CARE BOARD
2025-26,B81015,CLEE MEDICAL CENTRE,Y63,NORTH EAST AND YORKSHIRE COMMISSIONING REGION,QOQ,NHS HUMBER AND NORTH YORKSHIRE INTEGRATED CARE BOARD
2025-26,B81016,PELHAM MEDICAL GROUP,Y63,NORTH EAST AND YORKSHIRE COMMISSIONING REGION,QOQ,NHS HUMBER AND NORTH YORKSHIRE INTEGRATED CARE BOARD
2025-26,B81018,ORCHARD 2000 GROUP,Y63,NORTH EAST AND YORKSHIRE COMMISSIONING REGION,QOQ,NHS HUMBER AND NORTH YORKSHIRE INTEGRATED CARE BOARD
2025-26,B81024,WILLERBY AND SWANLAND SURGERY,Y63,NORTH EAST AND YORKSHIRE COMMISSIONING REGION,QOQ,NHS HUMBER AND NORTH YORKSHIRE INTEGRATED CARE BOARD
2025-26,B81027,ST ANDREWS SURGERY,Y63,NORTH EAST AND YORKSHIRE COMMISSIONING REGION,QOQ,NHS HUMBER AND NORTH YORKSHIRE INTEGRATED CARE BOARD
2025-26,B81032,WILBERFORCE SURGERY,Y63,NORTH EAST AND YORKSHIRE COMMISSIONING REGION,QOQ,NHS HUMBER AND NORTH YORKSHIRE INTEGRATED CARE BOARD
2025-26,B81045,ASHBY TURN PRIMARY CARE PARTNERS,Y63,NORTH EAST AND YORKSHIRE COMMISSIONING REGION,QOQ,NHS HUMBER AND NORTH YORKSHIRE INTEGRATED CARE BOARD
2025-26,B81051,OLD FIRE STATION SURGERY,Y63,NORTH EAST AND YORKSHIRE COMMISSIONING REGION,QOQ,NHS HUMBER AND NORTH YORKSHIRE INTEGRATED CARE BOARD
2025-26,B81074,CITY HEALTH PRACTICE LTD,Y63,NORTH EAST AND YORKSHIRE COMMISSIONING REGION,QOQ,NHS HUMBER AND NORTH YORKSHIRE INTEGRATED CARE BOARD
2025-26,B81082,NORTH BEVERLEY MEDICAL CENTRE,Y63,NORTH EAST AND YORKSHIRE COMMISSIONING REGION,QOQ,NHS HUMBER AND NORTH YORKSHIRE INTEGRATED CARE BOARD
2025-26,B81100,DR AC MILNER,Y63,NORTH EAST AND YORKSHIRE COMMISSIONING REGION,QOQ,NHS HUMBER AND NORTH YORKSHIRE INTEGRATED CARE BOARD
2025-26,B81112,JAMES ALEXANDER FAMILY PRACTICE,Y63,NORTH EAST AND YORKSHIRE COMMISSIONING REGION,QOQ,NHS HUMBER AND NORTH YORKSHIRE INTEGRATED CARE BOARD
2025-26,B81113,CEDAR MEDICAL PRACTICE,Y63,NORTH EAST AND YORKSHIRE COMMISSIONING REGION,QOQ,NHS HUMBER AND NORTH YORKSHIRE INTEGRATED CARE BOARD
2025-26,B81118,WEST COMMON LANE TEACHING PRACTICE,Y63,NORTH EAST AND YORKSHIRE COMMISSIONING REGION,QOQ,NHS HUMBER AND NORTH YORKSHIRE INTEGRATED CARE BOARD
2025-26,B81617,CHERRY TREE MEDICAL PRACTICE,Y63,NORTH EAST AND YORKSHIRE COMMISSIONING REGION,QOQ,NHS HUMBER AND NORTH YORKSHIRE INTEGRATED CARE BOARD
2025-26,B81645,EAST PARK PRACTICE,Y63,NORTH EAST AND YORKSHIRE COMMISSIONING REGION,QOQ,NHS HUMBER AND NORTH YORKSHIRE INTEGRATED CARE BOARD
2025-26,B81647,WEST TOWN SURGERY,Y63,NORTH EAST AND YORKSHIRE COMMISSIONING REGION,QOQ,NHS HUMBER AND NORTH YORKSHIRE INTEGRATED CARE BOARD
2025-26,B82005,PRIORY MEDICAL GROUP,Y63,NORTH EAST AND YORKSHIRE COMMISSIONING REGION,QOQ,NHS HUMBER AND NORTH YORKSHIRE INTEGRATED CARE BOARD
2025-26,B82011,SHERBURN SURGERY,Y63,NORTH EAST AND YORKSHIRE COMMISSIONING REGION,QOQ,NHS HUMBER AND NORTH YORKSHIRE INTEGRATED CARE BOARD
2025-26,B82013,MOSS HEALTHCARE HARROGATE,Y63,NORTH EAST AND YORKSHIRE COMMISSIONING REGION,QOQ,NHS HUMBER AND NORTH YORKSHIRE INTEGRATED CARE BOARD
2025-26,Y05318,DENMARK ROAD SURGERY,Y56,LONDON COMMISSIONING REGION,QWE,NHS SOUTH WEST LONDON INTEGRATED CARE BOARD
2025-26,Y05330,"WELBOURNE MED PRAC, WELBOURNE H C",Y56,LONDON COMMISSIONING REGION,Z9B2Z,NHS WEST AND NORTH LONDON INTEGRATED CARE BOARD
2025-26,Y05349,CLOVER CITY PRACTICE,Y63,NORTH EAST AND YORKSHIRE COMMISSIONING REGION,QF7,NHS SOUTH YORKSHIRE INTEGRATED CARE BOARD
2025-26,Y05363,BHF HIGHGATE SURGERY,Y63,NORTH EAST AND YORKSHIRE COMMISSIONING REGION,QF7,NHS SOUTH YORKSHIRE INTEGRATED CARE BOARD
2025-26,Y06356,BILBOROUGH MEDICAL CENTRE,Y60,MIDLANDS COMMISSIONING REGION,QT1,NHS NOTTINGHAM AND NOTTINGHAMSHIRE INTEGRATED CARE BOARD
2025-26,Y06443,WHYBURN MEDICAL PRACTICE,Y60,MIDLANDS COMMISSIONING REGION,QT1,NHS NOTTINGHAM AND NOTTINGHAMSHIRE INTEGRATED CARE BOARD
2025-26,Y07014,SHAKESPEARE ROAD MEDICAL PRACTICE,Y59,SOUTH EAST COMMISSIONING REGION,QRL,NHS HAMPSHIRE AND ISLE OF WIGHT INTEGRATED CARE BOARD
2025-26,Y07020,ONE CARE LAMBETH,Y56,LONDON COMMISSIONING REGION,QKK,NHS SOUTH EAST LONDON INTEGRATED CARE BOARD
2025-26,Y08411,ONE CARE LEWISHAM,Y56,LONDON COMMISSIONING REGION,QKK,NHS SOUTH EAST LONDON INTEGRATED CARE BOARD
2025-26,B82016,STRAYSIDE HEALTH,Y63,NORTH EAST AND YORKSHIRE COMMISSIONING REGION,QOQ,NHS HUMBER AND NORTH YORKSHIRE INTEGRATED CARE BOARD
2025-26,B82017,WHITBY GROUP PRACTICE,Y63,NORTH EAST AND YORKSHIRE COMMISSIONING REGION,QOQ,NHS HUMBER AND NORTH YORKSHIRE INTEGRATED CARE BOARD
2025-26,B82021,DALTON TERRACE SURGERY,Y63,NORTH EAST AND YORKSHIRE COMMISSIONING REGION,QOQ,NHS HUMBER AND NORTH YORKSHIRE INTEGRATED CARE BOARD
2025-26,B82025,DERWENT PRACTICE,Y63,NORTH EAST AND YORKSHIRE COMMISSIONING REGION,QOQ,NHS HUMBER AND NORTH YORKSHIRE INTEGRATED CARE BOARD
2025-26,B82026,HAXBY GROUP PRACTICE,Y63,NORTH EAST AND YORKSHIRE COMMISSIONING REGION,QOQ,NHS HUMBER AND NORTH YORKSHIRE INTEGRATED CARE BOARD
2025-26,B82027,THE SPA SURGERY,Y63,NORTH EAST AND YORKSHIRE COMMISSIONING REGION,QOQ,NHS HUMBER AND NORTH YORKSHIRE INTEGRATED CARE BOARD
2025-26,B82031,SHERBURN GROUP PRACTICE,Y63,NORTH EAST AND YORKSHIRE COMMISSIONING REGION,QOQ,NHS HUMBER AND NORTH YORKSHIRE INTEGRATED CARE BOARD
2025-26,B82033,PICKERING MEDICAL PRACTICE,Y63,NORTH EAST AND YORKSHIRE COMMISSIONING REGION,QOQ,NHS HUMBER AND NORTH YORKSHIRE INTEGRATED CARE BOARD
2025-26,B82036,PARK STREET,Y63,NORTH EAST AND YORKSHIRE COMMISSIONING REGION,QOQ,NHS HUMBER AND NORTH YORKSHIRE INTEGRATED CARE BOARD
2025-26,B82059,CHURCH AVENUE MEDICAL GROUP,Y63,NORTH EAST AND YORKSHIRE COMMISSIONING REGION,QOQ,NHS HUMBER AND NORTH YORKSHIRE INTEGRATED CARE BOARD
2025-26,B82061,BENTHAM MEDICAL PRACTICE,Y62,NORTH WEST COMMISSIONING REGION,QE1,NHS LANCASHIRE AND SOUTH CUMBRIA INTEGRATED CARE BOARD
2025-26,B82064,TOLLERTON SURGERY,Y63,NORTH EAST AND YORKSHIRE COMMISSIONING REGION,QOQ,NHS HUMBER AND NORTH YORKSHIRE INTEGRATED CARE BOARD
2025-26,B82067,STOCKWELL ROAD SURGERY,Y63,NORTH EAST AND YORKSHIRE COMMISSIONING REGION,QOQ,NHS HUMBER AND NORTH YORKSHIRE INTEGRATED CARE BOARD
2025-26,B82068,HELMSLEY SURGERY,Y63,NORTH EAST AND YORKSHIRE COMMISSIONING REGION,QOQ,NHS HUMBER AND NORTH YORKSHIRE INTEGRATED CARE BOARD
2025-26,B82069,BEECH HOUSE SURGERY,Y63,NORTH EAST AND YORKSHIRE COMMISSIONING REGION,QOQ,NHS HUMBER AND NORTH YORKSHIRE INTEGRATED CARE BOARD
2025-26,B82079,STILLINGTON SURGERY,Y63,NORTH EAST AND YORKSHIRE COMMISSIONING REGION,QOQ,NHS HUMBER AND NORTH YORKSHIRE INTEGRATED CARE BOARD
2025-26,B82086,ESK VALLEY MEDICAL PRACTICE,Y63,NORTH EAST AND YORKSHIRE COMMISSIONING REGION,QOQ,NHS HUMBER AND NORTH YORKSHIRE INTEGRATED CARE BOARD
2025-26,B82106,HACKNESS ROAD SURGERY,Y63,NORTH EAST AND YORKSHIRE COMMISSIONING REGION,QOQ,NHS HUMBER AND NORTH YORKSHIRE INTEGRATED CARE BOARD
2025-26,B83012,MANOR MEDICAL PRACTICE,Y63,NORTH EAST AND YORKSHIRE COMMISSIONING REGION,QWO,NHS WEST YORKSHIRE INTEGRATED CARE BOARD
2025-26,B83014,BINGLEY MEDICAL PRACTICE,Y63,NORTH EAST AND YORKSHIRE COMMISSIONING REGION,QWO,NHS WEST YORKSHIRE INTEGRATED CARE BOARD
2025-26,B83028,WIBSEY & QUEENSBURY MED P,Y63,NORTH EAST AND YORKSHIRE COMMISSIONING REGION,QWO,NHS WEST YORKSHIRE INTEGRATED CARE BOARD
2025-26,B83032,BRADFORD MOOR PRACTICE,Y63,NORTH EAST AND YORKSHIRE COMMISSIONING REGION,QWO,NHS WEST YORKSHIRE INTEGRATED CARE BOARD
2025-26,B83034,GRANGE MEDICAL CENTRE,Y63,NORTH EAST AND YORKSHIRE COMMISSIONING REGION,QWO,NHS WEST YORKSHIRE INTEGRATED CARE BOARD
2025-26,B83051,BRADFORD STUDENT HEALTH SERVICE,Y63,NORTH EAST AND YORKSHIRE COMMISSIONING REGION,QWO,NHS WEST YORKSHIRE INTEGRATED CARE BOARD
2025-26,B83052,KENSINGTON PARTNERSHIP,Y63,NORTH EAST AND YORKSHIRE COMMISSIONING REGION,QWO,NHS WEST YORKSHIRE INTEGRATED CARE BOARD
2025-26,B83628,CLARENDON MEDICAL CENTRE,Y63,NORTH EAST AND YORKSHIRE COMMISSIONING REGION,QWO,NHS WEST YORKSHIRE INTEGRATED CARE BOARD
2025-26,B83642,THE CITY MEDICAL PRACTICE,Y63,NORTH EAST AND YORKSHIRE COMMISSIONING REGION,QWO,NHS WEST YORKSHIRE INTEGRATED CARE BOARD
2025-26,B83653,DR GILKAR,Y63,NORTH EAST AND YORKSHIRE COMMISSIONING REGION,QWO,NHS WEST YORKSHIRE INTEGRATED CARE BOARD
2025-26,B83657,BEVAN COMMUNITY BENEFIT SOCIETY,Y63,NORTH EAST AND YORKSHIRE COMMISSIONING REGION,QWO,NHS WEST YORKSHIRE INTEGRATED CARE BOARD
2025-26,Y02720,THE KINGSWAY PRACTICE,Y62,NORTH WEST COMMISSIONING REGION,QOP,NHS GREATER MANCHESTER INTEGRATED CARE BOARD
2025-26,Y02900,BROOKLANDS HEALTH CENTRE,Y61,EAST OF ENGLAND COMMISSIONING REGION,S1Y5D,NHS CENTRAL EAST INTEGRATED CARE BOARD
2025-26,Y02906,CANBERRA OLD OAK SURGERY,Y56,LONDON COMMISSIONING REGION,Z9B2Z,NHS WEST AND NORTH LONDON INTEGRATED CARE BOARD
2025-26,Y02960,NEW BANK HEALTH,Y62,NORTH WEST COMMISSIONING REGION,QOP,NHS GREATER MANCHESTER INTEGRATED CARE BOARD
2025-26,Y03023,ST ANDREWS HEALTH CENTRE,Y56,LONDON COMMISSIONING REGION,QMF,NHS NORTH EAST LONDON INTEGRATED CARE BOARD
2025-26,Y03063,HETHERINGTON AT THE PAVILION,Y56,LONDON COMMISSIONING REGION,QKK,NHS SOUTH EAST LONDON INTEGRATED CARE BOARD
2025-26,Y03124,GRANGE FARM MEDICAL CENTRE,Y60,MIDLANDS COMMISSIONING REGION,QT1,NHS NOTTINGHAM AND NOTTINGHAMSHIRE INTEGRATED CARE BOARD
2025-26,Y03366,OLIVE FAMILY PRACTICE,Y62,NORTH WEST COMMISSIONING REGION,QOP,NHS GREATER MANCHESTER INTEGRATED CARE BOARD
2025-26,Y04225,EALING COMMUNITY PRT - CARE HOME SERVICE,Y56,LONDON COMMISSIONING REGION,Z9B2Z,NHS WEST AND NORTH LONDON INTEGRATED CARE BOARD
2025-26,Y04266,CROSLAND MOOR SURGERY,Y63,NORTH EAST AND YORKSHIRE COMMISSIONING REGION,QWO,NHS WEST YORKSHIRE INTEGRATED CARE BOARD
2025-26,Y04273,LIBERTY BRIDGE ROAD PRACTICE,Y56,LONDON COMMISSIONING REGION,QMF,NHS NORTH EAST LONDON INTEGRATED CARE BOARD
2025-26,Y04957,ST AUSTELL HEALTH GROUP,Y58,SOUTH WEST COMMISSIONING REGION,QT6,NHS CORNWALL AND THE ISLES OF SCILLY INTEGRATED CARE BOARD
2025-26,Y04965,ALLIANCE TEACHING PRACTICES,Y60,MIDLANDS COMMISSIONING REGION,QWU,NHS COVENTRY AND WARWICKSHIRE INTEGRATED CARE BOARD
2025-26,Y04995,ROYAL PRIMARY CARE CHESTERFIELD,Y60,MIDLANDS COMMISSIONING REGION,QJ2,NHS DERBY AND DERBYSHIRE INTEGRATED CARE BOARD
2025-26,B83661,MOOR PARK MEDICAL PRACTICE,Y63,NORTH EAST AND YORKSHIRE COMMISSIONING REGION,QWO,NHS WEST YORKSHIRE INTEGRATED CARE BOARD
2025-26,B84003,RYDINGS HALL SURGERY,Y63,NORTH EAST AND YORKSHIRE COMMISSIONING REGION,QWO,NHS WEST YORKSHIRE INTEGRATED CARE BOARD
2025-26,B84006,TODMORDEN GROUP PRACTICE,Y63,NORTH EAST AND YORKSHIRE COMMISSIONING REGION,QWO,NHS WEST YORKSHIRE INTEGRATED CARE BOARD
2025-26,B84009,STAINLAND ROAD MEDICAL CENTRE,Y63,NORTH EAST AND YORKSHIRE COMMISSIONING REGION,QWO,NHS WEST YORKSHIRE INTEGRATED CARE BOARD
2025-26,B84013,PLANE TREES GROUP PRACTICE,Y63,NORTH EAST AND YORKSHIRE COMMISSIONING REGION,QWO,NHS WEST YORKSHIRE INTEGRATED CARE BOARD
2025-26,B84014,RASTRICK HEALTH CENTRE,Y63,NORTH EAST AND YORKSHIRE COMMISSIONING REGION,QWO,NHS WEST YORKSHIRE INTEGRATED CARE BOARD
2025-26,B84019,THE BOULEVARD MEDICAL PRACTICE,Y63,NORTH EAST AND YORKSHIRE COMMISSIONING REGION,QWO,NHS WEST YORKSHIRE INTEGRATED CARE BOARD
2025-26,B84612,LISTER LANE SURGERY,Y63,NORTH EAST AND YORKSHIRE COMMISSIONING REGION,QWO,NHS WEST YORKSHIRE INTEGRATED CARE BOARD
2025-26,B84618,CARITAS GROUP PRACTICE,Y63,NORTH EAST AND YORKSHIRE COMMISSIONING REGION,QWO,NHS WEST YORKSHIRE INTEGRATED CARE BOARD
2025-26,B85004,CALDER VIEW SURGERY,Y63,NORTH EAST AND YORKSHIRE COMMISSIONING REGION,QWO,NHS WEST YORKSHIRE INTEGRATED CARE BOARD
2025-26,B85006,ELMWOOD FAMILY DOCTORS,Y63,NORTH EAST AND YORKSHIRE COMMISSIONING REGION,QWO,NHS WEST YORKSHIRE INTEGRATED CARE BOARD
2025-26,B85028,THE GRANGE MEDICAL PRACTICE,Y63,NORTH EAST AND YORKSHIRE COMMISSIONING REGION,QWO,NHS WEST YORKSHIRE INTEGRATED CARE BOARD
2025-26,B85032,MELTHAM GROUP PRACTICE,Y63,NORTH EAST AND YORKSHIRE COMMISSIONING REGION,QWO,NHS WEST YORKSHIRE INTEGRATED CARE BOARD
2025-26,B85033,THE LINDLEY VILLAGE SURG.,Y63,NORTH EAST AND YORKSHIRE COMMISSIONING REGION,QWO,NHS WEST YORKSHIRE INTEGRATED CARE BOARD
2025-26,B85051,FIELDHEAD SURGERY,Y63,NORTH EAST AND YORKSHIRE COMMISSIONING REGION,QWO,NHS WEST YORKSHIRE INTEGRATED CARE BOARD
2025-26,B85055,HEALDS ROAD SURGERY,Y63,NORTH EAST AND YORKSHIRE COMMISSIONING REGION,QWO,NHS WEST YORKSHIRE INTEGRATED CARE BOARD
2025-26,B85060,GREENHEAD FAMILY DOCTORS,Y63,NORTH EAST AND YORKSHIRE COMMISSIONING REGION,QWO,NHS WEST YORKSHIRE INTEGRATED CARE BOARD
2025-26,B85606,THORNHILL LEES MEDICAL CENTRE,Y63,NORTH EAST AND YORKSHIRE COMMISSIONING REGION,QWO,NHS WEST YORKSHIRE INTEGRATED CARE BOARD
2025-26,B85611,DR HANDA & PARTNER,Y63,NORTH EAST AND YORKSHIRE COMMISSIONING REGION,QWO,NHS WEST YORKSHIRE INTEGRATED CARE BOARD
2025-26,B85645,SAVILE TOWN MEDICAL CTR.,Y63,NORTH EAST AND YORKSHIRE COMMISSIONING REGION,QWO,NHS WEST YORKSHIRE INTEGRATED CARE BOARD
2025-26,B85655,CHERRY TREE SURGERY,Y63,NORTH EAST AND YORKSHIRE COMMISSIONING REGION,QWO,NHS WEST YORKSHIRE INTEGRATED CARE BOARD
2025-26,B86007,WINDMILL HEALTH CENTRE,Y63,NORTH EAST AND YORKSHIRE COMMISSIONING REGION,QWO,NHS WEST YORKSHIRE INTEGRATED CARE BOARD
2025-26,B86017,CRAVEN ROAD MEDICAL PRACTICE,Y63,NORTH EAST AND YORKSHIRE COMMISSIONING REGION,QWO,NHS WEST YORKSHIRE INTEGRATED CARE BOARD
2025-26,B86019,DIAMOND MEDICAL GROUP,Y63,NORTH EAST AND YORKSHIRE COMMISSIONING REGION,QWO,NHS WEST YORKSHIRE INTEGRATED CARE BOARD
2025-26,B86024,PRIORY VIEW MEDICAL CENTRE,Y63,NORTH EAST AND YORKSHIRE COMMISSIONING REGION,QWO,NHS WEST YORKSHIRE INTEGRATED CARE BOARD
2025-26,B86041,VESPER ROAD,Y63,NORTH EAST AND YORKSHIRE COMMISSIONING REGION,QWO,NHS WEST YORKSHIRE INTEGRATED CARE BOARD
2025-26,B86050,WEST LODGE SURGERY,Y63,NORTH EAST AND YORKSHIRE COMMISSIONING REGION,QWO,NHS WEST YORKSHIRE INTEGRATED CARE BOARD
2025-26,B86054,THE GARDEN SURGERY,Y63,NORTH EAST AND YORKSHIRE COMMISSIONING REGION,QWO,NHS WEST YORKSHIRE INTEGRATED CARE BOARD
2025-26,B86055,ASHFIELD MEDICAL CENTRE,Y63,NORTH EAST AND YORKSHIRE COMMISSIONING REGION,QWO,NHS WEST YORKSHIRE INTEGRATED CARE BOARD
2025-26,B86068,ABBEY GRANGE MEDICAL PRACTICE,Y63,NORTH EAST AND YORKSHIRE COMMISSIONING REGION,QWO,NHS WEST YORKSHIRE INTEGRATED CARE BOARD
2025-26,Y05212,WEST CHELTENHAM MEDICAL,Y58,SOUTH WEST COMMISSIONING REGION,QR1,NHS GLOUCESTERSHIRE INTEGRATED CARE BOARD
2025-26,Y05248,BRIERLEY MEDICAL CENTRE,Y63,NORTH EAST AND YORKSHIRE COMMISSIONING REGION,QF7,NHS SOUTH YORKSHIRE INTEGRATED CARE BOARD
2025-26,Y06275,NELSON MEDICAL CENTRE,Y61,EAST OF ENGLAND COMMISSIONING REGION,T6Y0W,NHS NORFOLK AND SUFFOLK INTEGRATED CARE BOARD
2025-26,Y06345,BROMLEAG CARE PRACTICE,Y56,LONDON COMMISSIONING REGION,QKK,NHS SOUTH EAST LONDON INTEGRATED CARE BOARD
2025-26,Y07275,BROUGHTON HOUSE GP SURGERY,Y63,NORTH EAST AND YORKSHIRE COMMISSIONING REGION,QWO,NHS WEST YORKSHIRE INTEGRATED CARE BOARD
2025-26,B86069,BURLEY PARK MEDICAL CENTRE,Y63,NORTH EAST AND YORKSHIRE COMMISSIONING REGION,QWO,NHS WEST YORKSHIRE INTEGRATED CARE BOARD
2025-26,B86070,AIREBOROUGH FAMILY PRACTICE,Y63,NORTH EAST AND YORKSHIRE COMMISSIONING REGION,QWO,NHS WEST YORKSHIRE INTEGRATED CARE BOARD
2025-26,B86075,DR T P FOX & PARTNERS,Y63,NORTH EAST AND YORKSHIRE COMMISSIONING REGION,QWO,NHS WEST YORKSHIRE INTEGRATED CARE BOARD
2025-26,B86086,LAUREL BANK SURGERY,Y63,NORTH EAST AND YORKSHIRE COMMISSIONING REGION,QWO,NHS WEST YORKSHIRE INTEGRATED CARE BOARD
2025-26,B86093,PARK EDGE PRACTICE,Y63,NORTH EAST AND YORKSHIRE COMMISSIONING REGION,QWO,NHS WEST YORKSHIRE INTEGRATED CARE BOARD
2025-26,B86100,ST MARTINS PRACTICE,Y63,NORTH EAST AND YORKSHIRE COMMISSIONING REGION,QWO,NHS WEST YORKSHIRE INTEGRATED CARE BOARD
2025-26,B86103,CONWAY MEDICAL CENTRE,Y63,NORTH EAST AND YORKSHIRE COMMISSIONING REGION,QWO,NHS WEST YORKSHIRE INTEGRATED CARE BOARD
2025-26,B86623,ASHTON VIEW MEDICAL CTR,Y63,NORTH EAST AND YORKSHIRE COMMISSIONING REGION,QWO,NHS WEST YORKSHIRE INTEGRATED CARE BOARD
2025-26,B86642,DR S HUSSAIN,Y63,NORTH EAST AND YORKSHIRE COMMISSIONING REGION,QWO,NHS WEST YORKSHIRE INTEGRATED CARE BOARD
2025-26,B86678,DRIGHLINGTON MEDICAL CENTRE,Y63,NORTH EAST AND YORKSHIRE COMMISSIONING REGION,QWO,NHS WEST YORKSHIRE INTEGRATED CARE BOARD
2025-26,B87001,MIDDLESTOWN,Y63,NORTH EAST AND YORKSHIRE COMMISSIONING REGION,QWO,NHS WEST YORKSHIRE INTEGRATED CARE BOARD
2025-26,B87002,ORCHARD CROFT,Y63,NORTH EAST AND YORKSHIRE COMMISSIONING REGION,QWO,NHS WEST YORKSHIRE INTEGRATED CARE BOARD
2025-26,B87003,COLLEGE LANE SURGERY,Y63,NORTH EAST AND YORKSHIRE COMMISSIONING REGION,QWO,NHS WEST YORKSHIRE INTEGRATED CARE BOARD
2025-26,B87006,PARK GREEN SURGERY,Y63,NORTH EAST AND YORKSHIRE COMMISSIONING REGION,QWO,NHS WEST YORKSHIRE INTEGRATED CARE BOARD
2025-26,B87013,OUTWOOD PARK MEDICAL CENTRE,Y63,NORTH EAST AND YORKSHIRE COMMISSIONING REGION,QWO,NHS WEST YORKSHIRE INTEGRATED CARE BOARD
2025-26,B87018,HENRY MOORE CLINIC,Y63,NORTH EAST AND YORKSHIRE COMMISSIONING REGION,QWO,NHS WEST YORKSHIRE INTEGRATED CARE BOARD
2025-26,B87030,HEALTH CARE FIRST PARTNERSHIP,Y63,NORTH EAST AND YORKSHIRE COMMISSIONING REGION,QWO,NHS WEST YORKSHIRE INTEGRATED CARE BOARD
2025-26,B87044,ALVERTHORPE,Y63,NORTH EAST AND YORKSHIRE COMMISSIONING REGION,QWO,NHS WEST YORKSHIRE INTEGRATED CARE BOARD
2025-26,B87604,EASTMOOR HEALTH CENTRE,Y63,NORTH EAST AND YORKSHIRE COMMISSIONING REGION,QWO,NHS WEST YORKSHIRE INTEGRATED CARE BOARD
2025-26,C81002,THE VALLEYS MEDICAL PARTNERSHIP,Y60,MIDLANDS COMMISSIONING REGION,QJ2,NHS DERBY AND DERBYSHIRE INTEGRATED CARE BOARD
2025-26,C81003,SETT VALLEY MEDICAL CENTRE,Y60,MIDLANDS COMMISSIONING REGION,QJ2,NHS DERBY AND DERBYSHIRE INTEGRATED CARE BOARD
2025-26,C81006,HORIZON HEALTHCARE,Y60,MIDLANDS COMMISSIONING REGION,QJ2,NHS DERBY AND DERBYSHIRE INTEGRATED CARE BOARD
2025-26,C81007,VERNON STREET MEDICAL CTR,Y60,MIDLANDS COMMISSIONING REGION,QJ2,NHS DERBY AND DERBYSHIRE INTEGRATED CARE BOARD
2025-26,C81013,BASLOW HEALTH CENTRE,Y60,MIDLANDS COMMISSIONING REGION,QJ2,NHS DERBY AND DERBYSHIRE INTEGRATED CARE BOARD
2025-26,C81014,DERWENT VALLEY MEDICAL PRACTICE,Y60,MIDLANDS COMMISSIONING REGION,QJ2,NHS DERBY AND DERBYSHIRE INTEGRATED CARE BOARD
2025-26,C81022,SOUTH STREET SURGERY,Y60,MIDLANDS COMMISSIONING REGION,QJ2,NHS DERBY AND DERBYSHIRE INTEGRATED CARE BOARD
2025-26,C81023,THE AITUNE MEDICAL PRACTICE,Y60,MIDLANDS COMMISSIONING REGION,QJ2,NHS DERBY AND DERBYSHIRE INTEGRATED CARE BOARD
2025-26,C81025,DRONFIELD MEDICAL PRACTICE,Y60,MIDLANDS COMMISSIONING REGION,QJ2,NHS DERBY AND DERBYSHIRE INTEGRATED CARE BOARD
2025-26,C81029,STAFFA HEALTH,Y60,MIDLANDS COMMISSIONING REGION,QJ2,NHS DERBY AND DERBYSHIRE INTEGRATED CARE BOARD
2025-26,C81032,SWADLINCOTE SURGERY,Y60,MIDLANDS COMMISSIONING REGION,QJ2,NHS DERBY AND DERBYSHIRE INTEGRATED CARE BOARD
2025-26,C81037,ASHBOURNE MEDICAL PRACTICE,Y60,MIDLANDS COMMISSIONING REGION,QJ2,NHS DERBY AND DERBYSHIRE INTEGRATED CARE BOARD
2025-26,C81039,EYAM SURGERY,Y60,MIDLANDS COMMISSIONING REGION,QJ2,NHS DERBY AND DERBYSHIRE INTEGRATED CARE BOARD
2025-26,C81045,ROYAL PRIMARY CARE CHESTERFIELD WEST,Y60,MIDLANDS COMMISSIONING REGION,QJ2,NHS DERBY AND DERBYSHIRE INTEGRATED CARE BOARD
2025-26,C81047,ALVASTON MEDICAL CENTRE,Y60,MIDLANDS COMMISSIONING REGION,QJ2,NHS DERBY AND DERBYSHIRE INTEGRATED CARE BOARD
2025-26,C81048,APPLETREE MEDICAL PRACTICE,Y60,MIDLANDS COMMISSIONING REGION,QJ2,NHS DERBY AND DERBYSHIRE INTEGRATED CARE BOARD
2025-26,C81051,THE PARK MEDICAL PRACTICE,Y60,MIDLANDS COMMISSIONING REGION,QJ2,NHS DERBY AND DERBYSHIRE INTEGRATED CARE BOARD
2025-26,C81052,ROYAL PRIMARY CARE BROOKLYN,Y60,MIDLANDS COMMISSIONING REGION,QJ2,NHS DERBY AND DERBYSHIRE INTEGRATED CARE BOARD
2025-26,C81056,CLAY CROSS MEDICAL CENTRE,Y60,MIDLANDS COMMISSIONING REGION,QJ2,NHS DERBY AND DERBYSHIRE INTEGRATED CARE BOARD
2025-26,C81057,WILLINGTON SURGERY,Y60,MIDLANDS COMMISSIONING REGION,QJ2,NHS DERBY AND DERBYSHIRE INTEGRATED CARE BOARD
2025-26,C81058,THE BRIMINGTON SURGERY,Y60,MIDLANDS COMMISSIONING REGION,QJ2,NHS DERBY AND DERBYSHIRE INTEGRATED CARE BOARD
2025-26,C81060,WOODVILLE SURGERY,Y60,MIDLANDS COMMISSIONING REGION,QJ2,NHS DERBY AND DERBYSHIRE INTEGRATED CARE BOARD
2025-26,C81061,LITTLEWICK MEDICAL CENTRE,Y60,MIDLANDS COMMISSIONING REGION,QJ2,NHS DERBY AND DERBYSHIRE INTEGRATED CARE BOARD
2025-26,C81062,HANNAGE BROOK MEDICAL CENTRE,Y60,MIDLANDS COMMISSIONING REGION,QJ2,NHS DERBY AND DERBYSHIRE INTEGRATED CARE BOARD
2025-26,C81068,CHAPEL STREET MEDICAL CENTRE,Y60,MIDLANDS COMMISSIONING REGION,QJ2,NHS DERBY AND DERBYSHIRE INTEGRATED CARE BOARD
2025-26,C81097,COLLEGE STREET MEDICAL PRACTICE,Y60,MIDLANDS COMMISSIONING REGION,QJ2,NHS DERBY AND DERBYSHIRE INTEGRATED CARE BOARD
2025-26,C81099,LIMES MEDICAL CENTRE,Y60,MIDLANDS COMMISSIONING REGION,QJ2,NHS DERBY AND DERBYSHIRE INTEGRATED CARE BOARD
2025-26,C81611,MATLOCK AND ASHOVER PRACTICE,Y60,MIDLANDS COMMISSIONING REGION,QJ2,NHS DERBY AND DERBYSHIRE INTEGRATED CARE BOARD
2025-26,C81638,CASTLE STREET MEDICAL CENTRE,Y60,MIDLANDS COMMISSIONING REGION,QJ2,NHS DERBY AND DERBYSHIRE INTEGRATED CARE BOARD
2025-26,C81658,WINGERWORTH MEDICAL CENTRE,Y60,MIDLANDS COMMISSIONING REGION,QJ2,NHS DERBY AND DERBYSHIRE INTEGRATED CARE BOARD
2025-26,C82008,OAKMEADOW SURGERY (GJ INGRAMS),Y60,MIDLANDS COMMISSIONING REGION,QK1,"NHS LEICESTER, LEICESTERSHIRE AND RUTLAND INTEGRATED CARE BOARD"
2025-26,C82009,MARKET HARBOROUGH MED.CTR,Y60,MIDLANDS COMMISSIONING REGION,QK1,"NHS LEICESTER, LEICESTERSHIRE AND RUTLAND INTEGRATED CARE BOARD"
2025-26,C82010,OAKHAM MEDICAL PRACTICE,Y60,MIDLANDS COMMISSIONING REGION,QK1,"NHS LEICESTER, LEICESTERSHIRE AND RUTLAND INTEGRATED CARE BOARD"
2025-26,C82020,DE MONTFORT SURGERY,Y60,MIDLANDS COMMISSIONING REGION,QK1,"NHS LEICESTER, LEICESTERSHIRE AND RUTLAND INTEGRATED CARE BOARD"
2025-26,C82022,THE BILLESDON SURGERY,Y60,MIDLANDS COMMISSIONING REGION,QK1,"NHS LEICESTER, LEICESTERSHIRE AND RUTLAND INTEGRATED CARE BOARD"
2025-26,C82024,SPINNEY HILL MEDICAL CENTRE,Y60,MIDLANDS COMMISSIONING REGION,QK1,"NHS LEICESTER, LEICESTERSHIRE AND RUTLAND INTEGRATED CARE BOARD"
2025-26,C82025,THE WYCLIFFE MEDICAL PRACTICE,Y60,MIDLANDS COMMISSIONING REGION,QK1,"NHS LEICESTER, LEICESTERSHIRE AND RUTLAND INTEGRATED CARE BOARD"
2025-26,C82031,JOHNSON MEDICAL PRACTICE,Y60,MIDLANDS COMMISSIONING REGION,QK1,"NHS LEICESTER, LEICESTERSHIRE AND RUTLAND INTEGRATED CARE BOARD"
2025-26,C82033,HUMBERSTONE MEDICAL CENTRE (IP JONES),Y60,MIDLANDS COMMISSIONING REGION,QK1,"NHS LEICESTER, LEICESTERSHIRE AND RUTLAND INTEGRATED CARE BOARD"
2025-26,C82038,LATHAM HOUSE MEDICAL PRACTICE,Y60,MIDLANDS COMMISSIONING REGION,QK1,"NHS LEICESTER, LEICESTERSHIRE AND RUTLAND INTEGRATED CARE BOARD"
2025-26,C82039,KINGSWAY SURGERY,Y60,MIDLANDS COMMISSIONING REGION,QK1,"NHS LEICESTER, LEICESTERSHIRE AND RUTLAND INTEGRATED CARE BOARD"
2025-26,C82047,MAPLES FAMILY MED.PRACT.,Y60,MIDLANDS COMMISSIONING REGION,QK1,"NHS LEICESTER, LEICESTERSHIRE AND RUTLAND INTEGRATED CARE BOARD"
2025-26,C82053,HOCKLEY FARM MED PRACT (A NANA),Y60,MIDLANDS COMMISSIONING REGION,QK1,"NHS LEICESTER, LEICESTERSHIRE AND RUTLAND INTEGRATED CARE BOARD"
2025-26,C82054,THE BURBAGE SURGERY,Y60,MIDLANDS COMMISSIONING REGION,QK1,"NHS LEICESTER, LEICESTERSHIRE AND RUTLAND INTEGRATED CARE BOARD"
2025-26,C82060,THE PRACTICE-SAYEED,Y60,MIDLANDS COMMISSIONING REGION,QK1,"NHS LEICESTER, LEICESTERSHIRE AND RUTLAND INTEGRATED CARE BOARD"
2025-26,C82064,FOREST HOUSE SURGERY,Y60,MIDLANDS COMMISSIONING REGION,QK1,"NHS LEICESTER, LEICESTERSHIRE AND RUTLAND INTEGRATED CARE BOARD"
2025-26,C82072,BROOM LEYS SURGERY,Y60,MIDLANDS COMMISSIONING REGION,QK1,"NHS LEICESTER, LEICESTERSHIRE AND RUTLAND INTEGRATED CARE BOARD"
2025-26,C82073,MERRIDALE MEDICAL CENTRE (RP TEW),Y60,MIDLANDS COMMISSIONING REGION,QK1,"NHS LEICESTER, LEICESTERSHIRE AND RUTLAND INTEGRATED CARE BOARD"
2025-26,C82080,SHEFA MEDICAL PRACTICE,Y60,MIDLANDS COMMISSIONING REGION,QK1,"NHS LEICESTER, LEICESTERSHIRE AND RUTLAND INTEGRATED CARE BOARD"
2025-26,C82082,THE CENTRE SURGERY,Y60,MIDLANDS COMMISSIONING REGION,QK1,"NHS LEICESTER, LEICESTERSHIRE AND RUTLAND INTEGRATED CARE BOARD"
2025-26,C82094,BEAUMONT LODGE MEDICAL PRACTICE,Y60,MIDLANDS COMMISSIONING REGION,QK1,"NHS LEICESTER, LEICESTERSHIRE AND RUTLAND INTEGRATED CARE BOARD"
2025-26,C82098,HAZELMERE MEDICAL CENTRE,Y60,MIDLANDS COMMISSIONING REGION,QK1,"NHS LEICESTER, LEICESTERSHIRE AND RUTLAND INTEGRATED CARE BOARD"
2025-26,C82100,THE HEDGES MEDICAL CENTRE (SA BAILEY),Y60,MIDLANDS COMMISSIONING REGION,QK1,"NHS LEICESTER, LEICESTERSHIRE AND RUTLAND INTEGRATED CARE BOARD"
2025-26,C82103,DISHLEY GRANGE MEDICAL PRACTICE,Y60,MIDLANDS COMMISSIONING REGION,QK1,"NHS LEICESTER, LEICESTERSHIRE AND RUTLAND INTEGRATED CARE BOARD"
2025-26,C82109,HUSBANDS BOSWORTH MEDICAL CENTRE,Y60,MIDLANDS COMMISSIONING REGION,QK1,"NHS LEICESTER, LEICESTERSHIRE AND RUTLAND INTEGRATED CARE BOARD"
2025-26,C82116,HIGHFIELDS SURGERY (R WADHWA),Y60,MIDLANDS COMMISSIONING REGION,QK1,"NHS LEICESTER, LEICESTERSHIRE AND RUTLAND INTEGRATED CARE BOARD"
2025-26,C82119,NARBOROUGH ROAD SURGERY,Y60,MIDLANDS COMMISSIONING REGION,QK1,"NHS LEICESTER, LEICESTERSHIRE AND RUTLAND INTEGRATED CARE BOARD"
2025-26,C82600,THE BANKS SURGERY,Y60,MIDLANDS COMMISSIONING REGION,QK1,"NHS LEICESTER, LEICESTERSHIRE AND RUTLAND INTEGRATED CARE BOARD"
2025-26,C82643,COMMUNITY HEALTH CENTRE (ZS OSAMA),Y60,MIDLANDS COMMISSIONING REGION,QK1,"NHS LEICESTER, LEICESTERSHIRE AND RUTLAND INTEGRATED CARE BOARD"
2025-26,C82644,DR MK LAKHANI'S PRACTICE,Y60,MIDLANDS COMMISSIONING REGION,QK1,"NHS LEICESTER, LEICESTERSHIRE AND RUTLAND INTEGRATED CARE BOARD"
2025-26,C82653,WESTCOTES GP SURGERY (TWO),Y60,MIDLANDS COMMISSIONING REGION,QK1,"NHS LEICESTER, LEICESTERSHIRE AND RUTLAND INTEGRATED CARE BOARD"
2025-26,C82656,FIELD STREET SURGERY,Y60,MIDLANDS COMMISSIONING REGION,QK1,"NHS LEICESTER, LEICESTERSHIRE AND RUTLAND INTEGRATED CARE BOARD"
2025-26,C82659,DR R KAPUR & PARTNERS,Y60,MIDLANDS COMMISSIONING REGION,QK1,"NHS LEICESTER, LEICESTERSHIRE AND RUTLAND INTEGRATED CARE BOARD"
2025-26,C82667,THE CHARNWOOD PRACTICE,Y60,MIDLANDS COMMISSIONING REGION,QK1,"NHS LEICESTER, LEICESTERSHIRE AND RUTLAND INTEGRATED CARE BOARD"
2025-26,C82680,SPIRIT PRIMARY CARE LTD-RUSHEY MEAD,Y60,MIDLANDS COMMISSIONING REGION,QK1,"NHS LEICESTER, LEICESTERSHIRE AND RUTLAND INTEGRATED CARE BOARD"
2025-26,C83001,HEART OF LINCOLN HEALTH GROUP,Y60,MIDLANDS COMMISSIONING REGION,QJM,NHS LINCOLNSHIRE INTEGRATED CARE BOARD
2025-26,C83002,NAVENBY CLIFF VILLAGES SURGERY,Y60,MIDLANDS COMMISSIONING REGION,QJM,NHS LINCOLNSHIRE INTEGRATED CARE BOARD
2025-26,C83010,PARKSIDE MEDICAL CENTRE,Y60,MIDLANDS COMMISSIONING REGION,QJM,NHS LINCOLNSHIRE INTEGRATED CARE BOARD
2025-26,C83011,MILLVIEW MEDICAL CENTRE,Y60,MIDLANDS COMMISSIONING REGION,QJM,NHS LINCOLNSHIRE INTEGRATED CARE BOARD
2025-26,C83015,SWINESHEAD SURGERY,Y60,MIDLANDS COMMISSIONING REGION,QJM,NHS LINCOLNSHIRE INTEGRATED CARE BOARD
2025-26,C83029,BRANSTON & HEIGHINGTON FAMILY PRACTICE,Y60,MIDLANDS COMMISSIONING REGION,QJM,NHS LINCOLNSHIRE INTEGRATED CARE BOARD
2025-26,C83030,BILLINGHAY MEDICAL PRACTICE,Y60,MIDLANDS COMMISSIONING REGION,QJM,NHS LINCOLNSHIRE INTEGRATED CARE BOARD
2025-26,C83033,HIBALDSTOW MEDICAL PRACTICE,Y60,MIDLANDS COMMISSIONING REGION,QJM,NHS LINCOLNSHIRE INTEGRATED CARE BOARD
2025-26,C83037,WELTON FAMILY HEALTH CENTRE,Y60,MIDLANDS COMMISSIONING REGION,QJM,NHS LINCOLNSHIRE INTEGRATED CARE BOARD
2025-26,C83042,MARSH MEDICAL PRACTICE,Y60,MIDLANDS COMMISSIONING REGION,QJM,NHS LINCOLNSHIRE INTEGRATED CARE BOARD
2025-26,C83043,MARKET RASEN SURGERY,Y60,MIDLANDS COMMISSIONING REGION,QJM,NHS LINCOLNSHIRE INTEGRATED CARE BOARD
2025-26,C83044,CASKGATE STREET SURGERY,Y60,MIDLANDS COMMISSIONING REGION,QJM,NHS LINCOLNSHIRE INTEGRATED CARE BOARD
2025-26,C83053,COLSTERWORTH SURGERY,Y60,MIDLANDS COMMISSIONING REGION,QJM,NHS LINCOLNSHIRE INTEGRATED CARE BOARD
2025-26,C83057,KIRTON MEDICAL CENTRE,Y60,MIDLANDS COMMISSIONING REGION,QJM,NHS LINCOLNSHIRE INTEGRATED CARE BOARD
2025-26,C83063,LONG SUTTON MEDICAL CTR.,Y60,MIDLANDS COMMISSIONING REGION,QJM,NHS LINCOLNSHIRE INTEGRATED CARE BOARD
2025-26,C83074,WILLINGHAM-BY-STOW SURGERY,Y60,MIDLANDS COMMISSIONING REGION,QJM,NHS LINCOLNSHIRE INTEGRATED CARE BOARD
2025-26,C83614,SUTTERTON SURGERY,Y60,MIDLANDS COMMISSIONING REGION,QJM,NHS LINCOLNSHIRE INTEGRATED CARE BOARD
2025-26,C83617,ABBEYVIEW SURGERY,Y60,MIDLANDS COMMISSIONING REGION,QJM,NHS LINCOLNSHIRE INTEGRATED CARE BOARD
2025-26,C83641,TRENT VALLEY SURGERY,Y60,MIDLANDS COMMISSIONING REGION,QJM,NHS LINCOLNSHIRE INTEGRATED CARE BOARD
2025-26,C83649,MARKET CROSS SURGERY,Y60,MIDLANDS COMMISSIONING REGION,QJM,NHS LINCOLNSHIRE INTEGRATED CARE BOARD
2025-26,C84014,WOODLANDS MEDICAL PRACTICE,Y60,MIDLANDS COMMISSIONING REGION,QT1,NHS NOTTINGHAM AND NOTTINGHAMSHIRE INTEGRATED CARE BOARD
2025-26,C84016,OAKWOOD SURGERY,Y60,MIDLANDS COMMISSIONING REGION,QT1,NHS NOTTINGHAM AND NOTTINGHAMSHIRE INTEGRATED CARE BOARD
2025-26,C84023,THE UNIV OF NOTTINGHAM HEALTH SERV,Y60,MIDLANDS COMMISSIONING REGION,QT1,NHS NOTTINGHAM AND NOTTINGHAMSHIRE INTEGRATED CARE BOARD
2025-26,C84026,STENHOUSE MEDICAL CENTRE,Y60,MIDLANDS COMMISSIONING REGION,QT1,NHS NOTTINGHAM AND NOTTINGHAMSHIRE INTEGRATED CARE BOARD
2025-26,C84034,CHURCHFIELDS MEDICAL PRACTICE,Y60,MIDLANDS COMMISSIONING REGION,QT1,NHS NOTTINGHAM AND NOTTINGHAMSHIRE INTEGRATED CARE BOARD
2025-26,C84042,SAXON CROSS SURGERY,Y60,MIDLANDS COMMISSIONING REGION,QT1,NHS NOTTINGHAM AND NOTTINGHAMSHIRE INTEGRATED CARE BOARD
2025-26,C84047,THE CALVERTON PRACTICE,Y60,MIDLANDS COMMISSIONING REGION,QT1,NHS NOTTINGHAM AND NOTTINGHAMSHIRE INTEGRATED CARE BOARD
2025-26,C84049,SOUTHWELL MEDICAL CENTRE,Y60,MIDLANDS COMMISSIONING REGION,QT1,NHS NOTTINGHAM AND NOTTINGHAMSHIRE INTEGRATED CARE BOARD
2025-26,C84057,PLEASLEY SURGERY,Y60,MIDLANDS COMMISSIONING REGION,QT1,NHS NOTTINGHAM AND NOTTINGHAMSHIRE INTEGRATED CARE BOARD
2025-26,C84060,RIVERGREEN MEDICAL CENTRE,Y60,MIDLANDS COMMISSIONING REGION,QT1,NHS NOTTINGHAM AND NOTTINGHAMSHIRE INTEGRATED CARE BOARD
2025-26,C84074,FAMILY MEDICAL CENTRE (KIRKBY),Y60,MIDLANDS COMMISSIONING REGION,QT1,NHS NOTTINGHAM AND NOTTINGHAMSHIRE INTEGRATED CARE BOARD
2025-26,C84076,KIRKBY HEALTH CENTRE,Y60,MIDLANDS COMMISSIONING REGION,QT1,NHS NOTTINGHAM AND NOTTINGHAMSHIRE INTEGRATED CARE BOARD
2025-26,C84080,THE MANOR SURGERY,Y60,MIDLANDS COMMISSIONING REGION,QT1,NHS NOTTINGHAM AND NOTTINGHAMSHIRE INTEGRATED CARE BOARD
2025-26,C84085,VICTORIA AND MAPPERLEY PRACTICE,Y60,MIDLANDS COMMISSIONING REGION,QT1,NHS NOTTINGHAM AND NOTTINGHAMSHIRE INTEGRATED CARE BOARD
2025-26,C84105,FAIRFIELDS PRACTICE,Y60,MIDLANDS COMMISSIONING REGION,QT1,NHS NOTTINGHAM AND NOTTINGHAMSHIRE INTEGRATED CARE BOARD
2025-26,C84112,BRAMCOTE SURGERY,Y60,MIDLANDS COMMISSIONING REGION,QT1,NHS NOTTINGHAM AND NOTTINGHAMSHIRE INTEGRATED CARE BOARD
2025-26,C84115,PLAINS VIEW SURGERY,Y60,MIDLANDS COMMISSIONING REGION,QT1,NHS NOTTINGHAM AND NOTTINGHAMSHIRE INTEGRATED CARE BOARD
2025-26,C84123,BILSTHORPE SURGERY,Y60,MIDLANDS COMMISSIONING REGION,QT1,NHS NOTTINGHAM AND NOTTINGHAMSHIRE INTEGRATED CARE BOARD
2025-26,C84136,ST. LUKE'S SURGERY,Y60,MIDLANDS COMMISSIONING REGION,QT1,NHS NOTTINGHAM AND NOTTINGHAMSHIRE INTEGRATED CARE BOARD
2025-26,C84144,THE MEADOWS HEALTH CENTRE,Y60,MIDLANDS COMMISSIONING REGION,QT1,NHS NOTTINGHAM AND NOTTINGHAMSHIRE INTEGRATED CARE BOARD
2025-26,C84637,SANDY LANE SURGERY,Y60,MIDLANDS COMMISSIONING REGION,QT1,NHS NOTTINGHAM AND NOTTINGHAMSHIRE INTEGRATED CARE BOARD
2025-26,C84656,HILL VIEW SURGERY,Y60,MIDLANDS COMMISSIONING REGION,QT1,NHS NOTTINGHAM AND NOTTINGHAMSHIRE INTEGRATED CARE BOARD
2025-26,C84664,WELBECK SURGERY,Y60,MIDLANDS COMMISSIONING REGION,QT1,NHS NOTTINGHAM AND NOTTINGHAMSHIRE INTEGRATED CARE BOARD
2025-26,C84667,GILTBROOK SURGERY,Y60,MIDLANDS COMMISSIONING REGION,QT1,NHS NOTTINGHAM AND NOTTINGHAMSHIRE INTEGRATED CARE BOARD
2025-26,C84676,GREENFIELDS MEDICAL PRACTICE,Y60,MIDLANDS COMMISSIONING REGION,QT1,NHS NOTTINGHAM AND NOTTINGHAMSHIRE INTEGRATED CARE BOARD
2025-26,C84695,THE ALICE MEDICAL CENTRE,Y60,MIDLANDS COMMISSIONING REGION,QT1,NHS NOTTINGHAM AND NOTTINGHAMSHIRE INTEGRATED CARE BOARD
2025-26,C85001,GOLDTHORPE MEDICAL CENTRE PMS PRACTICE,Y63,NORTH EAST AND YORKSHIRE COMMISSIONING REGION,QF7,NHS SOUTH YORKSHIRE INTEGRATED CARE BOARD
2025-26,C85005,ROYSTON GROUP PRACTICE,Y63,NORTH EAST AND YORKSHIRE COMMISSIONING REGION,QF7,NHS SOUTH YORKSHIRE INTEGRATED CARE BOARD
2025-26,C85030,WOMBWELL MEDICAL CENTRE PRACTICE,Y63,NORTH EAST AND YORKSHIRE COMMISSIONING REGION,QF7,NHS SOUTH YORKSHIRE INTEGRATED CARE BOARD
2025-26,C85033,VICTORIA MEDICAL CENTRE PMS PRACTICE,Y63,NORTH EAST AND YORKSHIRE COMMISSIONING REGION,QF7,NHS SOUTH YORKSHIRE INTEGRATED CARE BOARD
2025-26,C86007,THE BURNS PRACTICE,Y63,NORTH EAST AND YORKSHIRE COMMISSIONING REGION,QF7,NHS SOUTH YORKSHIRE INTEGRATED CARE BOARD
2025-26,C86009,THE MAYFLOWER MEDICAL PRACTICE,Y63,NORTH EAST AND YORKSHIRE COMMISSIONING REGION,QF7,NHS SOUTH YORKSHIRE INTEGRATED CARE BOARD
2025-26,C86016,THE LAKESIDE PRACTICE,Y63,NORTH EAST AND YORKSHIRE COMMISSIONING REGION,QF7,NHS SOUTH YORKSHIRE INTEGRATED CARE BOARD
2025-26,C86017,KINGTHORNE GROUP PRACTICE,Y63,NORTH EAST AND YORKSHIRE COMMISSIONING REGION,QF7,NHS SOUTH YORKSHIRE INTEGRATED CARE BOARD
2025-26,C86032,SCAWSBY HEALTH CENTRE PRACTICE,Y63,NORTH EAST AND YORKSHIRE COMMISSIONING REGION,QF7,NHS SOUTH YORKSHIRE INTEGRATED CARE BOARD
2025-26,C86037,FIELD ROAD SURGERY,Y63,NORTH EAST AND YORKSHIRE COMMISSIONING REGION,QF7,NHS SOUTH YORKSHIRE INTEGRATED CARE BOARD
2025-26,C86038,PETERSGATE MEDICAL CENTRE,Y63,NORTH EAST AND YORKSHIRE COMMISSIONING REGION,QF7,NHS SOUTH YORKSHIRE INTEGRATED CARE BOARD
2025-26,C86616,DENABY MEDICAL PRACTICE,Y63,NORTH EAST AND YORKSHIRE COMMISSIONING REGION,QF7,NHS SOUTH YORKSHIRE INTEGRATED CARE BOARD
2025-26,C86621,WEST END CLINIC,Y63,NORTH EAST AND YORKSHIRE COMMISSIONING REGION,QF7,NHS SOUTH YORKSHIRE INTEGRATED CARE BOARD
2025-26,C87013,PARKGATE MEDICAL CENTRE,Y63,NORTH EAST AND YORKSHIRE COMMISSIONING REGION,QF7,NHS SOUTH YORKSHIRE INTEGRATED CARE BOARD
2025-26,C87603,GREASBROUGH MEDICAL CENTRE,Y63,NORTH EAST AND YORKSHIRE COMMISSIONING REGION,QF7,NHS SOUTH YORKSHIRE INTEGRATED CARE BOARD
2025-26,C87608,SHAKESPEARE ROAD SURGERY,Y63,NORTH EAST AND YORKSHIRE COMMISSIONING REGION,QF7,NHS SOUTH YORKSHIRE INTEGRATED CARE BOARD
2025-26,C88005,WALKLEY HOUSE & STANNINGTON M.C,Y63,NORTH EAST AND YORKSHIRE COMMISSIONING REGION,QF7,NHS SOUTH YORKSHIRE INTEGRATED CARE BOARD
2025-26,C88008,FORGE HEALTH GROUP,Y63,NORTH EAST AND YORKSHIRE COMMISSIONING REGION,QF7,NHS SOUTH YORKSHIRE INTEGRATED CARE BOARD
2025-26,C88009,FOXHILL MEDICAL CENTRE,Y63,NORTH EAST AND YORKSHIRE COMMISSIONING REGION,QF7,NHS SOUTH YORKSHIRE INTEGRATED CARE BOARD
2025-26,C88011,BUCHANAN ROAD SURGERY,Y63,NORTH EAST AND YORKSHIRE COMMISSIONING REGION,QF7,NHS SOUTH YORKSHIRE INTEGRATED CARE BOARD
2025-26,C88014,NORWOOD MEDICAL CENTRE,Y63,NORTH EAST AND YORKSHIRE COMMISSIONING REGION,QF7,NHS SOUTH YORKSHIRE INTEGRATED CARE BOARD
2025-26,C88016,CARTERKNOWLE & DORE MEDICAL PRACTICE,Y63,NORTH EAST AND YORKSHIRE COMMISSIONING REGION,QF7,NHS SOUTH YORKSHIRE INTEGRATED CARE BOARD
2025-26,C88027,UPWELL STREET SURGERY,Y63,NORTH EAST AND YORKSHIRE COMMISSIONING REGION,QF7,NHS SOUTH YORKSHIRE INTEGRATED CARE BOARD
2025-26,C88037,STEEL CITY GENERAL PRACTICE,Y63,NORTH EAST AND YORKSHIRE COMMISSIONING REGION,QF7,NHS SOUTH YORKSHIRE INTEGRATED CARE BOARD
2025-26,C88044,MANCHESTER ROAD SURGERY,Y63,NORTH EAST AND YORKSHIRE COMMISSIONING REGION,QF7,NHS SOUTH YORKSHIRE INTEGRATED CARE BOARD
2025-26,C88047,WINCOBANK MEDICAL CENTRE,Y63,NORTH EAST AND YORKSHIRE COMMISSIONING REGION,QF7,NHS SOUTH YORKSHIRE INTEGRATED CARE BOARD
2025-26,C88048,BURNGREAVE SURGERY,Y63,NORTH EAST AND YORKSHIRE COMMISSIONING REGION,QF7,NHS SOUTH YORKSHIRE INTEGRATED CARE BOARD
2025-26,C88050,JAUNTY SPRINGS HEALTH CENTRE,Y63,NORTH EAST AND YORKSHIRE COMMISSIONING REGION,QF7,NHS SOUTH YORKSHIRE INTEGRATED CARE BOARD
2025-26,C88051,PAGE HALL MEDICAL CENTRE,Y63,NORTH EAST AND YORKSHIRE COMMISSIONING REGION,QF7,NHS SOUTH YORKSHIRE INTEGRATED CARE BOARD
2025-26,C88053,FALKLAND HOUSE SURGERY,Y63,NORTH EAST AND YORKSHIRE COMMISSIONING REGION,QF7,NHS SOUTH YORKSHIRE INTEGRATED CARE BOARD
2025-26,C88086,SOUTHEY GREEN MEDICAL CTR,Y63,NORTH EAST AND YORKSHIRE COMMISSIONING REGION,QF7,NHS SOUTH YORKSHIRE INTEGRATED CARE BOARD
2025-26,C88087,DOVERCOURT GROUP PRACTICE,Y63,NORTH EAST AND YORKSHIRE COMMISSIONING REGION,QF7,NHS SOUTH YORKSHIRE INTEGRATED CARE BOARD
2025-26,C88648,CRYSTAL PEAKS MEDICAL CENTRE,Y63,NORTH EAST AND YORKSHIRE COMMISSIONING REGION,QF7,NHS SOUTH YORKSHIRE INTEGRATED CARE BOARD
2025-26,C88652,GREYSTONES MEDICAL CENTRE,Y63,NORTH EAST AND YORKSHIRE COMMISSIONING REGION,QF7,NHS SOUTH YORKSHIRE INTEGRATED CARE BOARD
2025-26,D81004,ALCONBURY SURGERY,Y61,EAST OF ENGLAND COMMISSIONING REGION,S1Y5D,NHS CENTRAL EAST INTEGRATED CARE BOARD
2025-26,D81010,PRIORY FIELDS SURGERY,Y61,EAST OF ENGLAND COMMISSIONING REGION,S1Y5D,NHS CENTRAL EAST INTEGRATED CARE BOARD
2025-26,D81012,CORNFORD HOUSE SURGERY,Y61,EAST OF ENGLAND COMMISSIONING REGION,S1Y5D,NHS CENTRAL EAST INTEGRATED CARE BOARD
2025-26,D81013,TRUMPINGTON STREET MEDICAL PRACTICE,Y61,EAST OF ENGLAND COMMISSIONING REGION,S1Y5D,NHS CENTRAL EAST INTEGRATED CARE BOARD
2025-26,D81014,STAPLOE MEDICAL CENTRE,Y61,EAST OF ENGLAND COMMISSIONING REGION,S1Y5D,NHS CENTRAL EAST INTEGRATED CARE BOARD
2025-26,D81018,"ORCHARD SURGERY,MELBOURN",Y61,EAST OF ENGLAND COMMISSIONING REGION,S1Y5D,NHS CENTRAL EAST INTEGRATED CARE BOARD
2025-26,D81041,BOURN SURGERY,Y61,EAST OF ENGLAND COMMISSIONING REGION,S1Y5D,NHS CENTRAL EAST INTEGRATED CARE BOARD
2025-26,D81043,GRANTA MEDICAL PRACTICES,Y61,EAST OF ENGLAND COMMISSIONING REGION,S1Y5D,NHS CENTRAL EAST INTEGRATED CARE BOARD
2025-26,D81046,NEW QUEEN STREET SURGERY,Y61,EAST OF ENGLAND COMMISSIONING REGION,S1Y5D,NHS CENTRAL EAST INTEGRATED CARE BOARD
2025-26,D81052,CORNERSTONE PRACTICE,Y61,EAST OF ENGLAND COMMISSIONING REGION,S1Y5D,NHS CENTRAL EAST INTEGRATED CARE BOARD
2025-26,D81054,RED HOUSE SURGERY,Y61,EAST OF ENGLAND COMMISSIONING REGION,S1Y5D,NHS CENTRAL EAST INTEGRATED CARE BOARD
2025-26,D81058,HARSTON SURGERY,Y61,EAST OF ENGLAND COMMISSIONING REGION,S1Y5D,NHS CENTRAL EAST INTEGRATED CARE BOARD
2025-26,D81065,NIGHTINGALE MEDICAL CENTRE,Y61,EAST OF ENGLAND COMMISSIONING REGION,S1Y5D,NHS CENTRAL EAST INTEGRATED CARE BOARD
2025-26,D81084,WILLINGHAM MEDICAL PRACTICE,Y61,EAST OF ENGLAND COMMISSIONING REGION,S1Y5D,NHS CENTRAL EAST INTEGRATED CARE BOARD
2025-26,D81612,MILTON SURGERY,Y61,EAST OF ENGLAND COMMISSIONING REGION,S1Y5D,NHS CENTRAL EAST INTEGRATED CARE BOARD
2025-26,D81631,CENTRAL MEDICAL CENTRE,Y61,EAST OF ENGLAND COMMISSIONING REGION,S1Y5D,NHS CENTRAL EAST INTEGRATED CARE BOARD
2025-26,D81637,MONKFIELD MEDICAL PRACTICE,Y61,EAST OF ENGLAND COMMISSIONING REGION,S1Y5D,NHS CENTRAL EAST INTEGRATED CARE BOARD
2025-26,D82003,BEACHES MEDICAL CENTRE,Y61,EAST OF ENGLAND COMMISSIONING REGION,T6Y0W,NHS NORFOLK AND SUFFOLK INTEGRATED CARE BOARD
2025-26,D82004,CROMER GROUP PRACTICE,Y61,EAST OF ENGLAND COMMISSIONING REGION,T6Y0W,NHS NORFOLK AND SUFFOLK INTEGRATED CARE BOARD
2025-26,D82007,EAST NORFOLK MEDICAL PRACTICE,Y61,EAST OF ENGLAND COMMISSIONING REGION,T6Y0W,NHS NORFOLK AND SUFFOLK INTEGRATED CARE BOARD
2025-26,D82011,CASTLE PARTNERSHIP,Y61,EAST OF ENGLAND COMMISSIONING REGION,T6Y0W,NHS NORFOLK AND SUFFOLK INTEGRATED CARE BOARD
2025-26,D82016,MARKET SURGERY,Y61,EAST OF ENGLAND COMMISSIONING REGION,T6Y0W,NHS NORFOLK AND SUFFOLK INTEGRATED CARE BOARD
2025-26,D82017,TRINITY & BOWTHORPE MEDICAL PRACTICE,Y61,EAST OF ENGLAND COMMISSIONING REGION,T6Y0W,NHS NORFOLK AND SUFFOLK INTEGRATED CARE BOARD
2025-26,D82023,ROUNDWELL MEDICAL CENTRE,Y61,EAST OF ENGLAND COMMISSIONING REGION,T6Y0W,NHS NORFOLK AND SUFFOLK INTEGRATED CARE BOARD
2025-26,D82028,LUDHAM AND STALHAM GREEN SURGERIES,Y61,EAST OF ENGLAND COMMISSIONING REGION,T6Y0W,NHS NORFOLK AND SUFFOLK INTEGRATED CARE BOARD
2025-26,D82030,REEPHAM & AYLSHAM MEDICAL PRACTICE,Y61,EAST OF ENGLAND COMMISSIONING REGION,T6Y0W,NHS NORFOLK AND SUFFOLK INTEGRATED CARE BOARD
2025-26,D82034,ATTLEBOROUGH SURGERY,Y61,EAST OF ENGLAND COMMISSIONING REGION,T6Y0W,NHS NORFOLK AND SUFFOLK INTEGRATED CARE BOARD
2025-26,D82035,UPWELL HEALTH CENTRE,Y61,EAST OF ENGLAND COMMISSIONING REGION,T6Y0W,NHS NORFOLK AND SUFFOLK INTEGRATED CARE BOARD
2025-26,D82037,LONG STRATTON MEDICAL PARTNERSHIP,Y61,EAST OF ENGLAND COMMISSIONING REGION,T6Y0W,NHS NORFOLK AND SUFFOLK INTEGRATED CARE BOARD
2025-26,D82042,E HARLING & KENNINGHALL MEDICAL PRACTICE,Y61,EAST OF ENGLAND COMMISSIONING REGION,T6Y0W,NHS NORFOLK AND SUFFOLK INTEGRATED CARE BOARD
2025-26,D82048,THORPEWOOD MEDICAL GROUP,Y61,EAST OF ENGLAND COMMISSIONING REGION,T6Y0W,NHS NORFOLK AND SUFFOLK INTEGRATED CARE BOARD
2025-26,D82049,LITCHAM HEALTH CENTRE,Y61,EAST OF ENGLAND COMMISSIONING REGION,T6Y0W,NHS NORFOLK AND SUFFOLK INTEGRATED CARE BOARD
2025-26,D82050,THEATRE ROYAL SURGERY,Y61,EAST OF ENGLAND COMMISSIONING REGION,T6Y0W,NHS NORFOLK AND SUFFOLK INTEGRATED CARE BOARD
2025-26,D82053,MUNDESLEY MEDICAL CENTRE,Y61,EAST OF ENGLAND COMMISSIONING REGION,T6Y0W,NHS NORFOLK AND SUFFOLK INTEGRATED CARE BOARD
2025-26,D82054,FAKENHAM MEDICAL PRACTICE,Y61,EAST OF ENGLAND COMMISSIONING REGION,T6Y0W,NHS NORFOLK AND SUFFOLK INTEGRATED CARE BOARD
2025-26,D82056,ELMHAM SURGERY,Y61,EAST OF ENGLAND COMMISSIONING REGION,T6Y0W,NHS NORFOLK AND SUFFOLK INTEGRATED CARE BOARD
2025-26,D82057,CAMPINGLAND SURGERY,Y61,EAST OF ENGLAND COMMISSIONING REGION,T6Y0W,NHS NORFOLK AND SUFFOLK INTEGRATED CARE BOARD
2025-26,D82063,WATTON MEDICAL PRACTICE,Y61,EAST OF ENGLAND COMMISSIONING REGION,T6Y0W,NHS NORFOLK AND SUFFOLK INTEGRATED CARE BOARD
2025-26,D82065,MANOR FARM MEDICAL CENTRE,Y61,EAST OF ENGLAND COMMISSIONING REGION,T6Y0W,NHS NORFOLK AND SUFFOLK INTEGRATED CARE BOARD
2025-26,D82066,PASTON SURGERY,Y61,EAST OF ENGLAND COMMISSIONING REGION,T6Y0W,NHS NORFOLK AND SUFFOLK INTEGRATED CARE BOARD
2025-26,D82071,EAST NORWICH MEDICAL PARTNERSHIP,Y61,EAST OF ENGLAND COMMISSIONING REGION,T6Y0W,NHS NORFOLK AND SUFFOLK INTEGRATED CARE BOARD
2025-26,D82079,FELTWELL SURGERY,Y61,EAST OF ENGLAND COMMISSIONING REGION,T6Y0W,NHS NORFOLK AND SUFFOLK INTEGRATED CARE BOARD
2025-26,D82080,BLOFIELD SURGERY,Y61,EAST OF ENGLAND COMMISSIONING REGION,T6Y0W,NHS NORFOLK AND SUFFOLK INTEGRATED CARE BOARD
2025-26,D82084,HARLESTON MEDICAL PRACTICE,Y61,EAST OF ENGLAND COMMISSIONING REGION,T6Y0W,NHS NORFOLK AND SUFFOLK INTEGRATED CARE BOARD
2025-26,D82085,HINGHAM SURGERY,Y61,EAST OF ENGLAND COMMISSIONING REGION,T6Y0W,NHS NORFOLK AND SUFFOLK INTEGRATED CARE BOARD
2025-26,D82099,SOUTHGATES SURGICAL & MEDICAL CENTRE,Y61,EAST OF ENGLAND COMMISSIONING REGION,T6Y0W,NHS NORFOLK AND SUFFOLK INTEGRATED CARE BOARD
2025-26,D82104,ACLE MEDICAL PARTNERSHIP,Y61,EAST OF ENGLAND COMMISSIONING REGION,T6Y0W,NHS NORFOLK AND SUFFOLK INTEGRATED CARE BOARD
2025-26,D82106,WEST POTTERGATE MED PRAC,Y61,EAST OF ENGLAND COMMISSIONING REGION,T6Y0W,NHS NORFOLK AND SUFFOLK INTEGRATED CARE BOARD
2025-26,D83007,IXWORTH SURGERY,Y61,EAST OF ENGLAND COMMISSIONING REGION,T6Y0W,NHS NORFOLK AND SUFFOLK INTEGRATED CARE BOARD
2025-26,D83013,THE GUILDHALL AND BARROW SURGERY,Y61,EAST OF ENGLAND COMMISSIONING REGION,T6Y0W,NHS NORFOLK AND SUFFOLK INTEGRATED CARE BOARD
2025-26,D83015,HOWARD HOUSE SURGERY,Y61,EAST OF ENGLAND COMMISSIONING REGION,T6Y0W,NHS NORFOLK AND SUFFOLK INTEGRATED CARE BOARD
2025-26,D83018,MARKET CROSS SURGERY,Y61,EAST OF ENGLAND COMMISSIONING REGION,T6Y0W,NHS NORFOLK AND SUFFOLK INTEGRATED CARE BOARD
2025-26,D83024,IVRY STREET MEDICAL PRACTICE,Y61,EAST OF ENGLAND COMMISSIONING REGION,T6Y0W,NHS NORFOLK AND SUFFOLK INTEGRATED CARE BOARD
2025-26,D83035,CUTLERS HILL SURGERY,Y61,EAST OF ENGLAND COMMISSIONING REGION,T6Y0W,NHS NORFOLK AND SUFFOLK INTEGRATED CARE BOARD
2025-26,D83041,DEBENHAM GROUP PRACTICE,Y61,EAST OF ENGLAND COMMISSIONING REGION,T6Y0W,NHS NORFOLK AND SUFFOLK INTEGRATED CARE BOARD
2025-26,D83048,GROVE MEDICAL CENTRE,Y61,EAST OF ENGLAND COMMISSIONING REGION,T6Y0W,NHS NORFOLK AND SUFFOLK INTEGRATED CARE BOARD
2025-26,D83053,SAXMUNDHAM HEALTH CENTRE,Y61,EAST OF ENGLAND COMMISSIONING REGION,T6Y0W,NHS NORFOLK AND SUFFOLK INTEGRATED CARE BOARD
2025-26,D83057,FRAMFIELD HOUSE SURGERY,Y61,EAST OF ENGLAND COMMISSIONING REGION,T6Y0W,NHS NORFOLK AND SUFFOLK INTEGRATED CARE BOARD
2025-26,D83070,STANTON SURGERY,Y61,EAST OF ENGLAND COMMISSIONING REGION,T6Y0W,NHS NORFOLK AND SUFFOLK INTEGRATED CARE BOARD
2025-26,D83079,COMBS FORD SURGERY,Y61,EAST OF ENGLAND COMMISSIONING REGION,T6Y0W,NHS NORFOLK AND SUFFOLK INTEGRATED CARE BOARD
2025-26,D83081,HAVEN HEALTH,Y61,EAST OF ENGLAND COMMISSIONING REGION,T6Y0W,NHS NORFOLK AND SUFFOLK INTEGRATED CARE BOARD
2025-26,D83608,ANDAMAN SURGERY,Y61,EAST OF ENGLAND COMMISSIONING REGION,T6Y0W,NHS NORFOLK AND SUFFOLK INTEGRATED CARE BOARD
2025-26,E81003,DR JL HENDERSON & PARTNERS,Y61,EAST OF ENGLAND COMMISSIONING REGION,S1Y5D,NHS CENTRAL EAST INTEGRATED CARE BOARD
2025-26,E81008,WHEATFIELD SURGERY,Y61,EAST OF ENGLAND COMMISSIONING REGION,S1Y5D,NHS CENTRAL EAST INTEGRATED CARE BOARD
2025-26,E81040,SUNDON MEDICAL CENTRE,Y61,EAST OF ENGLAND COMMISSIONING REGION,S1Y5D,NHS CENTRAL EAST INTEGRATED CARE BOARD
2025-26,E81041,GARDENIA PRACTICE,Y61,EAST OF ENGLAND COMMISSIONING REGION,S1Y5D,NHS CENTRAL EAST INTEGRATED CARE BOARD
2025-26,E81631,MALZEARD ROAD PRACTICE,Y61,EAST OF ENGLAND COMMISSIONING REGION,S1Y5D,NHS CENTRAL EAST INTEGRATED CARE BOARD
2025-26,E82012,FAIRBROOK MEDICAL CENTRE,Y61,EAST OF ENGLAND COMMISSIONING REGION,S1Y5D,NHS CENTRAL EAST INTEGRATED CARE BOARD
2025-26,E82019,BRIDGE COTTAGE SURGERY,Y61,EAST OF ENGLAND COMMISSIONING REGION,S1Y5D,NHS CENTRAL EAST INTEGRATED CARE BOARD
2025-26,E82037,VILLAGE SURGERY,Y61,EAST OF ENGLAND COMMISSIONING REGION,S1Y5D,NHS CENTRAL EAST INTEGRATED CARE BOARD
2025-26,E82044,THE PORTMILL SURGERY,Y61,EAST OF ENGLAND COMMISSIONING REGION,S1Y5D,NHS CENTRAL EAST INTEGRATED CARE BOARD
2025-26,E82045,WATFORD HEALTH CENTRE,Y61,EAST OF ENGLAND COMMISSIONING REGION,S1Y5D,NHS CENTRAL EAST INTEGRATED CARE BOARD
2025-26,E82050,GROVE HILL MEDICAL CENTRE,Y61,EAST OF ENGLAND COMMISSIONING REGION,S1Y5D,NHS CENTRAL EAST INTEGRATED CARE BOARD
2025-26,E82051,EVEREST HOUSE SURGERY,Y61,EAST OF ENGLAND COMMISSIONING REGION,S1Y5D,NHS CENTRAL EAST INTEGRATED CARE BOARD
2025-26,E82058,POTTERELLS MEDICAL CENTRE,Y61,EAST OF ENGLAND COMMISSIONING REGION,S1Y5D,NHS CENTRAL EAST INTEGRATED CARE BOARD
2025-26,E82059,GRANGE STREET SURGERY,Y61,EAST OF ENGLAND COMMISSIONING REGION,S1Y5D,NHS CENTRAL EAST INTEGRATED CARE BOARD
2025-26,E82062,HALL GROVE GROUP PRACTICE,Y61,EAST OF ENGLAND COMMISSIONING REGION,S1Y5D,NHS CENTRAL EAST INTEGRATED CARE BOARD
2025-26,E82070,WOODHALL FARM MEDICAL CTR,Y61,EAST OF ENGLAND COMMISSIONING REGION,S1Y5D,NHS CENTRAL EAST INTEGRATED CARE BOARD
2025-26,E82077,DAVENPORT HOUSE SURGERY,Y61,EAST OF ENGLAND COMMISSIONING REGION,S1Y5D,NHS CENTRAL EAST INTEGRATED CARE BOARD
2025-26,E82083,THE COLNE PRACTICE,Y61,EAST OF ENGLAND COMMISSIONING REGION,S1Y5D,NHS CENTRAL EAST INTEGRATED CARE BOARD
2025-26,E82099,THE BALDOCK SURGERY,Y61,EAST OF ENGLAND COMMISSIONING REGION,S1Y5D,NHS CENTRAL EAST INTEGRATED CARE BOARD
2025-26,E82107,SUMMERFIELD HEALTH CENTRE,Y61,EAST OF ENGLAND COMMISSIONING REGION,S1Y5D,NHS CENTRAL EAST INTEGRATED CARE BOARD
2025-26,E82115,STOCKWELL LODGE MED.CTR.,Y61,EAST OF ENGLAND COMMISSIONING REGION,S1Y5D,NHS CENTRAL EAST INTEGRATED CARE BOARD
2025-26,E82121,WATTON PLACE CLINIC,Y61,EAST OF ENGLAND COMMISSIONING REGION,S1Y5D,NHS CENTRAL EAST INTEGRATED CARE BOARD
2025-26,E82124,ATTENBOROUGH SURGERY,Y61,EAST OF ENGLAND COMMISSIONING REGION,S1Y5D,NHS CENTRAL EAST INTEGRATED CARE BOARD
2025-26,E82129,KINGS LANGLEY SURGERY,Y61,EAST OF ENGLAND COMMISSIONING REGION,S1Y5D,NHS CENTRAL EAST INTEGRATED CARE BOARD
2025-26,E82133,HIGH STREET SURGERY,Y61,EAST OF ENGLAND COMMISSIONING REGION,S1Y5D,NHS CENTRAL EAST INTEGRATED CARE BOARD
2025-26,E82657,LITTLE BUSHEY SURGERY,Y61,EAST OF ENGLAND COMMISSIONING REGION,S1Y5D,NHS CENTRAL EAST INTEGRATED CARE BOARD
2025-26,E83005,LICHFIELD GROVE SURGERY,Y56,LONDON COMMISSIONING REGION,Z9B2Z,NHS WEST AND NORTH LONDON INTEGRATED CARE BOARD
2025-26,E83017,LONGROVE SURGERY,Y56,LONDON COMMISSIONING REGION,Z9B2Z,NHS WEST AND NORTH LONDON INTEGRATED CARE BOARD
2025-26,E83025,PENNINE DRIVE PRACTICE,Y56,LONDON COMMISSIONING REGION,Z9B2Z,NHS WEST AND NORTH LONDON INTEGRATED CARE BOARD
2025-26,E83031,THE VILLAGE SURGERY,Y56,LONDON COMMISSIONING REGION,Z9B2Z,NHS WEST AND NORTH LONDON INTEGRATED CARE BOARD
2025-26,E83034,COLNEY HATCH LANE SURGERY,Y56,LONDON COMMISSIONING REGION,Z9B2Z,NHS WEST AND NORTH LONDON INTEGRATED CARE BOARD
2025-26,E83035,WENTWORTH GROUP PRACTICE - FINCHLEY,Y56,LONDON COMMISSIONING REGION,Z9B2Z,NHS WEST AND NORTH LONDON INTEGRATED CARE BOARD
2025-26,E83044,ADDINGTON MEDICAL CENTRE,Y56,LONDON COMMISSIONING REGION,Z9B2Z,NHS WEST AND NORTH LONDON INTEGRATED CARE BOARD
2025-26,E83637,COLINDALE MEDICAL CENTRE LP,Y56,LONDON COMMISSIONING REGION,Z9B2Z,NHS WEST AND NORTH LONDON INTEGRATED CARE BOARD
2025-26,E83653,THE PHOENIX PRACTICE,Y56,LONDON COMMISSIONING REGION,Z9B2Z,NHS WEST AND NORTH LONDON INTEGRATED CARE BOARD
2025-26,E84004,THE CIRCLE PRACTICE,Y56,LONDON COMMISSIONING REGION,Z9B2Z,NHS WEST AND NORTH LONDON INTEGRATED CARE BOARD
2025-26,E84005,KINGS ROAD SURGERY,Y56,LONDON COMMISSIONING REGION,Z9B2Z,NHS WEST AND NORTH LONDON INTEGRATED CARE BOARD
2025-26,E84012,MAPESBURY MEDICAL GROUP,Y56,LONDON COMMISSIONING REGION,Z9B2Z,NHS WEST AND NORTH LONDON INTEGRATED CARE BOARD
2025-26,E84013,CHURCH END MEDICAL CENTRE,Y56,LONDON COMMISSIONING REGION,Z9B2Z,NHS WEST AND NORTH LONDON INTEGRATED CARE BOARD
2025-26,E84015,WILLOW TREE FAMILY DOCTORS,Y56,LONDON COMMISSIONING REGION,Z9B2Z,NHS WEST AND NORTH LONDON INTEGRATED CARE BOARD
2025-26,E84024,THE PINN MEDICAL CENTRE,Y56,LONDON COMMISSIONING REGION,Z9B2Z,NHS WEST AND NORTH LONDON INTEGRATED CARE BOARD
2025-26,E84025,THE LONSDALE MEDICAL CENTRE,Y56,LONDON COMMISSIONING REGION,Z9B2Z,NHS WEST AND NORTH LONDON INTEGRATED CARE BOARD
2025-26,E84028,THE STONEBRIDGE PRACTICE,Y56,LONDON COMMISSIONING REGION,Z9B2Z,NHS WEST AND NORTH LONDON INTEGRATED CARE BOARD
2025-26,E84036,GLADSTONE MEDICAL CENTRE,Y56,LONDON COMMISSIONING REGION,Z9B2Z,NHS WEST AND NORTH LONDON INTEGRATED CARE BOARD
2025-26,E84040,THE PINNER ROAD SURGERY,Y56,LONDON COMMISSIONING REGION,Z9B2Z,NHS WEST AND NORTH LONDON INTEGRATED CARE BOARD
2025-26,E84051,STANLEY CORNER MEDICAL CENTRE,Y56,LONDON COMMISSIONING REGION,Z9B2Z,NHS WEST AND NORTH LONDON INTEGRATED CARE BOARD
2025-26,E84061,ELLIOTT HALL MEDICAL CTR.,Y56,LONDON COMMISSIONING REGION,Z9B2Z,NHS WEST AND NORTH LONDON INTEGRATED CARE BOARD
2025-26,E84062,THE SHAFTESBURY MEDICAL CENTRE,Y56,LONDON COMMISSIONING REGION,Z9B2Z,NHS WEST AND NORTH LONDON INTEGRATED CARE BOARD
2025-26,E84068,THE RIDGEWAY SURGERY,Y56,LONDON COMMISSIONING REGION,Z9B2Z,NHS WEST AND NORTH LONDON INTEGRATED CARE BOARD
2025-26,E84074,FREUCHEN MEDICAL CENTRE,Y56,LONDON COMMISSIONING REGION,Z9B2Z,NHS WEST AND NORTH LONDON INTEGRATED CARE BOARD
2025-26,E84076,OXGATE GARDENS SURGERY,Y56,LONDON COMMISSIONING REGION,Z9B2Z,NHS WEST AND NORTH LONDON INTEGRATED CARE BOARD
2025-26,E84083,LANFRANC MEDICAL CENTRE,Y56,LONDON COMMISSIONING REGION,Z9B2Z,NHS WEST AND NORTH LONDON INTEGRATED CARE BOARD
2025-26,E84617,THE CIVIC MEDICAL CENTRE,Y56,LONDON COMMISSIONING REGION,Z9B2Z,NHS WEST AND NORTH LONDON INTEGRATED CARE BOARD
2025-26,E84637,HILLTOP MEDICAL PRACTICE,Y56,LONDON COMMISSIONING REGION,Z9B2Z,NHS WEST AND NORTH LONDON INTEGRATED CARE BOARD
2025-26,E84680,HEADSTONE ROAD SURGERY,Y56,LONDON COMMISSIONING REGION,Z9B2Z,NHS WEST AND NORTH LONDON INTEGRATED CARE BOARD
2025-26,E84684,THE TUDOR HOUSE MEDICAL CENTRE,Y56,LONDON COMMISSIONING REGION,Z9B2Z,NHS WEST AND NORTH LONDON INTEGRATED CARE BOARD
2025-26,E84685,SUDBURY SURGERY,Y56,LONDON COMMISSIONING REGION,Z9B2Z,NHS WEST AND NORTH LONDON INTEGRATED CARE BOARD
2025-26,E84693,ST. PETER'S MEDICAL CENTRE,Y56,LONDON COMMISSIONING REGION,Z9B2Z,NHS WEST AND NORTH LONDON INTEGRATED CARE BOARD
2025-26,E84702,WILLESDEN GREEN SURGERY,Y56,LONDON COMMISSIONING REGION,Z9B2Z,NHS WEST AND NORTH LONDON INTEGRATED CARE BOARD
2025-26,E85005,THE WESTWAY SURGERY,Y56,LONDON COMMISSIONING REGION,Z9B2Z,NHS WEST AND NORTH LONDON INTEGRATED CARE BOARD
2025-26,E85006,WATERSIDE MEDICAL CENTRE,Y56,LONDON COMMISSIONING REGION,Z9B2Z,NHS WEST AND NORTH LONDON INTEGRATED CARE BOARD
2025-26,E85013,WESTSEVEN GP,Y56,LONDON COMMISSIONING REGION,Z9B2Z,NHS WEST AND NORTH LONDON INTEGRATED CARE BOARD
2025-26,E85026,GORDON HOUSE SURGERY,Y56,LONDON COMMISSIONING REGION,Z9B2Z,NHS WEST AND NORTH LONDON INTEGRATED CARE BOARD
2025-26,E85028,HILLCREST SURGERY,Y56,LONDON COMMISSIONING REGION,Z9B2Z,NHS WEST AND NORTH LONDON INTEGRATED CARE BOARD
2025-26,E85029,"THE MEDICAL CENTRE, DR JEFFERIES & PARTN",Y56,LONDON COMMISSIONING REGION,Z9B2Z,NHS WEST AND NORTH LONDON INTEGRATED CARE BOARD
2025-26,E85030,CHISWICK HEALTH PRACTICE,Y56,LONDON COMMISSIONING REGION,Z9B2Z,NHS WEST AND NORTH LONDON INTEGRATED CARE BOARD
2025-26,E85032,ASHCHURCH SURGERY,Y56,LONDON COMMISSIONING REGION,Z9B2Z,NHS WEST AND NORTH LONDON INTEGRATED CARE BOARD
2025-26,E85051,GREENFORD AVENUE FHP,Y56,LONDON COMMISSIONING REGION,Z9B2Z,NHS WEST AND NORTH LONDON INTEGRATED CARE BOARD
2025-26,E85055,THE BUSH DOCTORS,Y56,LONDON COMMISSIONING REGION,Z9B2Z,NHS WEST AND NORTH LONDON INTEGRATED CARE BOARD
2025-26,E85061,WELCOME PRACTICE,Y56,LONDON COMMISSIONING REGION,Z9B2Z,NHS WEST AND NORTH LONDON INTEGRATED CARE BOARD
2025-26,E85075,GP SURGERY @ ACTON GARDENS,Y56,LONDON COMMISSIONING REGION,Z9B2Z,NHS WEST AND NORTH LONDON INTEGRATED CARE BOARD
2025-26,E85077,SHEPHERDS BUSH MEDICAL CENTRE,Y56,LONDON COMMISSIONING REGION,Z9B2Z,NHS WEST AND NORTH LONDON INTEGRATED CARE BOARD
2025-26,E85088,ELMBANK SURGERY,Y56,LONDON COMMISSIONING REGION,Z9B2Z,NHS WEST AND NORTH LONDON INTEGRATED CARE BOARD
2025-26,E85096,MEDICAL CENTRE,Y56,LONDON COMMISSIONING REGION,Z9B2Z,NHS WEST AND NORTH LONDON INTEGRATED CARE BOARD
2025-26,E85098,ISLIP MANOR MEDICAL CENTRE,Y56,LONDON COMMISSIONING REGION,Z9B2Z,NHS WEST AND NORTH LONDON INTEGRATED CARE BOARD
2025-26,E85103,LADY MARGARET ROAD MEDICAL CENTRE,Y56,LONDON COMMISSIONING REGION,Z9B2Z,NHS WEST AND NORTH LONDON INTEGRATED CARE BOARD
2025-26,E85112,ELMTREES SURGERY,Y56,LONDON COMMISSIONING REGION,Z9B2Z,NHS WEST AND NORTH LONDON INTEGRATED CARE BOARD
2025-26,E85118,THE FULHAM MEDICAL CENTRE,Y56,LONDON COMMISSIONING REGION,Z9B2Z,NHS WEST AND NORTH LONDON INTEGRATED CARE BOARD
2025-26,E85120,THE ARGYLE SURGERY,Y56,LONDON COMMISSIONING REGION,Z9B2Z,NHS WEST AND NORTH LONDON INTEGRATED CARE BOARD
2025-26,E85124,GP AT HAND,Y56,LONDON COMMISSIONING REGION,Z9B2Z,NHS WEST AND NORTH LONDON INTEGRATED CARE BOARD
2025-26,E85125,STERNDALE SURGERY,Y56,LONDON COMMISSIONING REGION,Z9B2Z,NHS WEST AND NORTH LONDON INTEGRATED CARE BOARD
2025-26,E85127,THE BARNABAS MEDICAL CTRE,Y56,LONDON COMMISSIONING REGION,Z9B2Z,NHS WEST AND NORTH LONDON INTEGRATED CARE BOARD
2025-26,E85130,CHISWICK FAMILY PRACTICE,Y56,LONDON COMMISSIONING REGION,Z9B2Z,NHS WEST AND NORTH LONDON INTEGRATED CARE BOARD
2025-26,E85624,"DR UPPAL & PARTN, PARKVIEW CTR FOR H&W",Y56,LONDON COMMISSIONING REGION,Z9B2Z,NHS WEST AND NORTH LONDON INTEGRATED CARE BOARD
2025-26,E85633,THE SOUTHALL MEDICAL CTR.,Y56,LONDON COMMISSIONING REGION,Z9B2Z,NHS WEST AND NORTH LONDON INTEGRATED CARE BOARD
2025-26,E85649,FULHAM CROSS MEDICAL CENTRE,Y56,LONDON COMMISSIONING REGION,Z9B2Z,NHS WEST AND NORTH LONDON INTEGRATED CARE BOARD
2025-26,E85658,HOLLY ROAD MEDICAL CENTRE,Y56,LONDON COMMISSIONING REGION,Z9B2Z,NHS WEST AND NORTH LONDON INTEGRATED CARE BOARD
2025-26,E85677,THE HORN LANE SURGERY,Y56,LONDON COMMISSIONING REGION,Z9B2Z,NHS WEST AND NORTH LONDON INTEGRATED CARE BOARD
2025-26,E85708,GILL MEDICAL PRACTICE,Y56,LONDON COMMISSIONING REGION,Z9B2Z,NHS WEST AND NORTH LONDON INTEGRATED CARE BOARD
2025-26,E85718,HATTON MEDICAL PRACTICE,Y56,LONDON COMMISSIONING REGION,Z9B2Z,NHS WEST AND NORTH LONDON INTEGRATED CARE BOARD
2025-26,E85721,THE TOWN SURGERY,Y56,LONDON COMMISSIONING REGION,Z9B2Z,NHS WEST AND NORTH LONDON INTEGRATED CARE BOARD
2025-26,E85734,QUEENS PARK MEDICAL PRACTICE,Y56,LONDON COMMISSIONING REGION,Z9B2Z,NHS WEST AND NORTH LONDON INTEGRATED CARE BOARD
2025-26,E85739,HMC HEALTH HESTON GREAT WEST,Y56,LONDON COMMISSIONING REGION,Z9B2Z,NHS WEST AND NORTH LONDON INTEGRATED CARE BOARD
2025-26,E85746,GROVE PARK TERRACE SURGERY,Y56,LONDON COMMISSIONING REGION,Z9B2Z,NHS WEST AND NORTH LONDON INTEGRATED CARE BOARD
2025-26,E86011,OXFORD DRIVE MEDICAL CENTRE,Y56,LONDON COMMISSIONING REGION,Z9B2Z,NHS WEST AND NORTH LONDON INTEGRATED CARE BOARD
2025-26,E86024,KING EDWARDS MEDICAL CENTRE,Y56,LONDON COMMISSIONING REGION,Z9B2Z,NHS WEST AND NORTH LONDON INTEGRATED CARE BOARD
2025-26,E86034,CHURCH ROAD SURGERY,Y56,LONDON COMMISSIONING REGION,Z9B2Z,NHS WEST AND NORTH LONDON INTEGRATED CARE BOARD
2025-26,E86605,LADYGATE LANE MEDICAL PRACTICE,Y56,LONDON COMMISSIONING REGION,Z9B2Z,NHS WEST AND NORTH LONDON INTEGRATED CARE BOARD
2025-26,E86618,CAREPOINT PRACTICE,Y56,LONDON COMMISSIONING REGION,Z9B2Z,NHS WEST AND NORTH LONDON INTEGRATED CARE BOARD
2025-26,E86619,WALLASEY MEDICAL CENTRE,Y56,LONDON COMMISSIONING REGION,Z9B2Z,NHS WEST AND NORTH LONDON INTEGRATED CARE BOARD
2025-26,E86620,WEST LONDON MEDICAL CENTRE,Y56,LONDON COMMISSIONING REGION,Z9B2Z,NHS WEST AND NORTH LONDON INTEGRATED CARE BOARD
2025-26,E86629,DR MLR SIDDIQUI'S PRACTICE,Y56,LONDON COMMISSIONING REGION,Z9B2Z,NHS WEST AND NORTH LONDON INTEGRATED CARE BOARD
2025-26,E86632,ACORN MEDICAL CENTRE,Y56,LONDON COMMISSIONING REGION,Z9B2Z,NHS WEST AND NORTH LONDON INTEGRATED CARE BOARD
2025-26,E87002,VICTORIA MEDICAL CENTRE,Y56,LONDON COMMISSIONING REGION,Z9B2Z,NHS WEST AND NORTH LONDON INTEGRATED CARE BOARD
2025-26,E87003,NORTH KENSINGTON MEDICAL CENTRE,Y56,LONDON COMMISSIONING REGION,Z9B2Z,NHS WEST AND NORTH LONDON INTEGRATED CARE BOARD
2025-26,E87009,THE GARWAY MEDICAL PRACTICE,Y56,LONDON COMMISSIONING REGION,Z9B2Z,NHS WEST AND NORTH LONDON INTEGRATED CARE BOARD
2025-26,E87010,MAIDA VALE MEDICAL CENTRE,Y56,LONDON COMMISSIONING REGION,Z9B2Z,NHS WEST AND NORTH LONDON INTEGRATED CARE BOARD
2025-26,E87024,THE GOLBORNE MEDICAL CENTRE,Y56,LONDON COMMISSIONING REGION,Z9B2Z,NHS WEST AND NORTH LONDON INTEGRATED CARE BOARD
2025-26,E87029,PORTLAND ROAD PRACTICE,Y56,LONDON COMMISSIONING REGION,Z9B2Z,NHS WEST AND NORTH LONDON INTEGRATED CARE BOARD
2025-26,E87034,PIMLICO HEALTH AT THE MARVEN SURGERY,Y56,LONDON COMMISSIONING REGION,Z9B2Z,NHS WEST AND NORTH LONDON INTEGRATED CARE BOARD
2025-26,E87046,THE RANDOLPH SURGERY,Y56,LONDON COMMISSIONING REGION,Z9B2Z,NHS WEST AND NORTH LONDON INTEGRATED CARE BOARD
2025-26,E87047,EARLS COURT MEDICAL CENTRE,Y56,LONDON COMMISSIONING REGION,Z9B2Z,NHS WEST AND NORTH LONDON INTEGRATED CARE BOARD
2025-26,E87061,THE PEMBRIDGE VILLAS SURGERY,Y56,LONDON COMMISSIONING REGION,Z9B2Z,NHS WEST AND NORTH LONDON INTEGRATED CARE BOARD
2025-26,E87069,SOHO CENTRE FOR HEALTH AND CARE,Y56,LONDON COMMISSIONING REGION,Z9B2Z,NHS WEST AND NORTH LONDON INTEGRATED CARE BOARD
2025-26,E87702,THE SURGERY,Y56,LONDON COMMISSIONING REGION,Z9B2Z,NHS WEST AND NORTH LONDON INTEGRATED CARE BOARD
2025-26,E87706,THE FORELAND MEDICAL CENTRE,Y56,LONDON COMMISSIONING REGION,Z9B2Z,NHS WEST AND NORTH LONDON INTEGRATED CARE BOARD
2025-26,E87733,THE EXMOOR SURGERY,Y56,LONDON COMMISSIONING REGION,Z9B2Z,NHS WEST AND NORTH LONDON INTEGRATED CARE BOARD
2025-26,E87739,MILLBANK MEDICAL CENTRE,Y56,LONDON COMMISSIONING REGION,Z9B2Z,NHS WEST AND NORTH LONDON INTEGRATED CARE BOARD
2025-26,E87742,THE GOLBORNE MEDICAL CENTRE,Y56,LONDON COMMISSIONING REGION,Z9B2Z,NHS WEST AND NORTH LONDON INTEGRATED CARE BOARD
2025-26,E87750,EARLS COURT SURGERY,Y56,LONDON COMMISSIONING REGION,Z9B2Z,NHS WEST AND NORTH LONDON INTEGRATED CARE BOARD
2025-26,E87762,THE GOOD PRACTICE,Y56,LONDON COMMISSIONING REGION,Z9B2Z,NHS WEST AND NORTH LONDON INTEGRATED CARE BOARD
2025-26,E87772,GREAT CHAPEL STREET MEDICAL CENTRE,Y56,LONDON COMMISSIONING REGION,Z9B2Z,NHS WEST AND NORTH LONDON INTEGRATED CARE BOARD
2025-26,F81007,"DR PUZEY,DR KOTHARI AND DR NANDA",Y61,EAST OF ENGLAND COMMISSIONING REGION,D7T5G,NHS ESSEX INTEGRATED CARE BOARD
2025-26,F81010,AVELEY MEDICAL CENTRE,Y61,EAST OF ENGLAND COMMISSIONING REGION,D7T5G,NHS ESSEX INTEGRATED CARE BOARD
2025-26,F81012,WEST MERSEA SURGERY,Y61,EAST OF ENGLAND COMMISSIONING REGION,D7T5G,NHS ESSEX INTEGRATED CARE BOARD
2025-26,F81013,WESTERN ROAD SURGERY,Y61,EAST OF ENGLAND COMMISSIONING REGION,D7T5G,NHS ESSEX INTEGRATED CARE BOARD
2025-26,F81017,WALTON MEDICAL CENTRE,Y61,EAST OF ENGLAND COMMISSIONING REGION,D7T5G,NHS ESSEX INTEGRATED CARE BOARD
2025-26,F81020,THE FRESHFORD PRACTICE,Y61,EAST OF ENGLAND COMMISSIONING REGION,D7T5G,NHS ESSEX INTEGRATED CARE BOARD
2025-26,F81027,LISTER MEDICAL CENTRE,Y61,EAST OF ENGLAND COMMISSIONING REGION,D7T5G,NHS ESSEX INTEGRATED CARE BOARD
2025-26,F81028,WIVENHOE SURGERY,Y61,EAST OF ENGLAND COMMISSIONING REGION,D7T5G,NHS ESSEX INTEGRATED CARE BOARD
2025-26,F81029,THE KNARES MEDICAL PRACTICE,Y61,EAST OF ENGLAND COMMISSIONING REGION,D7T5G,NHS ESSEX INTEGRATED CARE BOARD
2025-26,F81031,MURREE MEDICAL GROUP,Y61,EAST OF ENGLAND COMMISSIONING REGION,D7T5G,NHS ESSEX INTEGRATED CARE BOARD
2025-26,F81034,NEWPORT SURGERY,Y61,EAST OF ENGLAND COMMISSIONING REGION,D7T5G,NHS ESSEX INTEGRATED CARE BOARD
2025-26,F81036,ROBERT FREW MEDICAL CENTRE,Y61,EAST OF ENGLAND COMMISSIONING REGION,D7T5G,NHS ESSEX INTEGRATED CARE BOARD
2025-26,F81040,STOCK SURGERY,Y61,EAST OF ENGLAND COMMISSIONING REGION,D7T5G,NHS ESSEX INTEGRATED CARE BOARD
2025-26,F81049,ONGAR HEALTH CENTRE,Y61,EAST OF ENGLAND COMMISSIONING REGION,D7T5G,NHS ESSEX INTEGRATED CARE BOARD
2025-26,F81053,PEACOCK SURGERY,Y61,EAST OF ENGLAND COMMISSIONING REGION,D7T5G,NHS ESSEX INTEGRATED CARE BOARD
2025-26,F81057,WHITLEY HOUSE SURGERY,Y61,EAST OF ENGLAND COMMISSIONING REGION,D7T5G,NHS ESSEX INTEGRATED CARE BOARD
2025-26,F81066,THE GREENSWARD SURGERY,Y61,EAST OF ENGLAND COMMISSIONING REGION,D7T5G,NHS ESSEX INTEGRATED CARE BOARD
2025-26,F81067,AMBROSE AVENUE GROUP PRACTICE,Y61,EAST OF ENGLAND COMMISSIONING REGION,D7T5G,NHS ESSEX INTEGRATED CARE BOARD
2025-26,F81071,RIVERMEAD GATE MED.CTR.,Y61,EAST OF ENGLAND COMMISSIONING REGION,D7T5G,NHS ESSEX INTEGRATED CARE BOARD
2025-26,F81081,THE QUEENSWAY SURGERY,Y61,EAST OF ENGLAND COMMISSIONING REGION,D7T5G,NHS ESSEX INTEGRATED CARE BOARD
2025-26,F81085,"DR A NAEEM & PARTNERS,THE NEW SURGERY",Y61,EAST OF ENGLAND COMMISSIONING REGION,D7T5G,NHS ESSEX INTEGRATED CARE BOARD
2025-26,F81087,MOUNT CHAMBERS MEDICAL PRACTICE,Y61,EAST OF ENGLAND COMMISSIONING REGION,D7T5G,NHS ESSEX INTEGRATED CARE BOARD
2025-26,F81091,EAST HILL SURGERY,Y61,EAST OF ENGLAND COMMISSIONING REGION,D7T5G,NHS ESSEX INTEGRATED CARE BOARD
2025-26,F81098,THE WRITTLE SURGERY,Y61,EAST OF ENGLAND COMMISSIONING REGION,D7T5G,NHS ESSEX INTEGRATED CARE BOARD
2025-26,F81108,LAINDON MEDICAL GROUP,Y61,EAST OF ENGLAND COMMISSIONING REGION,D7T5G,NHS ESSEX INTEGRATED CARE BOARD
2025-26,F81115,CREFFIELD MEDICAL GROUP,Y61,EAST OF ENGLAND COMMISSIONING REGION,D7T5G,NHS ESSEX INTEGRATED CARE BOARD
2025-26,F81116,COLNE MEDICAL CENTRE,Y61,EAST OF ENGLAND COMMISSIONING REGION,D7T5G,NHS ESSEX INTEGRATED CARE BOARD
2025-26,F81119,THE PUMP HOUSE SURGERY,Y61,EAST OF ENGLAND COMMISSIONING REGION,D7T5G,NHS ESSEX INTEGRATED CARE BOARD
2025-26,F81121,SOUTHEND COASTAL SURGERIES - THORPE BAY,Y61,EAST OF ENGLAND COMMISSIONING REGION,D7T5G,NHS ESSEX INTEGRATED CARE BOARD
2025-26,F81122,CHELMER MEDICAL PARTNERSHIP,Y61,EAST OF ENGLAND COMMISSIONING REGION,D7T5G,NHS ESSEX INTEGRATED CARE BOARD
2025-26,F81123,AUDLEY MILLS SURGERY,Y61,EAST OF ENGLAND COMMISSIONING REGION,D7T5G,NHS ESSEX INTEGRATED CARE BOARD
2025-26,F81125,CHURCH VIEW SURGERY,Y61,EAST OF ENGLAND COMMISSIONING REGION,D7T5G,NHS ESSEX INTEGRATED CARE BOARD
2025-26,F81126,BURNHAM SURGERY,Y61,EAST OF ENGLAND COMMISSIONING REGION,D7T5G,NHS ESSEX INTEGRATED CARE BOARD
2025-26,F81131,THAXTED SURGERY,Y61,EAST OF ENGLAND COMMISSIONING REGION,D7T5G,NHS ESSEX INTEGRATED CARE BOARD
2025-26,F81133,TIPTREE MEDICAL CENTRE,Y61,EAST OF ENGLAND COMMISSIONING REGION,D7T5G,NHS ESSEX INTEGRATED CARE BOARD
2025-26,F81134,PEARTREE SURGERY & WEST HORNDON SURGERY,Y61,EAST OF ENGLAND COMMISSIONING REGION,D7T5G,NHS ESSEX INTEGRATED CARE BOARD
2025-26,F81137,ORSETT SURGERY,Y61,EAST OF ENGLAND COMMISSIONING REGION,D7T5G,NHS ESSEX INTEGRATED CARE BOARD
2025-26,F81141,ROWHEDGE SURGERY,Y61,EAST OF ENGLAND COMMISSIONING REGION,D7T5G,NHS ESSEX INTEGRATED CARE BOARD
2025-26,F81149,THE LAURELS SURGERY,Y61,EAST OF ENGLAND COMMISSIONING REGION,D7T5G,NHS ESSEX INTEGRATED CARE BOARD
2025-26,F81150,BALLARDS WALK SURGERY,Y61,EAST OF ENGLAND COMMISSIONING REGION,D7T5G,NHS ESSEX INTEGRATED CARE BOARD
2025-26,F81152,FOREST PRACTICE,Y61,EAST OF ENGLAND COMMISSIONING REGION,D7T5G,NHS ESSEX INTEGRATED CARE BOARD
2025-26,F81169,KINGS MEDICAL CENTRE,Y61,EAST OF ENGLAND COMMISSIONING REGION,D7T5G,NHS ESSEX INTEGRATED CARE BOARD
2025-26,F81183,THE DENGIE MEDICAL PARTNERSHIP,Y61,EAST OF ENGLAND COMMISSIONING REGION,D7T5G,NHS ESSEX INTEGRATED CARE BOARD
2025-26,F81184,ABRIDGE SURGERY,Y61,EAST OF ENGLAND COMMISSIONING REGION,D7T5G,NHS ESSEX INTEGRATED CARE BOARD
2025-26,F81186,FELMORES MEDICAL CENTRE,Y61,EAST OF ENGLAND COMMISSIONING REGION,D7T5G,NHS ESSEX INTEGRATED CARE BOARD
2025-26,F81192,STIFFORD CLAYS MEDICAL CENTRE,Y61,EAST OF ENGLAND COMMISSIONING REGION,D7T5G,NHS ESSEX INTEGRATED CARE BOARD
2025-26,F81198,HORNDON-ON-THE-HILL SURGERY,Y61,EAST OF ENGLAND COMMISSIONING REGION,D7T5G,NHS ESSEX INTEGRATED CARE BOARD
2025-26,F81206,COMMONWEALTH HEALTH CENTRE,Y61,EAST OF ENGLAND COMMISSIONING REGION,D7T5G,NHS ESSEX INTEGRATED CARE BOARD
2025-26,F81207,WESTCLIFF MEDICAL CENTRE,Y61,EAST OF ENGLAND COMMISSIONING REGION,D7T5G,NHS ESSEX INTEGRATED CARE BOARD
2025-26,F81211,DR YADAVA N PRACTICE,Y61,EAST OF ENGLAND COMMISSIONING REGION,D7T5G,NHS ESSEX INTEGRATED CARE BOARD
2025-26,F81212,OLD ROAD SURGERY,Y61,EAST OF ENGLAND COMMISSIONING REGION,D7T5G,NHS ESSEX INTEGRATED CARE BOARD
2025-26,F81221,FRONKS RD FAMILY SURGERY,Y61,EAST OF ENGLAND COMMISSIONING REGION,D7T5G,NHS ESSEX INTEGRATED CARE BOARD
2025-26,F81222,QUEENS PARK SURGERY,Y61,EAST OF ENGLAND COMMISSIONING REGION,D7T5G,NHS ESSEX INTEGRATED CARE BOARD
2025-26,F81623,KADIM PRIMECARE MEDICAL CENTRE,Y61,EAST OF ENGLAND COMMISSIONING REGION,D7T5G,NHS ESSEX INTEGRATED CARE BOARD
2025-26,F81632,DR YASIN SA PRACTICE,Y61,EAST OF ENGLAND COMMISSIONING REGION,D7T5G,NHS ESSEX INTEGRATED CARE BOARD
2025-26,F81635,COLLINGWOOD ROAD SURGERY,Y61,EAST OF ENGLAND COMMISSIONING REGION,D7T5G,NHS ESSEX INTEGRATED CARE BOARD
2025-26,F81649,SHOEBURY PRACTICE,Y61,EAST OF ENGLAND COMMISSIONING REGION,D7T5G,NHS ESSEX INTEGRATED CARE BOARD
2025-26,F81679,HIGHWOODS SURGERY,Y61,EAST OF ENGLAND COMMISSIONING REGION,D7T5G,NHS ESSEX INTEGRATED CARE BOARD
2025-26,F81681,CLACTON COMMUNITY PRACTICES,Y61,EAST OF ENGLAND COMMISSIONING REGION,D7T5G,NHS ESSEX INTEGRATED CARE BOARD
2025-26,F81713,BENFLEET SURGERY,Y61,EAST OF ENGLAND COMMISSIONING REGION,D7T5G,NHS ESSEX INTEGRATED CARE BOARD
2025-26,F81729,MATCHING GREEN SURGERY,Y61,EAST OF ENGLAND COMMISSIONING REGION,D7T5G,NHS ESSEX INTEGRATED CARE BOARD
2025-26,F81740,THE COMMUNITY PRACTICE,Y61,EAST OF ENGLAND COMMISSIONING REGION,D7T5G,NHS ESSEX INTEGRATED CARE BOARD
2025-26,F82005,DR M GOYAL'S PRACTICE,Y56,LONDON COMMISSIONING REGION,QMF,NHS NORTH EAST LONDON INTEGRATED CARE BOARD
2025-26,F82011,ST EDWARDS MEDICAL CENTRE,Y56,LONDON COMMISSIONING REGION,QMF,NHS NORTH EAST LONDON INTEGRATED CARE BOARD
2025-26,F82015,HEDGEMANS MEDICAL CENTRE,Y56,LONDON COMMISSIONING REGION,QMF,NHS NORTH EAST LONDON INTEGRATED CARE BOARD
2025-26,F82027,DR P PRASAD'S PRACTICE,Y56,LONDON COMMISSIONING REGION,QMF,NHS NORTH EAST LONDON INTEGRATED CARE BOARD
2025-26,F82039,EASTBROOK SURGERY,Y56,LONDON COMMISSIONING REGION,QMF,NHS NORTH EAST LONDON INTEGRATED CARE BOARD
2025-26,F82604,MARKS GATE HEALTH CENTRE,Y56,LONDON COMMISSIONING REGION,QMF,NHS NORTH EAST LONDON INTEGRATED CARE BOARD
2025-26,F82609,SUTTONS AVENUE SURGERY,Y56,LONDON COMMISSIONING REGION,QMF,NHS NORTH EAST LONDON INTEGRATED CARE BOARD
2025-26,F82612,THE WHITE HOUSE SURGERY,Y56,LONDON COMMISSIONING REGION,QMF,NHS NORTH EAST LONDON INTEGRATED CARE BOARD
2025-26,F82638,MODERN MEDICAL CENTRE,Y56,LONDON COMMISSIONING REGION,QMF,NHS NORTH EAST LONDON INTEGRATED CARE BOARD
2025-26,F82649,BERWICK SURGERY,Y56,LONDON COMMISSIONING REGION,QMF,NHS NORTH EAST LONDON INTEGRATED CARE BOARD
2025-26,F82660,TULASI MEDICAL CENTRE,Y56,LONDON COMMISSIONING REGION,QMF,NHS NORTH EAST LONDON INTEGRATED CARE BOARD
2025-26,F82671,STRAIGHT ROAD SURGERY,Y56,LONDON COMMISSIONING REGION,QMF,NHS NORTH EAST LONDON INTEGRATED CARE BOARD
2025-26,F82675,BILLET LANE MEDICAL PRACTICE,Y56,LONDON COMMISSIONING REGION,QMF,NHS NORTH EAST LONDON INTEGRATED CARE BOARD
2025-26,F82679,DR DP SHAH'S PRACTICE,Y56,LONDON COMMISSIONING REGION,QMF,NHS NORTH EAST LONDON INTEGRATED CARE BOARD
2025-26,F83002,RIVER PLACE HEALTH CENTRE,Y56,LONDON COMMISSIONING REGION,Z9B2Z,NHS WEST AND NORTH LONDON INTEGRATED CARE BOARD
2025-26,F83004,ARCHWAY MEDICAL CENTRE,Y56,LONDON COMMISSIONING REGION,Z9B2Z,NHS WEST AND NORTH LONDON INTEGRATED CARE BOARD
2025-26,F83005,GOWER STREET PRACTICE,Y56,LONDON COMMISSIONING REGION,Z9B2Z,NHS WEST AND NORTH LONDON INTEGRATED CARE BOARD
2025-26,F83010,ISLINGTON CENTRAL MEDICAL CENTRE,Y56,LONDON COMMISSIONING REGION,Z9B2Z,NHS WEST AND NORTH LONDON INTEGRATED CARE BOARD
2025-26,F83039,THE RISE GROUP PRACTICE,Y56,LONDON COMMISSIONING REGION,Z9B2Z,NHS WEST AND NORTH LONDON INTEGRATED CARE BOARD
2025-26,F83056,THE MITCHISON ROAD SURGERY,Y56,LONDON COMMISSIONING REGION,Z9B2Z,NHS WEST AND NORTH LONDON INTEGRATED CARE BOARD
2025-26,F83057,PARLIAMENT HILL SURGERY,Y56,LONDON COMMISSIONING REGION,Z9B2Z,NHS WEST AND NORTH LONDON INTEGRATED CARE BOARD
2025-26,F83061,MUSEUM PRACTICE,Y56,LONDON COMMISSIONING REGION,Z9B2Z,NHS WEST AND NORTH LONDON INTEGRATED CARE BOARD
2025-26,F83623,KEATS GROUP PRACTICE,Y56,LONDON COMMISSIONING REGION,Z9B2Z,NHS WEST AND NORTH LONDON INTEGRATED CARE BOARD
2025-26,F83664,THE VILLAGE PRACTICE,Y56,LONDON COMMISSIONING REGION,Z9B2Z,NHS WEST AND NORTH LONDON INTEGRATED CARE BOARD
2025-26,F83674,THE JUNCTION MEDICAL PRACTICE,Y56,LONDON COMMISSIONING REGION,Z9B2Z,NHS WEST AND NORTH LONDON INTEGRATED CARE BOARD
2025-26,F83678,DR SEGARAJASINGHE,Y56,LONDON COMMISSIONING REGION,Z9B2Z,NHS WEST AND NORTH LONDON INTEGRATED CARE BOARD
2025-26,F83686,STROUD GREEN MEDICAL CENTRE,Y56,LONDON COMMISSIONING REGION,Z9B2Z,NHS WEST AND NORTH LONDON INTEGRATED CARE BOARD
2025-26,F84004,MARKET STREET HEALTH GROUP,Y56,LONDON COMMISSIONING REGION,QMF,NHS NORTH EAST LONDON INTEGRATED CARE BOARD
2025-26,F84008,BARTON HOUSE GROUP PRACTICE,Y56,LONDON COMMISSIONING REGION,QMF,NHS NORTH EAST LONDON INTEGRATED CARE BOARD
2025-26,F84012,ALBION HEALTH CENTRE,Y56,LONDON COMMISSIONING REGION,QMF,NHS NORTH EAST LONDON INTEGRATED CARE BOARD
2025-26,F84013,STAMFORD HILL GROUP PRACTICE,Y56,LONDON COMMISSIONING REGION,QMF,NHS NORTH EAST LONDON INTEGRATED CARE BOARD
2025-26,F84014,UPTON LANE MEDICAL CENTRE,Y56,LONDON COMMISSIONING REGION,QMF,NHS NORTH EAST LONDON INTEGRATED CARE BOARD
2025-26,F84016,THE MISSION PRACTICE,Y56,LONDON COMMISSIONING REGION,QMF,NHS NORTH EAST LONDON INTEGRATED CARE BOARD
2025-26,F84018,THE NIGHTINGALE PRACTICE,Y56,LONDON COMMISSIONING REGION,QMF,NHS NORTH EAST LONDON INTEGRATED CARE BOARD
2025-26,F84033,SOMERFORD GROVE PRACTICE,Y56,LONDON COMMISSIONING REGION,QMF,NHS NORTH EAST LONDON INTEGRATED CARE BOARD
2025-26,F84047,CUSTOM HOUSE SURGERY,Y56,LONDON COMMISSIONING REGION,QMF,NHS NORTH EAST LONDON INTEGRATED CARE BOARD
2025-26,F84055,THE GROVE ROAD SURGERY,Y56,LONDON COMMISSIONING REGION,QMF,NHS NORTH EAST LONDON INTEGRATED CARE BOARD
2025-26,F84070,LATHOM ROAD MEDICAL CENTRE,Y56,LONDON COMMISSIONING REGION,QMF,NHS NORTH EAST LONDON INTEGRATED CARE BOARD
2025-26,F84093,TOLLGATE MEDICAL CENTRE,Y56,LONDON COMMISSIONING REGION,QMF,NHS NORTH EAST LONDON INTEGRATED CARE BOARD
2025-26,F84096,THE LAWSON PRACTICE,Y56,LONDON COMMISSIONING REGION,QMF,NHS NORTH EAST LONDON INTEGRATED CARE BOARD
2025-26,F84118,WELLINGTON WAY HEALTH CENTRE,Y56,LONDON COMMISSIONING REGION,QMF,NHS NORTH EAST LONDON INTEGRATED CARE BOARD
2025-26,F84122,XX PLACE HEALTH CENTRE,Y56,LONDON COMMISSIONING REGION,QMF,NHS NORTH EAST LONDON INTEGRATED CARE BOARD
2025-26,F84619,THE RIVERSIDE PRACTICE,Y56,LONDON COMMISSIONING REGION,QMF,NHS NORTH EAST LONDON INTEGRATED CARE BOARD
2025-26,F84656,DOCKLANDS MEDICAL CENTRE,Y56,LONDON COMMISSIONING REGION,QMF,NHS NORTH EAST LONDON INTEGRATED CARE BOARD
2025-26,F84660,DR CM PATEL'S SURGERY,Y56,LONDON COMMISSIONING REGION,QMF,NHS NORTH EAST LONDON INTEGRATED CARE BOARD
2025-26,F84669,CENTRAL PARK SURGERY,Y56,LONDON COMMISSIONING REGION,QMF,NHS NORTH EAST LONDON INTEGRATED CARE BOARD
2025-26,F84681,BALAAM STREET PRACTICE,Y56,LONDON COMMISSIONING REGION,QMF,NHS NORTH EAST LONDON INTEGRATED CARE BOARD
2025-26,F84696,TREDEGAR PRACTICE,Y56,LONDON COMMISSIONING REGION,QMF,NHS NORTH EAST LONDON INTEGRATED CARE BOARD
2025-26,F84716,THE ALLERTON ROAD SURGERY,Y56,LONDON COMMISSIONING REGION,QMF,NHS NORTH EAST LONDON INTEGRATED CARE BOARD
2025-26,F84724,WOODGRANGE MEDICAL PRACTICE,Y56,LONDON COMMISSIONING REGION,QMF,NHS NORTH EAST LONDON INTEGRATED CARE BOARD
2025-26,F84730,THE VICARAGE LANE SURGERY,Y56,LONDON COMMISSIONING REGION,QMF,NHS NORTH EAST LONDON INTEGRATED CARE BOARD
2025-26,F84731,ST. KATHERINE'S DOCK PRACTICE,Y56,LONDON COMMISSIONING REGION,QMF,NHS NORTH EAST LONDON INTEGRATED CARE BOARD
2025-26,F84733,HEALTH E1,Y56,LONDON COMMISSIONING REGION,QMF,NHS NORTH EAST LONDON INTEGRATED CARE BOARD
2025-26,F84740,NEWHAM TRANSITIONAL PRACTICE,Y56,LONDON COMMISSIONING REGION,QMF,NHS NORTH EAST LONDON INTEGRATED CARE BOARD
2025-26,F84747,THE BARKANTINE PRACTICE,Y56,LONDON COMMISSIONING REGION,QMF,NHS NORTH EAST LONDON INTEGRATED CARE BOARD
2025-26,F85007,LAWRENCE HOUSE SURGERY,Y56,LONDON COMMISSIONING REGION,Z9B2Z,NHS WEST AND NORTH LONDON INTEGRATED CARE BOARD
2025-26,F85016,COCKFOSTERS MEDICAL CTRE,Y56,LONDON COMMISSIONING REGION,Z9B2Z,NHS WEST AND NORTH LONDON INTEGRATED CARE BOARD
2025-26,F85028,BRUCE GROVE PRIMARY HEALTH CARE CTR,Y56,LONDON COMMISSIONING REGION,Z9B2Z,NHS WEST AND NORTH LONDON INTEGRATED CARE BOARD
2025-26,F85030,SOMERSET GARDENS FAMILY HEALTH CENTRE,Y56,LONDON COMMISSIONING REGION,Z9B2Z,NHS WEST AND NORTH LONDON INTEGRATED CARE BOARD
2025-26,F85034,ARCADIAN GARDENS SURGERY,Y56,LONDON COMMISSIONING REGION,Z9B2Z,NHS WEST AND NORTH LONDON INTEGRATED CARE BOARD
2025-26,F85058,NIGHTINGALE HOUSE SURGERY,Y56,LONDON COMMISSIONING REGION,Z9B2Z,NHS WEST AND NORTH LONDON INTEGRATED CARE BOARD
2025-26,F85065,STUART CRESCENT MEDICAL PRACTICE,Y56,LONDON COMMISSIONING REGION,Z9B2Z,NHS WEST AND NORTH LONDON INTEGRATED CARE BOARD
2025-26,F85066,BOUNDS GREEN GROUP PRACTICE,Y56,LONDON COMMISSIONING REGION,Z9B2Z,NHS WEST AND NORTH LONDON INTEGRATED CARE BOARD
2025-26,F85069,CROUCH HALL ROAD SURGERY,Y56,LONDON COMMISSIONING REGION,Z9B2Z,NHS WEST AND NORTH LONDON INTEGRATED CARE BOARD
2025-26,F85634,EAST ENFIELD MEDICAL CENTRE,Y56,LONDON COMMISSIONING REGION,Z9B2Z,NHS WEST AND NORTH LONDON INTEGRATED CARE BOARD
2025-26,F85675,THE ALEXANDRA SURGERY,Y56,LONDON COMMISSIONING REGION,Z9B2Z,NHS WEST AND NORTH LONDON INTEGRATED CARE BOARD
2025-26,F85687,OAKWOOD MEDICAL CENTRE,Y56,LONDON COMMISSIONING REGION,Z9B2Z,NHS WEST AND NORTH LONDON INTEGRATED CARE BOARD
2025-26,F86007,THE FOREST EDGE PRACTICE,Y56,LONDON COMMISSIONING REGION,QMF,NHS NORTH EAST LONDON INTEGRATED CARE BOARD
2025-26,F86026,THE FOREST SURGERY,Y56,LONDON COMMISSIONING REGION,QMF,NHS NORTH EAST LONDON INTEGRATED CARE BOARD
2025-26,F86058,ST JAMES MEDICAL PRACTICE LIMITED,Y56,LONDON COMMISSIONING REGION,QMF,NHS NORTH EAST LONDON INTEGRATED CARE BOARD
2025-26,F86062,GROVE SURGERY,Y56,LONDON COMMISSIONING REGION,QMF,NHS NORTH EAST LONDON INTEGRATED CARE BOARD
2025-26,F86064,THE ELMHURST PRACTICE,Y56,LONDON COMMISSIONING REGION,QMF,NHS NORTH EAST LONDON INTEGRATED CARE BOARD
2025-26,F86074,LEYTON HEALTHCARE 4TH FLOOR,Y56,LONDON COMMISSIONING REGION,QMF,NHS NORTH EAST LONDON INTEGRATED CARE BOARD
2025-26,F86086,DR DHITAL PRACTICE,Y56,LONDON COMMISSIONING REGION,QMF,NHS NORTH EAST LONDON INTEGRATED CARE BOARD
2025-26,F86612,THE FULLWELL AVENUE SURGERY,Y56,LONDON COMMISSIONING REGION,QMF,NHS NORTH EAST LONDON INTEGRATED CARE BOARD
2025-26,F86626,DR SHANTIR PRACTICE,Y56,LONDON COMMISSIONING REGION,QMF,NHS NORTH EAST LONDON INTEGRATED CARE BOARD
2025-26,F86627,CHURCHILL MEDICAL CENTRE,Y56,LONDON COMMISSIONING REGION,QMF,NHS NORTH EAST LONDON INTEGRATED CARE BOARD
2025-26,F86638,THE MICROFACULTY,Y56,LONDON COMMISSIONING REGION,QMF,NHS NORTH EAST LONDON INTEGRATED CARE BOARD
2025-26,F86644,WALTHAM FOREST COMM & FAM HTH SERV LTD,Y56,LONDON COMMISSIONING REGION,QMF,NHS NORTH EAST LONDON INTEGRATED CARE BOARD
2025-26,F86650,LIME TREE SURGERY,Y56,LONDON COMMISSIONING REGION,QMF,NHS NORTH EAST LONDON INTEGRATED CARE BOARD
2025-26,F86652,THE DRIVE SURGERY,Y56,LONDON COMMISSIONING REGION,QMF,NHS NORTH EAST LONDON INTEGRATED CARE BOARD
2025-26,F86679,HIGHAM HILL MEDICAL CENTRE,Y56,LONDON COMMISSIONING REGION,QMF,NHS NORTH EAST LONDON INTEGRATED CARE BOARD
2025-26,F86691,CLAYHALL CLINIC,Y56,LONDON COMMISSIONING REGION,QMF,NHS NORTH EAST LONDON INTEGRATED CARE BOARD
2025-26,F86700,KINGS HEAD MEDICAL PRACTICE,Y56,LONDON COMMISSIONING REGION,QMF,NHS NORTH EAST LONDON INTEGRATED CARE BOARD
2025-26,F86707,FENCE PIECE ROAD MEDICAL CENTRE,Y56,LONDON COMMISSIONING REGION,QMF,NHS NORTH EAST LONDON INTEGRATED CARE BOARD
2025-26,G81003,THE LIGHTHOUSE MEDICAL PRACTICE,Y59,SOUTH EAST COMMISSIONING REGION,S9B9J,NHS SURREY AND SUSSEX INTEGRATED CARE BOARD
2025-26,G81022,SOVEREIGN PRACTICE,Y59,SOUTH EAST COMMISSIONING REGION,S9B9J,NHS SURREY AND SUSSEX INTEGRATED CARE BOARD
2025-26,G81031,THE HILL SURGERY,Y59,SOUTH EAST COMMISSIONING REGION,S9B9J,NHS SURREY AND SUSSEX INTEGRATED CARE BOARD
2025-26,G81036,WARMDENE SURGERY,Y59,SOUTH EAST COMMISSIONING REGION,S9B9J,NHS SURREY AND SUSSEX INTEGRATED CARE BOARD
2025-26,G81040,WOODHILL SURGERY,Y59,SOUTH EAST COMMISSIONING REGION,S9B9J,NHS SURREY AND SUSSEX INTEGRATED CARE BOARD
2025-26,G81046,PORTSLADE HEALTH CENTRE,Y59,SOUTH EAST COMMISSIONING REGION,S9B9J,NHS SURREY AND SUSSEX INTEGRATED CARE BOARD
2025-26,G81051,RYE MEDICAL CENTRE,Y59,SOUTH EAST COMMISSIONING REGION,S9B9J,NHS SURREY AND SUSSEX INTEGRATED CARE BOARD
2025-26,G81076,SALTDEAN AND ROTTINGDEAN MED PRACTICE,Y59,SOUTH EAST COMMISSIONING REGION,S9B9J,NHS SURREY AND SUSSEX INTEGRATED CARE BOARD
2025-26,G81085,FERRY ROAD HEALTH CENTRE,Y59,SOUTH EAST COMMISSIONING REGION,S9B9J,NHS SURREY AND SUSSEX INTEGRATED CARE BOARD
2025-26,G81088,WEALDEN RIDGE MEDICAL PARTNERSHIP,Y59,SOUTH EAST COMMISSIONING REGION,S9B9J,NHS SURREY AND SUSSEX INTEGRATED CARE BOARD
2025-26,G81102,BUXTED MEDICAL CENTRE,Y59,SOUTH EAST COMMISSIONING REGION,S9B9J,NHS SURREY AND SUSSEX INTEGRATED CARE BOARD
2025-26,G81614,GROOMBRIDGE AND HARTFIELD MEDICAL GROUP,Y59,SOUTH EAST COMMISSIONING REGION,S9B9J,NHS SURREY AND SUSSEX INTEGRATED CARE BOARD
2025-26,G81638,WELLBN HEALTHCARE,Y59,SOUTH EAST COMMISSIONING REGION,S9B9J,NHS SURREY AND SUSSEX INTEGRATED CARE BOARD
2025-26,G81656,REGENCY SURGERY,Y59,SOUTH EAST COMMISSIONING REGION,S9B9J,NHS SURREY AND SUSSEX INTEGRATED CARE BOARD
2025-26,G81694,SHIP STREET SURGERY,Y59,SOUTH EAST COMMISSIONING REGION,S9B9J,NHS SURREY AND SUSSEX INTEGRATED CARE BOARD
2025-26,G82013,AMHERST MEDICAL PRACTICE,Y59,SOUTH EAST COMMISSIONING REGION,QKS,NHS KENT AND MEDWAY INTEGRATED CARE BOARD
2025-26,G82014,WOODLANDS FAMILY PRACTICE,Y59,SOUTH EAST COMMISSIONING REGION,QKS,NHS KENT AND MEDWAY INTEGRATED CARE BOARD
2025-26,G82019,EDENBRIDGE MED PRACTICE,Y59,SOUTH EAST COMMISSIONING REGION,QKS,NHS KENT AND MEDWAY INTEGRATED CARE BOARD
2025-26,G82020,THE GRANGE PRACTICE,Y59,SOUTH EAST COMMISSIONING REGION,QKS,NHS KENT AND MEDWAY INTEGRATED CARE BOARD
2025-26,G82036,BALMORAL SURGERY,Y59,SOUTH EAST COMMISSIONING REGION,QKS,NHS KENT AND MEDWAY INTEGRATED CARE BOARD
2025-26,G82037,HILDENBOROUGH MEDICAL GROUP,Y59,SOUTH EAST COMMISSIONING REGION,QKS,NHS KENT AND MEDWAY INTEGRATED CARE BOARD
2025-26,G82044,SPRINGHEAD HEALTH,Y59,SOUTH EAST COMMISSIONING REGION,QKS,NHS KENT AND MEDWAY INTEGRATED CARE BOARD
2025-26,G82046,SUMMERHILL SURGERY,Y59,SOUTH EAST COMMISSIONING REGION,QKS,NHS KENT AND MEDWAY INTEGRATED CARE BOARD
2025-26,G82048,HORSMAN'S PLACE SURGERY,Y59,SOUTH EAST COMMISSIONING REGION,QKS,NHS KENT AND MEDWAY INTEGRATED CARE BOARD
2025-26,G82050,SYDENHAM HOUSE MEDICAL CENTRE,Y59,SOUTH EAST COMMISSIONING REGION,QKS,NHS KENT AND MEDWAY INTEGRATED CARE BOARD
2025-26,G82052,THE LIMES MEDICAL CENTRE,Y59,SOUTH EAST COMMISSIONING REGION,QKS,NHS KENT AND MEDWAY INTEGRATED CARE BOARD
2025-26,G82055,WEALD VIEW MEDICAL PRACTICE - HAWKHURST,Y59,SOUTH EAST COMMISSIONING REGION,QKS,NHS KENT AND MEDWAY INTEGRATED CARE BOARD
2025-26,G82071,WHITSTABLE MEDICAL PRACTICE,Y59,SOUTH EAST COMMISSIONING REGION,QKS,NHS KENT AND MEDWAY INTEGRATED CARE BOARD
2025-26,G82073,MEOPHAM MEDICAL CENTRE,Y59,SOUTH EAST COMMISSIONING REGION,QKS,NHS KENT AND MEDWAY INTEGRATED CARE BOARD
2025-26,G82077,THE ELMS MEDICAL CENTRE,Y59,SOUTH EAST COMMISSIONING REGION,QKS,NHS KENT AND MEDWAY INTEGRATED CARE BOARD
2025-26,G82079,WESTGATE SURGERY,Y59,SOUTH EAST COMMISSIONING REGION,QKS,NHS KENT AND MEDWAY INTEGRATED CARE BOARD
2025-26,G82085,SNODLAND MEDICAL PRACTICE,Y59,SOUTH EAST COMMISSIONING REGION,QKS,NHS KENT AND MEDWAY INTEGRATED CARE BOARD
2025-26,G82095,THORNDIKE PARTNERSHIP,Y59,SOUTH EAST COMMISSIONING REGION,QKS,NHS KENT AND MEDWAY INTEGRATED CARE BOARD
2025-26,G82100,HIGHPARKS MEDICAL PRACTICE,Y59,SOUTH EAST COMMISSIONING REGION,QKS,NHS KENT AND MEDWAY INTEGRATED CARE BOARD
2025-26,G82107,MINSTER SURGERY,Y59,SOUTH EAST COMMISSIONING REGION,QKS,NHS KENT AND MEDWAY INTEGRATED CARE BOARD
2025-26,G82108,KING GEORGE ROAD SURGERY,Y59,SOUTH EAST COMMISSIONING REGION,QKS,NHS KENT AND MEDWAY INTEGRATED CARE BOARD
2025-26,G82122,SWANSCOMBE HEALTH CENTRE,Y59,SOUTH EAST COMMISSIONING REGION,QKS,NHS KENT AND MEDWAY INTEGRATED CARE BOARD
2025-26,G82135,WEST MALLING GROUP PRACTICE,Y59,SOUTH EAST COMMISSIONING REGION,QKS,NHS KENT AND MEDWAY INTEGRATED CARE BOARD
2025-26,G82139,MAIDSTONE ROAD SURGERY,Y59,SOUTH EAST COMMISSIONING REGION,QKS,NHS KENT AND MEDWAY INTEGRATED CARE BOARD
2025-26,G82152,RUSTHALL MEDICAL PRACTICE,Y59,SOUTH EAST COMMISSIONING REGION,QKS,NHS KENT AND MEDWAY INTEGRATED CARE BOARD
2025-26,G82162,ORCHARD FAMILY PRACTICE,Y59,SOUTH EAST COMMISSIONING REGION,QKS,NHS KENT AND MEDWAY INTEGRATED CARE BOARD
2025-26,G82200,WATERINGBURY,Y59,SOUTH EAST COMMISSIONING REGION,QKS,NHS KENT AND MEDWAY INTEGRATED CARE BOARD
2025-26,G82215,MARDEN MEDICAL CENTRE,Y59,SOUTH EAST COMMISSIONING REGION,QKS,NHS KENT AND MEDWAY INTEGRATED CARE BOARD
2025-26,G82231,LONDON ROAD MEDICAL CENTRE,Y59,SOUTH EAST COMMISSIONING REGION,QKS,NHS KENT AND MEDWAY INTEGRATED CARE BOARD
2025-26,G82233,ST. WERBURGH MED.PRACTICE,Y59,SOUTH EAST COMMISSIONING REGION,QKS,NHS KENT AND MEDWAY INTEGRATED CARE BOARD
2025-26,G82234,PHOENIX MEDICAL PRACTICE,Y59,SOUTH EAST COMMISSIONING REGION,QKS,NHS KENT AND MEDWAY INTEGRATED CARE BOARD
2025-26,G82604,THE MEDICAL CENTRE GROUP,Y59,SOUTH EAST COMMISSIONING REGION,QKS,NHS KENT AND MEDWAY INTEGRATED CARE BOARD
2025-26,G82634,THE MEADS MEDICAL PRACTICE,Y59,SOUTH EAST COMMISSIONING REGION,QKS,NHS KENT AND MEDWAY INTEGRATED CARE BOARD
2025-26,G82635,PUMP LANE SURGERY,Y59,SOUTH EAST COMMISSIONING REGION,QKS,NHS KENT AND MEDWAY INTEGRATED CARE BOARD
2025-26,G82641,WALLIS AVENUE,Y59,SOUTH EAST COMMISSIONING REGION,QKS,NHS KENT AND MEDWAY INTEGRATED CARE BOARD
2025-26,G82648,ROCHESTER ROAD SURGERY,Y59,SOUTH EAST COMMISSIONING REGION,QKS,NHS KENT AND MEDWAY INTEGRATED CARE BOARD
2025-26,G82658,SELLINDGE SURGERY,Y59,SOUTH EAST COMMISSIONING REGION,QKS,NHS KENT AND MEDWAY INTEGRATED CARE BOARD
2025-26,G82679,APEX MEDICAL CENTRE,Y59,SOUTH EAST COMMISSIONING REGION,QKS,NHS KENT AND MEDWAY INTEGRATED CARE BOARD
2025-26,G82682,THE OM MEDICAL CENTRE,Y59,SOUTH EAST COMMISSIONING REGION,QKS,NHS KENT AND MEDWAY INTEGRATED CARE BOARD
2025-26,G82687,VEL SURGERY,Y59,SOUTH EAST COMMISSIONING REGION,QKS,NHS KENT AND MEDWAY INTEGRATED CARE BOARD
2025-26,G82691,LANGLEY,Y59,SOUTH EAST COMMISSIONING REGION,QKS,NHS KENT AND MEDWAY INTEGRATED CARE BOARD
2025-26,G82696,THE NEW GOLF ROAD SURGERY,Y59,SOUTH EAST COMMISSIONING REGION,QKS,NHS KENT AND MEDWAY INTEGRATED CARE BOARD
2025-26,G82697,THE CHURCHILL CLINIC,Y59,SOUTH EAST COMMISSIONING REGION,QKS,NHS KENT AND MEDWAY INTEGRATED CARE BOARD
2025-26,G82698,THE MEDIC CARE SURGERY,Y59,SOUTH EAST COMMISSIONING REGION,QKS,NHS KENT AND MEDWAY INTEGRATED CARE BOARD
2025-26,G82730,KINGSNORTH MEDICAL PRACTICE,Y59,SOUTH EAST COMMISSIONING REGION,QKS,NHS KENT AND MEDWAY INTEGRATED CARE BOARD
2025-26,G82790,OLD SCHOOL SURGERY,Y59,SOUTH EAST COMMISSIONING REGION,QKS,NHS KENT AND MEDWAY INTEGRATED CARE BOARD
2025-26,G82796,BROADSTAIRS MEDICAL PRACTICE,Y59,SOUTH EAST COMMISSIONING REGION,QKS,NHS KENT AND MEDWAY INTEGRATED CARE BOARD
2025-26,G82809,DOWNS WAY MEDICAL PRACTICE,Y59,SOUTH EAST COMMISSIONING REGION,QKS,NHS KENT AND MEDWAY INTEGRATED CARE BOARD
2025-26,G82888,SOUTH PARK MEDICAL PRACTICE,Y59,SOUTH EAST COMMISSIONING REGION,QKS,NHS KENT AND MEDWAY INTEGRATED CARE BOARD
2025-26,G83019,PLUMSTEAD H/C PMS,Y56,LONDON COMMISSIONING REGION,QKK,NHS SOUTH EAST LONDON INTEGRATED CARE BOARD
2025-26,G83025,WELLING MEDICAL PRACTICE,Y56,LONDON COMMISSIONING REGION,QKK,NHS SOUTH EAST LONDON INTEGRATED CARE BOARD
2025-26,G83029,PLAS MEDDYG SURGERY,Y56,LONDON COMMISSIONING REGION,QKK,NHS SOUTH EAST LONDON INTEGRATED CARE BOARD
2025-26,G83052,BELVEDERE MEDICAL CENTRE,Y56,LONDON COMMISSIONING REGION,QKK,NHS SOUTH EAST LONDON INTEGRATED CARE BOARD
2025-26,G83067,VALENTINE HEALTH PARTNERSHIP,Y56,LONDON COMMISSIONING REGION,QKK,NHS SOUTH EAST LONDON INTEGRATED CARE BOARD
2025-26,G83635,WAVERLEY PMS,Y56,LONDON COMMISSIONING REGION,QKK,NHS SOUTH EAST LONDON INTEGRATED CARE BOARD
2025-26,G83641,PLUMBRIDGE MEDICAL CENTRE,Y56,LONDON COMMISSIONING REGION,QKK,NHS SOUTH EAST LONDON INTEGRATED CARE BOARD
2025-26,G83647,PLUMSTEAD AND WICKHAM LANE SURGERY,Y56,LONDON COMMISSIONING REGION,QKK,NHS SOUTH EAST LONDON INTEGRATED CARE BOARD
2025-26,G84005,DERRY DOWNS SURGERY,Y56,LONDON COMMISSIONING REGION,QKK,NHS SOUTH EAST LONDON INTEGRATED CARE BOARD
2025-26,G84009,FAMILY SURGERY,Y56,LONDON COMMISSIONING REGION,QKK,NHS SOUTH EAST LONDON INTEGRATED CARE BOARD
2025-26,G84015,STATION ROAD SURGERY,Y56,LONDON COMMISSIONING REGION,QKK,NHS SOUTH EAST LONDON INTEGRATED CARE BOARD
2025-26,G84016,LONDON LANE CLINIC,Y56,LONDON COMMISSIONING REGION,QKK,NHS SOUTH EAST LONDON INTEGRATED CARE BOARD
2025-26,G84017,ADDINGTON ROAD SURGERY,Y56,LONDON COMMISSIONING REGION,QKK,NHS SOUTH EAST LONDON INTEGRATED CARE BOARD
2025-26,G84020,CHELSFIELD SURGERY,Y56,LONDON COMMISSIONING REGION,QKK,NHS SOUTH EAST LONDON INTEGRATED CARE BOARD
2025-26,G84025,THE PARK PRACTICE,Y56,LONDON COMMISSIONING REGION,QKK,NHS SOUTH EAST LONDON INTEGRATED CARE BOARD
2025-26,G84028,ST JAMES' PRACTICE,Y56,LONDON COMMISSIONING REGION,QKK,NHS SOUTH EAST LONDON INTEGRATED CARE BOARD
2025-26,G84029,ROBIN HOOD SURGERY,Y56,LONDON COMMISSIONING REGION,QKK,NHS SOUTH EAST LONDON INTEGRATED CARE BOARD
2025-26,G84030,FORGE CLOSE SURGERY,Y56,LONDON COMMISSIONING REGION,QKK,NHS SOUTH EAST LONDON INTEGRATED CARE BOARD
2025-26,G84033,PICKHURST SURGERY,Y56,LONDON COMMISSIONING REGION,QKK,NHS SOUTH EAST LONDON INTEGRATED CARE BOARD
2025-26,G84609,BANK HOUSE SURGERY,Y56,LONDON COMMISSIONING REGION,QKK,NHS SOUTH EAST LONDON INTEGRATED CARE BOARD
2025-26,G84624,ANERLEY SURGERY,Y56,LONDON COMMISSIONING REGION,QKK,NHS SOUTH EAST LONDON INTEGRATED CARE BOARD
2025-26,G84629,SUNDRIDGE MEDICAL CENTRE,Y56,LONDON COMMISSIONING REGION,QKK,NHS SOUTH EAST LONDON INTEGRATED CARE BOARD
2025-26,G85014,STREATHAM COMMON PRACTICE,Y56,LONDON COMMISSIONING REGION,QKK,NHS SOUTH EAST LONDON INTEGRATED CARE BOARD
2025-26,G85019,TRAFALGAR SURGERY,Y56,LONDON COMMISSIONING REGION,QKK,NHS SOUTH EAST LONDON INTEGRATED CARE BOARD
2025-26,G85021,PRENTIS MEDICAL CENTRE,Y56,LONDON COMMISSIONING REGION,QKK,NHS SOUTH EAST LONDON INTEGRATED CARE BOARD
2025-26,G85023,LEWISHAM MEDICAL CENTRE,Y56,LONDON COMMISSIONING REGION,QKK,NHS SOUTH EAST LONDON INTEGRATED CARE BOARD
2025-26,G85041,PALACE ROAD SURGERY,Y56,LONDON COMMISSIONING REGION,QKK,NHS SOUTH EAST LONDON INTEGRATED CARE BOARD
2025-26,G85046,LEE ROAD SURGERY,Y56,LONDON COMMISSIONING REGION,QKK,NHS SOUTH EAST LONDON INTEGRATED CARE BOARD
2025-26,G85057,ASHDOWN MEDICAL GROUP,Y56,LONDON COMMISSIONING REGION,QKK,NHS SOUTH EAST LONDON INTEGRATED CARE BOARD
2025-26,G85084,PENROSE SURGERY,Y56,LONDON COMMISSIONING REGION,QKK,NHS SOUTH EAST LONDON INTEGRATED CARE BOARD
2025-26,G85085,GROVE MEDICAL CENTRE,Y56,LONDON COMMISSIONING REGION,QKK,NHS SOUTH EAST LONDON INTEGRATED CARE BOARD
2025-26,G85086,THE SOUTH LAMBETH RD PRACTICE,Y56,LONDON COMMISSIONING REGION,QKK,NHS SOUTH EAST LONDON INTEGRATED CARE BOARD
2025-26,G85119,STERNHALL LANE SURGERY,Y56,LONDON COMMISSIONING REGION,QKK,NHS SOUTH EAST LONDON INTEGRATED CARE BOARD
2025-26,G85137,BROCKWELL PARK SURGERY,Y56,LONDON COMMISSIONING REGION,QKK,NHS SOUTH EAST LONDON INTEGRATED CARE BOARD
2025-26,G85647,THE EXCHANGE SURGERY,Y56,LONDON COMMISSIONING REGION,QKK,NHS SOUTH EAST LONDON INTEGRATED CARE BOARD
2025-26,G85706,THE OLD DAIRY HEALTH CENTRE,Y56,LONDON COMMISSIONING REGION,QKK,NHS SOUTH EAST LONDON INTEGRATED CARE BOARD
2025-26,G85727,NIGHTINGALE SURGERY,Y56,LONDON COMMISSIONING REGION,QKK,NHS SOUTH EAST LONDON INTEGRATED CARE BOARD
2025-26,G85736,DEPTFORD MEDICAL CENTRE,Y56,LONDON COMMISSIONING REGION,QKK,NHS SOUTH EAST LONDON INTEGRATED CARE BOARD
2025-26,H81005,POND TAIL SURGERY,Y59,SOUTH EAST COMMISSIONING REGION,S9B9J,NHS SURREY AND SUSSEX INTEGRATED CARE BOARD
2025-26,H81010,GUILDOWNS GROUP PRACTICE,Y59,SOUTH EAST COMMISSIONING REGION,S9B9J,NHS SURREY AND SUSSEX INTEGRATED CARE BOARD
2025-26,H81017,ASHLEA MEDICAL PRACTICE,Y59,SOUTH EAST COMMISSIONING REGION,S9B9J,NHS SURREY AND SUSSEX INTEGRATED CARE BOARD
2025-26,H81020,FORT HOUSE SURGERY,Y59,SOUTH EAST COMMISSIONING REGION,S9B9J,NHS SURREY AND SUSSEX INTEGRATED CARE BOARD
2025-26,H81024,GOLDSWORTH PARK HEALTH CENTRE,Y59,SOUTH EAST COMMISSIONING REGION,S9B9J,NHS SURREY AND SUSSEX INTEGRATED CARE BOARD
2025-26,H81026,BINSCOMBE MEDICAL CENTRE,Y59,SOUTH EAST COMMISSIONING REGION,S9B9J,NHS SURREY AND SUSSEX INTEGRATED CARE BOARD
2025-26,H81032,HEATHCOT MEDICAL PRACTICE,Y59,SOUTH EAST COMMISSIONING REGION,S9B9J,NHS SURREY AND SUSSEX INTEGRATED CARE BOARD
2025-26,H81033,CHERTSEY HEALTH CENTRE,Y59,SOUTH EAST COMMISSIONING REGION,S9B9J,NHS SURREY AND SUSSEX INTEGRATED CARE BOARD
2025-26,H81040,STATION ROAD SURGERY,Y59,SOUTH EAST COMMISSIONING REGION,S9B9J,NHS SURREY AND SUSSEX INTEGRATED CARE BOARD
2025-26,H81041,SOUTHVIEW MEDICAL PRACTICE,Y59,SOUTH EAST COMMISSIONING REGION,S9B9J,NHS SURREY AND SUSSEX INTEGRATED CARE BOARD
2025-26,H81055,HAWTHORNS SURGERY,Y59,SOUTH EAST COMMISSIONING REGION,S9B9J,NHS SURREY AND SUSSEX INTEGRATED CARE BOARD
2025-26,H81056,OXTED HEALTH CENTRE,Y59,SOUTH EAST COMMISSIONING REGION,S9B9J,NHS SURREY AND SUSSEX INTEGRATED CARE BOARD
2025-26,H81058,WOODLANDS ROAD MEDICAL CENTRE,Y59,SOUTH EAST COMMISSIONING REGION,S9B9J,NHS SURREY AND SUSSEX INTEGRATED CARE BOARD
2025-26,H81064,FAIRLANDS MEDICAL PRACTICE,Y59,SOUTH EAST COMMISSIONING REGION,S9B9J,NHS SURREY AND SUSSEX INTEGRATED CARE BOARD
2025-26,H81065,HERSHAM SURGERY,Y59,SOUTH EAST COMMISSIONING REGION,S9B9J,NHS SURREY AND SUSSEX INTEGRATED CARE BOARD
2025-26,H81066,GROVE MEDICAL CENTRE,Y59,SOUTH EAST COMMISSIONING REGION,S9B9J,NHS SURREY AND SUSSEX INTEGRATED CARE BOARD
2025-26,H81073,PHOENIX FAMILY PRACTICE,Y59,SOUTH EAST COMMISSIONING REGION,S9B9J,NHS SURREY AND SUSSEX INTEGRATED CARE BOARD
2025-26,H81090,WOODBRIDGE HILL SURGERY,Y59,SOUTH EAST COMMISSIONING REGION,S9B9J,NHS SURREY AND SUSSEX INTEGRATED CARE BOARD
2025-26,H81119,WARLINGHAM GREEN MED PRAC,Y59,SOUTH EAST COMMISSIONING REGION,S9B9J,NHS SURREY AND SUSSEX INTEGRATED CARE BOARD
2025-26,H81122,HYTHE MEDICAL CENTRE SURGERY,Y59,SOUTH EAST COMMISSIONING REGION,S9B9J,NHS SURREY AND SUSSEX INTEGRATED CARE BOARD
2025-26,H81128,VINE MEDICAL CENTRE,Y59,SOUTH EAST COMMISSIONING REGION,S9B9J,NHS SURREY AND SUSSEX INTEGRATED CARE BOARD
2025-26,H81133,INTEGRATED CARE PARTNERSHIP - OCH,Y59,SOUTH EAST COMMISSIONING REGION,S9B9J,NHS SURREY AND SUSSEX INTEGRATED CARE BOARD
2025-26,H81615,FARNHAM DENE MEDICAL PRACTICE,Y59,SOUTH EAST COMMISSIONING REGION,S9B9J,NHS SURREY AND SUSSEX INTEGRATED CARE BOARD
2025-26,H81641,THE PRACTICE COLLEGE ROAD,Y59,SOUTH EAST COMMISSIONING REGION,S9B9J,NHS SURREY AND SUSSEX INTEGRATED CARE BOARD
2025-26,H81642,UPPER HALLIFORD MEDICAL CENTRE,Y59,SOUTH EAST COMMISSIONING REGION,S9B9J,NHS SURREY AND SUSSEX INTEGRATED CARE BOARD
2025-26,H81643,MAYBURY SURGERY,Y59,SOUTH EAST COMMISSIONING REGION,S9B9J,NHS SURREY AND SUSSEX INTEGRATED CARE BOARD
2025-26,H81656,SHADBOLT PARK HOUSE SURG,Y59,SOUTH EAST COMMISSIONING REGION,S9B9J,NHS SURREY AND SUSSEX INTEGRATED CARE BOARD
2025-26,H82034,LIME TREE SURGERY,Y59,SOUTH EAST COMMISSIONING REGION,S9B9J,NHS SURREY AND SUSSEX INTEGRATED CARE BOARD
2025-26,H82037,SELSEY MEDICAL PRACTICE,Y59,SOUTH EAST COMMISSIONING REGION,S9B9J,NHS SURREY AND SUSSEX INTEGRATED CARE BOARD
2025-26,H82038,FLANSHAM PARK HEALTH CENTRE,Y59,SOUTH EAST COMMISSIONING REGION,S9B9J,NHS SURREY AND SUSSEX INTEGRATED CARE BOARD
2025-26,H82049,PARKLANDS SURGERY,Y59,SOUTH EAST COMMISSIONING REGION,S9B9J,NHS SURREY AND SUSSEX INTEGRATED CARE BOARD
2025-26,H82052,POUND HILL MEDICAL GROUP,Y59,SOUTH EAST COMMISSIONING REGION,S9B9J,NHS SURREY AND SUSSEX INTEGRATED CARE BOARD
2025-26,H82055,BILLINGSHURST SURGERY,Y59,SOUTH EAST COMMISSIONING REGION,S9B9J,NHS SURREY AND SUSSEX INTEGRATED CARE BOARD
2025-26,H82059,WILLOW GREEN SURGERY,Y59,SOUTH EAST COMMISSIONING REGION,S9B9J,NHS SURREY AND SUSSEX INTEGRATED CARE BOARD
2025-26,H82060,HENFIELD MEDICAL CENTRE,Y59,SOUTH EAST COMMISSIONING REGION,S9B9J,NHS SURREY AND SUSSEX INTEGRATED CARE BOARD
2025-26,H82066,FITZALAN MEDICAL GROUP,Y59,SOUTH EAST COMMISSIONING REGION,S9B9J,NHS SURREY AND SUSSEX INTEGRATED CARE BOARD
2025-26,H82067,TANGMERE MEDICAL CENTRE,Y59,SOUTH EAST COMMISSIONING REGION,S9B9J,NHS SURREY AND SUSSEX INTEGRATED CARE BOARD
2025-26,H82070,GLEBE SURGERY,Y59,SOUTH EAST COMMISSIONING REGION,S9B9J,NHS SURREY AND SUSSEX INTEGRATED CARE BOARD
2025-26,H82072,SILVERDALE PRACTICE,Y59,SOUTH EAST COMMISSIONING REGION,S9B9J,NHS SURREY AND SUSSEX INTEGRATED CARE BOARD
2025-26,H82091,NEW POND ROW SURGERY,Y59,SOUTH EAST COMMISSIONING REGION,S9B9J,NHS SURREY AND SUSSEX INTEGRATED CARE BOARD
2025-26,H82615,OUSE VALLEY PRACTICE,Y59,SOUTH EAST COMMISSIONING REGION,S9B9J,NHS SURREY AND SUSSEX INTEGRATED CARE BOARD
2025-26,H83009,NORBURY MEDICAL PRACTICE,Y56,LONDON COMMISSIONING REGION,QWE,NHS SOUTH WEST LONDON INTEGRATED CARE BOARD
2025-26,H83010,SOUTH NORWOOD HILL MEDICAL CENTRE,Y56,LONDON COMMISSIONING REGION,QWE,NHS SOUTH WEST LONDON INTEGRATED CARE BOARD
2025-26,H83019,FRIENDS ROAD MEDICAL PRACTICE,Y56,LONDON COMMISSIONING REGION,QWE,NHS SOUTH WEST LONDON INTEGRATED CARE BOARD
2025-26,H83021,LONDON ROAD MEDICAL PRACTICE,Y56,LONDON COMMISSIONING REGION,QWE,NHS SOUTH WEST LONDON INTEGRATED CARE BOARD
2025-26,H83028,ADDINGTON MEDICAL PRACTICE,Y56,LONDON COMMISSIONING REGION,QWE,NHS SOUTH WEST LONDON INTEGRATED CARE BOARD
2025-26,H83034,WHITEHORSE PRACTICE,Y56,LONDON COMMISSIONING REGION,QWE,NHS SOUTH WEST LONDON INTEGRATED CARE BOARD
2025-26,H83609,MERSHAM MEDICAL CENTRE,Y56,LONDON COMMISSIONING REGION,QWE,NHS SOUTH WEST LONDON INTEGRATED CARE BOARD
2025-26,H83611,SELHURST MEDICAL CENTRE,Y56,LONDON COMMISSIONING REGION,QWE,NHS SOUTH WEST LONDON INTEGRATED CARE BOARD
2025-26,H84005,PARKSHOT MEDICAL PRACTICE,Y56,LONDON COMMISSIONING REGION,QWE,NHS SOUTH WEST LONDON INTEGRATED CARE BOARD
2025-26,H84010,CANBURY MEDICAL CENTRE,Y56,LONDON COMMISSIONING REGION,QWE,NHS SOUTH WEST LONDON INTEGRATED CARE BOARD
2025-26,H84012,YORK MEDICAL PRACTICE,Y56,LONDON COMMISSIONING REGION,QWE,NHS SOUTH WEST LONDON INTEGRATED CARE BOARD
2025-26,H84017,SEYMOUR HOUSE SURGERY,Y56,LONDON COMMISSIONING REGION,QWE,NHS SOUTH WEST LONDON INTEGRATED CARE BOARD
2025-26,H84032,HAMPTON WICK SURGERY,Y56,LONDON COMMISSIONING REGION,QWE,NHS SOUTH WEST LONDON INTEGRATED CARE BOARD
2025-26,H84048,TWICKENHAM PARK SURGERY,Y56,LONDON COMMISSIONING REGION,QWE,NHS SOUTH WEST LONDON INTEGRATED CARE BOARD
2025-26,H84619,CLAREMONT MEDICAL CENTRE,Y56,LONDON COMMISSIONING REGION,QWE,NHS SOUTH WEST LONDON INTEGRATED CARE BOARD
2025-26,H84630,CRANE PARK SURGERY,Y56,LONDON COMMISSIONING REGION,QWE,NHS SOUTH WEST LONDON INTEGRATED CARE BOARD
2025-26,H84635,MANOR DRIVE MEDICAL CENTRE,Y56,LONDON COMMISSIONING REGION,QWE,NHS SOUTH WEST LONDON INTEGRATED CARE BOARD
2025-26,H85003,QUEENSTOWN ROAD MEDICAL PRACTICE,Y56,LONDON COMMISSIONING REGION,QWE,NHS SOUTH WEST LONDON INTEGRATED CARE BOARD
2025-26,H85007,SOUTHFIELDS GROUP PRACTICE,Y56,LONDON COMMISSIONING REGION,QWE,NHS SOUTH WEST LONDON INTEGRATED CARE BOARD
2025-26,H85009,BEDFORD HILL FAMILY PRACTICE,Y56,LONDON COMMISSIONING REGION,QWE,NHS SOUTH WEST LONDON INTEGRATED CARE BOARD
2025-26,H85012,PUTNEYMEAD GROUP MEDICAL PRACTICE,Y56,LONDON COMMISSIONING REGION,QWE,NHS SOUTH WEST LONDON INTEGRATED CARE BOARD
2025-26,H85018,MULGRAVE ROAD SURGERY,Y56,LONDON COMMISSIONING REGION,QWE,NHS SOUTH WEST LONDON INTEGRATED CARE BOARD
2025-26,H85023,BISHOPSFORD ROAD MEDICAL CENTRE,Y56,LONDON COMMISSIONING REGION,QWE,NHS SOUTH WEST LONDON INTEGRATED CARE BOARD
2025-26,H85026,FRANCIS GROVE SURGERY,Y56,LONDON COMMISSIONING REGION,QWE,NHS SOUTH WEST LONDON INTEGRATED CARE BOARD
2025-26,H85027,WIMBLEDON VILLAGE SURGERY,Y56,LONDON COMMISSIONING REGION,QWE,NHS SOUTH WEST LONDON INTEGRATED CARE BOARD
2025-26,H85028,WIMBLEDON MEDICAL PRACTICE,Y56,LONDON COMMISSIONING REGION,QWE,NHS SOUTH WEST LONDON INTEGRATED CARE BOARD
2025-26,H85030,OLD COURT HOUSE SURGERY,Y56,LONDON COMMISSIONING REGION,QWE,NHS SOUTH WEST LONDON INTEGRATED CARE BOARD
2025-26,H85045,BRIDGE LANE GROUP PRACTICE,Y56,LONDON COMMISSIONING REGION,QWE,NHS SOUTH WEST LONDON INTEGRATED CARE BOARD
2025-26,H85057,ELBOROUGH STREET SURGERY,Y56,LONDON COMMISSIONING REGION,QWE,NHS SOUTH WEST LONDON INTEGRATED CARE BOARD
2025-26,H85065,ALTON PRACTICE,Y56,LONDON COMMISSIONING REGION,QWE,NHS SOUTH WEST LONDON INTEGRATED CARE BOARD
2025-26,H85067,DANEBURY AVENUE SURGERY,Y56,LONDON COMMISSIONING REGION,QWE,NHS SOUTH WEST LONDON INTEGRATED CARE BOARD
2025-26,H85070,CENTRAL MEDICAL CENTRE,Y56,LONDON COMMISSIONING REGION,QWE,NHS SOUTH WEST LONDON INTEGRATED CARE BOARD
2025-26,H85075,HAIDER PRACTICE,Y56,LONDON COMMISSIONING REGION,QWE,NHS SOUTH WEST LONDON INTEGRATED CARE BOARD
2025-26,H85078,MITCHAM FAMILY PRACTICE,Y56,LONDON COMMISSIONING REGION,QWE,NHS SOUTH WEST LONDON INTEGRATED CARE BOARD
2025-26,H85092,RIVERHOUSE MEDICAL PRACTICE,Y56,LONDON COMMISSIONING REGION,QWE,NHS SOUTH WEST LONDON INTEGRATED CARE BOARD
2025-26,H85618,JAMES O'RIORDAN MEDICAL CENTRE,Y56,LONDON COMMISSIONING REGION,QWE,NHS SOUTH WEST LONDON INTEGRATED CARE BOARD
2025-26,H85634,MERTON MEDICAL PRACTICE,Y56,LONDON COMMISSIONING REGION,QWE,NHS SOUTH WEST LONDON INTEGRATED CARE BOARD
2025-26,H85637,BALHAM HEALTH CENTRE,Y56,LONDON COMMISSIONING REGION,QWE,NHS SOUTH WEST LONDON INTEGRATED CARE BOARD
2025-26,H85649,COLLIERS WOOD SURGERY,Y56,LONDON COMMISSIONING REGION,QWE,NHS SOUTH WEST LONDON INTEGRATED CARE BOARD
2025-26,H85659,ST JOHNS HILL SURGERY,Y56,LONDON COMMISSIONING REGION,QWE,NHS SOUTH WEST LONDON INTEGRATED CARE BOARD
2025-26,H85680,TOOTING SOUTH MEDICAL CENTRE,Y56,LONDON COMMISSIONING REGION,QWE,NHS SOUTH WEST LONDON INTEGRATED CARE BOARD
2025-26,H85693,CIRCLE GP SURGERY,Y56,LONDON COMMISSIONING REGION,QWE,NHS SOUTH WEST LONDON INTEGRATED CARE BOARD
2025-26,J81002,ORCHID HOUSE SURGERY,Y58,SOUTH WEST COMMISSIONING REGION,QVV,NHS DORSET INTEGRATED CARE BOARD
2025-26,J81009,ROYAL MANOR HEALTH CARE,Y58,SOUTH WEST COMMISSIONING REGION,QVV,NHS DORSET INTEGRATED CARE BOARD
2025-26,J81010,SWANAGE MEDICAL PRACTICE,Y58,SOUTH WEST COMMISSIONING REGION,QVV,NHS DORSET INTEGRATED CARE BOARD
2025-26,J81017,YETMINSTER HEALTH CENTRE,Y58,SOUTH WEST COMMISSIONING REGION,QVV,NHS DORSET INTEGRATED CARE BOARD
2025-26,J81019,THE BLANDFORD GROUP PRACTICE,Y58,SOUTH WEST COMMISSIONING REGION,QVV,NHS DORSET INTEGRATED CARE BOARD
2025-26,J81022,WEST MOORS VILLAGE SURGERY,Y58,SOUTH WEST COMMISSIONING REGION,QVV,NHS DORSET INTEGRATED CARE BOARD
2025-26,J81025,THE WELLBRIDGE PRACTICE,Y58,SOUTH WEST COMMISSIONING REGION,QVV,NHS DORSET INTEGRATED CARE BOARD
2025-26,J81028,HIGHCLIFFE MEDICAL CENTRE,Y58,SOUTH WEST COMMISSIONING REGION,QVV,NHS DORSET INTEGRATED CARE BOARD
2025-26,J81034,THE QUARTER JACK SURGERY,Y58,SOUTH WEST COMMISSIONING REGION,QVV,NHS DORSET INTEGRATED CARE BOARD
2025-26,J81036,THE ROSEMARY HEALTH CTR,Y58,SOUTH WEST COMMISSIONING REGION,QVV,NHS DORSET INTEGRATED CARE BOARD
2025-26,J81041,THE HADLEIGH PRACTICE,Y58,SOUTH WEST COMMISSIONING REGION,QVV,NHS DORSET INTEGRATED CARE BOARD
2025-26,J81042,VILLAGE SURGERY,Y58,SOUTH WEST COMMISSIONING REGION,QVV,NHS DORSET INTEGRATED CARE BOARD
2025-26,J81046,THE HARVEY PRACTICE,Y58,SOUTH WEST COMMISSIONING REGION,QVV,NHS DORSET INTEGRATED CARE BOARD
2025-26,J81051,WYKE REGIS & LANEHOUSE MEDICAL PRACTICE,Y58,SOUTH WEST COMMISSIONING REGION,QVV,NHS DORSET INTEGRATED CARE BOARD
2025-26,J81056,CHRISTCHURCH MEDICAL PRACTICE,Y58,SOUTH WEST COMMISSIONING REGION,QVV,NHS DORSET INTEGRATED CARE BOARD
2025-26,J81066,STOUR SURGERY,Y58,SOUTH WEST COMMISSIONING REGION,QVV,NHS DORSET INTEGRATED CARE BOARD
2025-26,J81067,LITTLEDOWN SURGERY,Y58,SOUTH WEST COMMISSIONING REGION,QVV,NHS DORSET INTEGRATED CARE BOARD
2025-26,J81616,PUDDLETOWN SURGERY,Y58,SOUTH WEST COMMISSIONING REGION,QVV,NHS DORSET INTEGRATED CARE BOARD
2025-26,J81621,THE BARCELLOS FAMILY PRACTICE,Y58,SOUTH WEST COMMISSIONING REGION,QVV,NHS DORSET INTEGRATED CARE BOARD
2025-26,J81625,DENMARK ROAD MEDICAL CENTRE,Y58,SOUTH WEST COMMISSIONING REGION,QVV,NHS DORSET INTEGRATED CARE BOARD
2025-26,J81626,FORDINGTON SURGERY,Y58,SOUTH WEST COMMISSIONING REGION,QVV,NHS DORSET INTEGRATED CARE BOARD
2025-26,J81646,GROVE SURGERY,Y58,SOUTH WEST COMMISSIONING REGION,QVV,NHS DORSET INTEGRATED CARE BOARD
2025-26,J81648,THE NEWMAN PRACTICE (DR NEWMANS SURGERY),Y58,SOUTH WEST COMMISSIONING REGION,QVV,NHS DORSET INTEGRATED CARE BOARD
2025-26,J82034,WICKHAM SURGERY,Y59,SOUTH EAST COMMISSIONING REGION,QRL,NHS HAMPSHIRE AND ISLE OF WIGHT INTEGRATED CARE BOARD
2025-26,J82036,WEST MEON SURGERY,Y59,SOUTH EAST COMMISSIONING REGION,QRL,NHS HAMPSHIRE AND ISLE OF WIGHT INTEGRATED CARE BOARD
2025-26,J82050,ST PAUL'S SURGERY,Y59,SOUTH EAST COMMISSIONING REGION,QRL,NHS HAMPSHIRE AND ISLE OF WIGHT INTEGRATED CARE BOARD
2025-26,J82059,THE WATERCRESS MEDICAL GROUP,Y59,SOUTH EAST COMMISSIONING REGION,QRL,NHS HAMPSHIRE AND ISLE OF WIGHT INTEGRATED CARE BOARD
2025-26,J82073,KIRKLANDS SURGERY,Y59,SOUTH EAST COMMISSIONING REGION,QRL,NHS HAMPSHIRE AND ISLE OF WIGHT INTEGRATED CARE BOARD
2025-26,J82080,UNIVERSITY HEALTH SERVICE SOUTHAMPTON,Y59,SOUTH EAST COMMISSIONING REGION,QRL,NHS HAMPSHIRE AND ISLE OF WIGHT INTEGRATED CARE BOARD
2025-26,J82082,SHEPHERDS SPRING MEDICAL CENTRE,Y59,SOUTH EAST COMMISSIONING REGION,QRL,NHS HAMPSHIRE AND ISLE OF WIGHT INTEGRATED CARE BOARD
2025-26,J82101,THE PEARTREE PRACTICE,Y59,SOUTH EAST COMMISSIONING REGION,QRL,NHS HAMPSHIRE AND ISLE OF WIGHT INTEGRATED CARE BOARD
2025-26,J82102,THE DRAYTON SURGERY,Y59,SOUTH EAST COMMISSIONING REGION,QRL,NHS HAMPSHIRE AND ISLE OF WIGHT INTEGRATED CARE BOARD
2025-26,J82104,STUBBINGTON MEDICAL PRACTICE,Y59,SOUTH EAST COMMISSIONING REGION,QRL,NHS HAMPSHIRE AND ISLE OF WIGHT INTEGRATED CARE BOARD
2025-26,J82110,HART HEALTH PARTNERSHIP,Y59,SOUTH EAST COMMISSIONING REGION,QRL,NHS HAMPSHIRE AND ISLE OF WIGHT INTEGRATED CARE BOARD
2025-26,J82115,ATHERLEY HOUSE SURGERY,Y59,SOUTH EAST COMMISSIONING REGION,QRL,NHS HAMPSHIRE AND ISLE OF WIGHT INTEGRATED CARE BOARD
2025-26,J82116,TWYFORD SURGERY,Y59,SOUTH EAST COMMISSIONING REGION,QRL,NHS HAMPSHIRE AND ISLE OF WIGHT INTEGRATED CARE BOARD
2025-26,J82121,NORTH BADDESLEY SURGERY,Y59,SOUTH EAST COMMISSIONING REGION,QRL,NHS HAMPSHIRE AND ISLE OF WIGHT INTEGRATED CARE BOARD
2025-26,J82125,JENNER HOUSE SURGERY,Y59,SOUTH EAST COMMISSIONING REGION,QRL,NHS HAMPSHIRE AND ISLE OF WIGHT INTEGRATED CARE BOARD
2025-26,J82131,FORDINGBRIDGE SURGERY,Y59,SOUTH EAST COMMISSIONING REGION,QRL,NHS HAMPSHIRE AND ISLE OF WIGHT INTEGRATED CARE BOARD
2025-26,J82132,TESTVALE SURGERY,Y59,SOUTH EAST COMMISSIONING REGION,QRL,NHS HAMPSHIRE AND ISLE OF WIGHT INTEGRATED CARE BOARD
2025-26,J82134,VINE MEDICAL GROUP,Y59,SOUTH EAST COMMISSIONING REGION,QRL,NHS HAMPSHIRE AND ISLE OF WIGHT INTEGRATED CARE BOARD
2025-26,J82152,BRIDGEMARY MEDICAL CENTRE,Y59,SOUTH EAST COMMISSIONING REGION,QRL,NHS HAMPSHIRE AND ISLE OF WIGHT INTEGRATED CARE BOARD
2025-26,J82155,PORTSDOWN GROUP PRACTICE,Y59,SOUTH EAST COMMISSIONING REGION,QRL,NHS HAMPSHIRE AND ISLE OF WIGHT INTEGRATED CARE BOARD
2025-26,J82169,BOYATT WOOD SURGERY,Y59,SOUTH EAST COMMISSIONING REGION,QRL,NHS HAMPSHIRE AND ISLE OF WIGHT INTEGRATED CARE BOARD
2025-26,J82198,THE WELLINGTON PRACTICE,Y59,SOUTH EAST COMMISSIONING REGION,QRL,NHS HAMPSHIRE AND ISLE OF WIGHT INTEGRATED CARE BOARD
2025-26,J82215,SOLENT VIEW MEDICAL PRACTICE,Y59,SOUTH EAST COMMISSIONING REGION,QRL,NHS HAMPSHIRE AND ISLE OF WIGHT INTEGRATED CARE BOARD
2025-26,J82622,LIVING WELL PARTNERSHIP,Y59,SOUTH EAST COMMISSIONING REGION,QRL,NHS HAMPSHIRE AND ISLE OF WIGHT INTEGRATED CARE BOARD
2025-26,J83004,WHITEPARISH SURGERY,Y58,SOUTH WEST COMMISSIONING REGION,QOX,"NHS BATH AND NORTH EAST SOMERSET, SWINDON AND WILTSHIRE INTEGRATED CARE BOARD"
2025-26,J83006,PURTON SURGERY,Y58,SOUTH WEST COMMISSIONING REGION,QOX,"NHS BATH AND NORTH EAST SOMERSET, SWINDON AND WILTSHIRE INTEGRATED CARE BOARD"
2025-26,J83008,LOVEMEAD GROUP PRACTICE,Y58,SOUTH WEST COMMISSIONING REGION,QOX,"NHS BATH AND NORTH EAST SOMERSET, SWINDON AND WILTSHIRE INTEGRATED CARE BOARD"
2025-26,J83010,PORCH SURGERY,Y58,SOUTH WEST COMMISSIONING REGION,QOX,"NHS BATH AND NORTH EAST SOMERSET, SWINDON AND WILTSHIRE INTEGRATED CARE BOARD"
2025-26,J83014,CASTLE PRACTICE,Y58,SOUTH WEST COMMISSIONING REGION,QOX,"NHS BATH AND NORTH EAST SOMERSET, SWINDON AND WILTSHIRE INTEGRATED CARE BOARD"
2025-26,J83018,AVENUE SURGERY,Y58,SOUTH WEST COMMISSIONING REGION,QOX,"NHS BATH AND NORTH EAST SOMERSET, SWINDON AND WILTSHIRE INTEGRATED CARE BOARD"
2025-26,J83019,THE ORCHARD PARTNERSHIP,Y58,SOUTH WEST COMMISSIONING REGION,QOX,"NHS BATH AND NORTH EAST SOMERSET, SWINDON AND WILTSHIRE INTEGRATED CARE BOARD"
2025-26,J83023,AVON VALLEY PRACTICE,Y58,SOUTH WEST COMMISSIONING REGION,QOX,"NHS BATH AND NORTH EAST SOMERSET, SWINDON AND WILTSHIRE INTEGRATED CARE BOARD"
2025-26,J83024,PRIORY ROAD MEDICAL CENTRE,Y58,SOUTH WEST COMMISSIONING REGION,QOX,"NHS BATH AND NORTH EAST SOMERSET, SWINDON AND WILTSHIRE INTEGRATED CARE BOARD"
2025-26,J83039,NORTHLANDS SURGERY,Y58,SOUTH WEST COMMISSIONING REGION,QOX,"NHS BATH AND NORTH EAST SOMERSET, SWINDON AND WILTSHIRE INTEGRATED CARE BOARD"
2025-26,J83043,DOWNTON SURGERY,Y58,SOUTH WEST COMMISSIONING REGION,QOX,"NHS BATH AND NORTH EAST SOMERSET, SWINDON AND WILTSHIRE INTEGRATED CARE BOARD"
2025-26,J83046,SPA MEDICAL CENTRE,Y58,SOUTH WEST COMMISSIONING REGION,QOX,"NHS BATH AND NORTH EAST SOMERSET, SWINDON AND WILTSHIRE INTEGRATED CARE BOARD"
2025-26,J83049,SOUTHBROOM SURGERY,Y58,SOUTH WEST COMMISSIONING REGION,QOX,"NHS BATH AND NORTH EAST SOMERSET, SWINDON AND WILTSHIRE INTEGRATED CARE BOARD"
2025-26,J83052,SARUM HEALTH GROUP,Y58,SOUTH WEST COMMISSIONING REGION,QOX,"NHS BATH AND NORTH EAST SOMERSET, SWINDON AND WILTSHIRE INTEGRATED CARE BOARD"
2025-26,J83053,ST. JAMES SURGERY,Y58,SOUTH WEST COMMISSIONING REGION,QOX,"NHS BATH AND NORTH EAST SOMERSET, SWINDON AND WILTSHIRE INTEGRATED CARE BOARD"
2025-26,J83056,MARKET LAVINGTON SURGERY,Y58,SOUTH WEST COMMISSIONING REGION,QOX,"NHS BATH AND NORTH EAST SOMERSET, SWINDON AND WILTSHIRE INTEGRATED CARE BOARD"
2025-26,J83060,MERE SURGERY,Y58,SOUTH WEST COMMISSIONING REGION,QOX,"NHS BATH AND NORTH EAST SOMERSET, SWINDON AND WILTSHIRE INTEGRATED CARE BOARD"
2025-26,J83064,RIDGE GREEN MEDICAL PRACTICE,Y58,SOUTH WEST COMMISSIONING REGION,QOX,"NHS BATH AND NORTH EAST SOMERSET, SWINDON AND WILTSHIRE INTEGRATED CARE BOARD"
2025-26,J83603,JUBILEE FIELD SURGERY,Y58,SOUTH WEST COMMISSIONING REGION,QOX,"NHS BATH AND NORTH EAST SOMERSET, SWINDON AND WILTSHIRE INTEGRATED CARE BOARD"
2025-26,J83615,OLD SCHOOL HOUSE SURGERY,Y58,SOUTH WEST COMMISSIONING REGION,QOX,"NHS BATH AND NORTH EAST SOMERSET, SWINDON AND WILTSHIRE INTEGRATED CARE BOARD"
2025-26,J83618,THE TOLSEY SURGERY,Y58,SOUTH WEST COMMISSIONING REGION,QOX,"NHS BATH AND NORTH EAST SOMERSET, SWINDON AND WILTSHIRE INTEGRATED CARE BOARD"
2025-26,J83619,COURTYARD SURGERY,Y58,SOUTH WEST COMMISSIONING REGION,QOX,"NHS BATH AND NORTH EAST SOMERSET, SWINDON AND WILTSHIRE INTEGRATED CARE BOARD"
2025-26,J84008,ARGYLL HOUSE,Y59,SOUTH EAST COMMISSIONING REGION,QRL,NHS HAMPSHIRE AND ISLE OF WIGHT INTEGRATED CARE BOARD
2025-26,J84017,SOLENT NHS TRUST T/A MEDINA HEALTHCARE,Y59,SOUTH EAST COMMISSIONING REGION,QRL,NHS HAMPSHIRE AND ISLE OF WIGHT INTEGRATED CARE BOARD
2025-26,J84019,WIGHT PRIMARY PARTNERSHIPS LTD,Y59,SOUTH EAST COMMISSIONING REGION,QRL,NHS HAMPSHIRE AND ISLE OF WIGHT INTEGRATED CARE BOARD
2025-26,K81001,THE WATERFIELD PRACTICE,Y59,SOUTH EAST COMMISSIONING REGION,S0E4D,NHS THAMES VALLEY INTEGRATED CARE BOARD
2025-26,K81017,FALKLAND SURGERY,Y59,SOUTH EAST COMMISSIONING REGION,S0E4D,NHS THAMES VALLEY INTEGRATED CARE BOARD
2025-26,K81018,LINDEN MEDICAL CENTRE,Y59,SOUTH EAST COMMISSIONING REGION,S0E4D,NHS THAMES VALLEY INTEGRATED CARE BOARD
2025-26,K81021,DATCHET HEALTH CENTRE,Y59,SOUTH EAST COMMISSIONING REGION,S0E4D,NHS THAMES VALLEY INTEGRATED CARE BOARD
2025-26,K81024,LANGLEY HEALTH CENTRE,Y59,SOUTH EAST COMMISSIONING REGION,S0E4D,NHS THAMES VALLEY INTEGRATED CARE BOARD
2025-26,K81025,FINCHAMPSTEAD PRACTICE,Y59,SOUTH EAST COMMISSIONING REGION,S0E4D,NHS THAMES VALLEY INTEGRATED CARE BOARD
2025-26,K81026,CHATHAM STREET SURGERY,Y59,SOUTH EAST COMMISSIONING REGION,S0E4D,NHS THAMES VALLEY INTEGRATED CARE BOARD
2025-26,K81028,MAGNOLIA HOUSE SURGERY,Y59,SOUTH EAST COMMISSIONING REGION,S0E4D,NHS THAMES VALLEY INTEGRATED CARE BOARD
2025-26,K81030,RINGMEAD MEDICAL GROUP,Y59,SOUTH EAST COMMISSIONING REGION,S0E4D,NHS THAMES VALLEY INTEGRATED CARE BOARD
2025-26,K81042,COOKHAM MEDICAL CENTRE,Y59,SOUTH EAST COMMISSIONING REGION,S0E4D,NHS THAMES VALLEY INTEGRATED CARE BOARD
2025-26,K81043,HERSCHEL MEDICAL CENTRE,Y59,SOUTH EAST COMMISSIONING REGION,S0E4D,NHS THAMES VALLEY INTEGRATED CARE BOARD
2025-26,K81052,LAMBOURN SURGERY,Y59,SOUTH EAST COMMISSIONING REGION,S0E4D,NHS THAMES VALLEY INTEGRATED CARE BOARD
2025-26,K81060,BINFIELD SURGERY,Y59,SOUTH EAST COMMISSIONING REGION,S0E4D,NHS THAMES VALLEY INTEGRATED CARE BOARD
2025-26,K81068,SHEET STREET SURGERY,Y59,SOUTH EAST COMMISSIONING REGION,S0E4D,NHS THAMES VALLEY INTEGRATED CARE BOARD
2025-26,K81074,CLARENCE MEDICAL CENTRE,Y59,SOUTH EAST COMMISSIONING REGION,S0E4D,NHS THAMES VALLEY INTEGRATED CARE BOARD
2025-26,K81081,ABBEY MEDICAL CENTRE,Y59,SOUTH EAST COMMISSIONING REGION,S0E4D,NHS THAMES VALLEY INTEGRATED CARE BOARD
2025-26,K81085,SHREEJI MEDICAL CENTRE,Y59,SOUTH EAST COMMISSIONING REGION,S0E4D,NHS THAMES VALLEY INTEGRATED CARE BOARD
2025-26,K81092,WOOSEHILL PRACTICE,Y59,SOUTH EAST COMMISSIONING REGION,S0E4D,NHS THAMES VALLEY INTEGRATED CARE BOARD
2025-26,K81102,BURDWOOD SURGERY,Y59,SOUTH EAST COMMISSIONING REGION,S0E4D,NHS THAMES VALLEY INTEGRATED CARE BOARD
2025-26,K81608,DR NABI,Y59,SOUTH EAST COMMISSIONING REGION,S0E4D,NHS THAMES VALLEY INTEGRATED CARE BOARD
2025-26,K81636,COLEY PARK SURGERY,Y59,SOUTH EAST COMMISSIONING REGION,S0E4D,NHS THAMES VALLEY INTEGRATED CARE BOARD
2025-26,K81645,240 WEXHAM ROAD,Y59,SOUTH EAST COMMISSIONING REGION,S0E4D,NHS THAMES VALLEY INTEGRATED CARE BOARD
2025-26,K81655,ASCOT MEDICAL CENTRE,Y59,SOUTH EAST COMMISSIONING REGION,S0E4D,NHS THAMES VALLEY INTEGRATED CARE BOARD
2025-26,K82007,THE SWAN PRACTICE,Y59,SOUTH EAST COMMISSIONING REGION,S0E4D,NHS THAMES VALLEY INTEGRATED CARE BOARD
2025-26,K82008,THE HALL PRACTICE,Y59,SOUTH EAST COMMISSIONING REGION,S0E4D,NHS THAMES VALLEY INTEGRATED CARE BOARD
2025-26,K82015,PARKSIDE MEDICAL CENTRE,Y61,EAST OF ENGLAND COMMISSIONING REGION,S1Y5D,NHS CENTRAL EAST INTEGRATED CARE BOARD
2025-26,K82020,CHILTERN HOUSE MED CENTRE,Y59,SOUTH EAST COMMISSIONING REGION,S0E4D,NHS THAMES VALLEY INTEGRATED CARE BOARD
2025-26,K82023,MARLOW MEDICAL GROUP,Y59,SOUTH EAST COMMISSIONING REGION,S0E4D,NHS THAMES VALLEY INTEGRATED CARE BOARD
2025-26,K82024,THE NEW SURGERY CHESHAM,Y59,SOUTH EAST COMMISSIONING REGION,S0E4D,NHS THAMES VALLEY INTEGRATED CARE BOARD
2025-26,K82036,RIVERSIDE SURGERY,Y59,SOUTH EAST COMMISSIONING REGION,S0E4D,NHS THAMES VALLEY INTEGRATED CARE BOARD
2025-26,K82046,THE SIMPSON CENTRE,Y59,SOUTH EAST COMMISSIONING REGION,S0E4D,NHS THAMES VALLEY INTEGRATED CARE BOARD
2025-26,K82055,DENHAM MEDICAL CENTRE,Y59,SOUTH EAST COMMISSIONING REGION,S0E4D,NHS THAMES VALLEY INTEGRATED CARE BOARD
2025-26,K82058,GLADSTONE ROAD SURGERY,Y59,SOUTH EAST COMMISSIONING REGION,S0E4D,NHS THAMES VALLEY INTEGRATED CARE BOARD
2025-26,K82070,3W HEALTH,Y59,SOUTH EAST COMMISSIONING REGION,S0E4D,NHS THAMES VALLEY INTEGRATED CARE BOARD
2025-26,K82073,WESTONGROVE PARTNERSHIP,Y59,SOUTH EAST COMMISSIONING REGION,S0E4D,NHS THAMES VALLEY INTEGRATED CARE BOARD
2025-26,K82078,THE ALLAN PRACTICE,Y59,SOUTH EAST COMMISSIONING REGION,S0E4D,NHS THAMES VALLEY INTEGRATED CARE BOARD
2025-26,K82610,THE GROVE SURGERY,Y61,EAST OF ENGLAND COMMISSIONING REGION,S1Y5D,NHS CENTRAL EAST INTEGRATED CARE BOARD
2025-26,K82633,WESTCROFT HEALTH CENTRE,Y61,EAST OF ENGLAND COMMISSIONING REGION,S1Y5D,NHS CENTRAL EAST INTEGRATED CARE BOARD
2025-26,K83005,QUEENSWAY MEDICAL CENTRE,Y60,MIDLANDS COMMISSIONING REGION,QPM,NHS NORTHAMPTONSHIRE INTEGRATED CARE BOARD
2025-26,K83010,ELEANOR CROSS HEALTHCARE,Y60,MIDLANDS COMMISSIONING REGION,QPM,NHS NORTHAMPTONSHIRE INTEGRATED CARE BOARD
2025-26,K83011,THE REDWELL MEDICAL CENTRE,Y60,MIDLANDS COMMISSIONING REGION,QPM,NHS NORTHAMPTONSHIRE INTEGRATED CARE BOARD
2025-26,K83013,ESKDAILL MEDICAL,Y60,MIDLANDS COMMISSIONING REGION,QPM,NHS NORTHAMPTONSHIRE INTEGRATED CARE BOARD
2025-26,K83015,DANETRE MEDICAL PRACTICE,Y60,MIDLANDS COMMISSIONING REGION,QPM,NHS NORTHAMPTONSHIRE INTEGRATED CARE BOARD
2025-26,K83019,THE LONG BUCKBY PRACTICE,Y60,MIDLANDS COMMISSIONING REGION,QPM,NHS NORTHAMPTONSHIRE INTEGRATED CARE BOARD
2025-26,K83043,ABINGTON MEDICAL CENTRE,Y60,MIDLANDS COMMISSIONING REGION,QPM,NHS NORTHAMPTONSHIRE INTEGRATED CARE BOARD
2025-26,K83056,COUNTY SURGERY,Y60,MIDLANDS COMMISSIONING REGION,QPM,NHS NORTHAMPTONSHIRE INTEGRATED CARE BOARD
2025-26,K83064,THE SAXON SPIRES PRACTICE,Y60,MIDLANDS COMMISSIONING REGION,QPM,NHS NORTHAMPTONSHIRE INTEGRATED CARE BOARD
2025-26,K84009,HEDENA HEALTH,Y59,SOUTH EAST COMMISSIONING REGION,S0E4D,NHS THAMES VALLEY INTEGRATED CARE BOARD
2025-26,K84010,BAMPTON SURGERY,Y59,SOUTH EAST COMMISSIONING REGION,S0E4D,NHS THAMES VALLEY INTEGRATED CARE BOARD
2025-26,K84013,ST BARTHOLOMEWS & HOLLOW WAY MED CENTRE,Y59,SOUTH EAST COMMISSIONING REGION,S0E4D,NHS THAMES VALLEY INTEGRATED CARE BOARD
2025-26,K84017,WINDRUSH MEDICAL PRACTICE,Y59,SOUTH EAST COMMISSIONING REGION,S0E4D,NHS THAMES VALLEY INTEGRATED CARE BOARD
2025-26,K84023,BERINSFIELD HEALTH CENTRE,Y59,SOUTH EAST COMMISSIONING REGION,S0E4D,NHS THAMES VALLEY INTEGRATED CARE BOARD
2025-26,K84026,OBSERVATORY MEDICAL PRACTICE,Y59,SOUTH EAST COMMISSIONING REGION,S0E4D,NHS THAMES VALLEY INTEGRATED CARE BOARD
2025-26,K84027,MALTHOUSE SURGERY,Y59,SOUTH EAST COMMISSIONING REGION,S0E4D,NHS THAMES VALLEY INTEGRATED CARE BOARD
2025-26,K84031,THE LEYS HEALTH CENTRE,Y59,SOUTH EAST COMMISSIONING REGION,S0E4D,NHS THAMES VALLEY INTEGRATED CARE BOARD
2025-26,K84037,WALLINGFORD MEDICAL PRACTICE,Y59,SOUTH EAST COMMISSIONING REGION,S0E4D,NHS THAMES VALLEY INTEGRATED CARE BOARD
2025-26,K84055,DEDDINGTON HEALTH CENTRE,Y59,SOUTH EAST COMMISSIONING REGION,S0E4D,NHS THAMES VALLEY INTEGRATED CARE BOARD
2025-26,K84060,ST. CLEMENT'S SURGERY,Y59,SOUTH EAST COMMISSIONING REGION,S0E4D,NHS THAMES VALLEY INTEGRATED CARE BOARD
2025-26,K84062,WOODLANDS SURGERY,Y59,SOUTH EAST COMMISSIONING REGION,S0E4D,NHS THAMES VALLEY INTEGRATED CARE BOARD
2025-26,K84078,JERICHO HEALTH CENTRE,Y59,SOUTH EAST COMMISSIONING REGION,S0E4D,NHS THAMES VALLEY INTEGRATED CARE BOARD
2025-26,K84082,THE KEY MEDICAL PRACTICE,Y59,SOUTH EAST COMMISSIONING REGION,S0E4D,NHS THAMES VALLEY INTEGRATED CARE BOARD
2025-26,K84613,ALCHESTER MEDICAL GROUP,Y59,SOUTH EAST COMMISSIONING REGION,S0E4D,NHS THAMES VALLEY INTEGRATED CARE BOARD
2025-26,K84624,OAK TREE HEALTH CENTRE,Y59,SOUTH EAST COMMISSIONING REGION,S0E4D,NHS THAMES VALLEY INTEGRATED CARE BOARD
2025-26,L81008,SHIREHAMPTON GROUP PRACTICE,Y58,SOUTH WEST COMMISSIONING REGION,QUY,"NHS BRISTOL, NORTH SOMERSET AND SOUTH GLOUCESTERSHIRE INTEGRATED CARE BOARD"
2025-26,L81009,STOCKWOOD MEDICAL CENTRE,Y58,SOUTH WEST COMMISSIONING REGION,QUY,"NHS BRISTOL, NORTH SOMERSET AND SOUTH GLOUCESTERSHIRE INTEGRATED CARE BOARD"
2025-26,L81010,HOPE HOUSE SURGERY,Y58,SOUTH WEST COMMISSIONING REGION,QOX,"NHS BATH AND NORTH EAST SOMERSET, SWINDON AND WILTSHIRE INTEGRATED CARE BOARD"
2025-26,L81024,COURTSIDE SURGERY,Y58,SOUTH WEST COMMISSIONING REGION,QUY,"NHS BRISTOL, NORTH SOMERSET AND SOUTH GLOUCESTERSHIRE INTEGRATED CARE BOARD"
2025-26,L81029,THREE SHIRES MEDICAL PRACTICE,Y58,SOUTH WEST COMMISSIONING REGION,QUY,"NHS BRISTOL, NORTH SOMERSET AND SOUTH GLOUCESTERSHIRE INTEGRATED CARE BOARD"
2025-26,L81033,NIGHTINGALE VALLEY PRACTICE,Y58,SOUTH WEST COMMISSIONING REGION,QUY,"NHS BRISTOL, NORTH SOMERSET AND SOUTH GLOUCESTERSHIRE INTEGRATED CARE BOARD"
2025-26,L81038,AIR BALLOON SURGERY,Y58,SOUTH WEST COMMISSIONING REGION,QUY,"NHS BRISTOL, NORTH SOMERSET AND SOUTH GLOUCESTERSHIRE INTEGRATED CARE BOARD"
2025-26,L81040,CLEVEDON MEDICAL CENTRE,Y58,SOUTH WEST COMMISSIONING REGION,QUY,"NHS BRISTOL, NORTH SOMERSET AND SOUTH GLOUCESTERSHIRE INTEGRATED CARE BOARD"
2025-26,L81042,KENNEDY WAY SURGERY,Y58,SOUTH WEST COMMISSIONING REGION,QUY,"NHS BRISTOL, NORTH SOMERSET AND SOUTH GLOUCESTERSHIRE INTEGRATED CARE BOARD"
2025-26,L81047,WEST WALK SURGERY,Y58,SOUTH WEST COMMISSIONING REGION,QUY,"NHS BRISTOL, NORTH SOMERSET AND SOUTH GLOUCESTERSHIRE INTEGRATED CARE BOARD"
2025-26,L81073,WEST VIEW SURGERY,Y58,SOUTH WEST COMMISSIONING REGION,QOX,"NHS BATH AND NORTH EAST SOMERSET, SWINDON AND WILTSHIRE INTEGRATED CARE BOARD"
2025-26,L81078,GLOUCESTER ROAD MEDICAL CENTRE,Y58,SOUTH WEST COMMISSIONING REGION,QUY,"NHS BRISTOL, NORTH SOMERSET AND SOUTH GLOUCESTERSHIRE INTEGRATED CARE BOARD"
2025-26,L81082,BEDMINSTER FAMILY PRACTICE,Y58,SOUTH WEST COMMISSIONING REGION,QUY,"NHS BRISTOL, NORTH SOMERSET AND SOUTH GLOUCESTERSHIRE INTEGRATED CARE BOARD"
2025-26,L81095,DOWNTON ROAD SURGERY,Y58,SOUTH WEST COMMISSIONING REGION,QUY,"NHS BRISTOL, NORTH SOMERSET AND SOUTH GLOUCESTERSHIRE INTEGRATED CARE BOARD"
2025-26,L81118,STOKES MEDICAL GROUP,Y58,SOUTH WEST COMMISSIONING REGION,QUY,"NHS BRISTOL, NORTH SOMERSET AND SOUTH GLOUCESTERSHIRE INTEGRATED CARE BOARD"
2025-26,L81122,ST. MARY'S SURGERY,Y58,SOUTH WEST COMMISSIONING REGION,QOX,"NHS BATH AND NORTH EAST SOMERSET, SWINDON AND WILTSHIRE INTEGRATED CARE BOARD"
2025-26,L81644,RUSH HILL SURGERY,Y58,SOUTH WEST COMMISSIONING REGION,QOX,"NHS BATH AND NORTH EAST SOMERSET, SWINDON AND WILTSHIRE INTEGRATED CARE BOARD"
2025-26,L81670,HORIZON HEALTH CENTRE,Y58,SOUTH WEST COMMISSIONING REGION,QUY,"NHS BRISTOL, NORTH SOMERSET AND SOUTH GLOUCESTERSHIRE INTEGRATED CARE BOARD"
2025-26,L82004,WADEBRIDGE & CAMEL ESTUARY PRACTICE,Y58,SOUTH WEST COMMISSIONING REGION,QT6,NHS CORNWALL AND THE ISLES OF SCILLY INTEGRATED CARE BOARD
2025-26,L82006,PENRYN SURGERY,Y58,SOUTH WEST COMMISSIONING REGION,QT6,NHS CORNWALL AND THE ISLES OF SCILLY INTEGRATED CARE BOARD
2025-26,L82013,PERRANPORTH SURGERY,Y58,SOUTH WEST COMMISSIONING REGION,QT6,NHS CORNWALL AND THE ISLES OF SCILLY INTEGRATED CARE BOARD
2025-26,L82015,CHACEWATER HEALTH CENTRE,Y58,SOUTH WEST COMMISSIONING REGION,QT6,NHS CORNWALL AND THE ISLES OF SCILLY INTEGRATED CARE BOARD
2025-26,L82026,MIDDLEWAY SURGERY,Y58,SOUTH WEST COMMISSIONING REGION,QT6,NHS CORNWALL AND THE ISLES OF SCILLY INTEGRATED CARE BOARD
2025-26,L82029,NARROWCLIFF SURGERY,Y58,SOUTH WEST COMMISSIONING REGION,QT6,NHS CORNWALL AND THE ISLES OF SCILLY INTEGRATED CARE BOARD
2025-26,L82048,ROSELAND SURGERIES,Y58,SOUTH WEST COMMISSIONING REGION,QT6,NHS CORNWALL AND THE ISLES OF SCILLY INTEGRATED CARE BOARD
2025-26,L82057,ST KEVERNE HEALTH CENTRE,Y58,SOUTH WEST COMMISSIONING REGION,QT6,NHS CORNWALL AND THE ISLES OF SCILLY INTEGRATED CARE BOARD
2025-26,L83004,KINGSTEIGNTON MEDICAL PRACTICE,Y58,SOUTH WEST COMMISSIONING REGION,QJK,NHS DEVON INTEGRATED CARE BOARD
2025-26,L83007,SEATON & COLYTON MEDICAL PRACTICE,Y58,SOUTH WEST COMMISSIONING REGION,QJK,NHS DEVON INTEGRATED CARE BOARD
2025-26,L83008,PATHFIELDS MEDICAL GROUP,Y58,SOUTH WEST COMMISSIONING REGION,QJK,NHS DEVON INTEGRATED CARE BOARD
2025-26,L83014,MAYFIELD MEDICAL CENTRE,Y58,SOUTH WEST COMMISSIONING REGION,QJK,NHS DEVON INTEGRATED CARE BOARD
2025-26,L83023,AMICUS HEALTH - MID DEVON SITES,Y58,SOUTH WEST COMMISSIONING REGION,QJK,NHS DEVON INTEGRATED CARE BOARD
2025-26,L83025,WALLINGBROOK HEALTH CENTRE,Y58,SOUTH WEST COMMISSIONING REGION,QJK,NHS DEVON INTEGRATED CARE BOARD
2025-26,L83026,TORRINGTON HEALTH CENTRE,Y58,SOUTH WEST COMMISSIONING REGION,QJK,NHS DEVON INTEGRATED CARE BOARD
2025-26,L83030,NORTH ROAD WEST MED.CTR.,Y58,SOUTH WEST COMMISSIONING REGION,QJK,NHS DEVON INTEGRATED CARE BOARD
2025-26,L83043,LEATSIDE SURGERY,Y58,SOUTH WEST COMMISSIONING REGION,QJK,NHS DEVON INTEGRATED CARE BOARD
2025-26,L83044,BLACKDOWN PRACTICE,Y58,SOUTH WEST COMMISSIONING REGION,QJK,NHS DEVON INTEGRATED CARE BOARD
2025-26,L83045,BOVEY TRACEY & CHUDLEIGH PRACTICE,Y58,SOUTH WEST COMMISSIONING REGION,QJK,NHS DEVON INTEGRATED CARE BOARD
2025-26,L83046,DEVON SQUARE SURGERY,Y58,SOUTH WEST COMMISSIONING REGION,QJK,NHS DEVON INTEGRATED CARE BOARD
2025-26,L83049,MORETONHAMPSTEAD HEALTH CENTRE,Y58,SOUTH WEST COMMISSIONING REGION,QJK,NHS DEVON INTEGRATED CARE BOARD
2025-26,L83052,CASTLE PLACE PRACTICE,Y58,SOUTH WEST COMMISSIONING REGION,QJK,NHS DEVON INTEGRATED CARE BOARD
2025-26,L83064,CHURCH VIEW SURGERY,Y58,SOUTH WEST COMMISSIONING REGION,QJK,NHS DEVON INTEGRATED CARE BOARD
2025-26,L83067,SID VALLEY PRACTICE,Y58,SOUTH WEST COMMISSIONING REGION,QJK,NHS DEVON INTEGRATED CARE BOARD
2025-26,L83075,SOUTH BRENT HEALTH CENTRE,Y58,SOUTH WEST COMMISSIONING REGION,QJK,NHS DEVON INTEGRATED CARE BOARD
2025-26,L83085,AMICUS HEALTH,Y58,SOUTH WEST COMMISSIONING REGION,QJK,NHS DEVON INTEGRATED CARE BOARD
2025-26,L83089,KNOWLE HOUSE SURGERY,Y58,SOUTH WEST COMMISSIONING REGION,QJK,NHS DEVON INTEGRATED CARE BOARD
2025-26,L83111,CHILCOTE PRACTICE,Y58,SOUTH WEST COMMISSIONING REGION,QJK,NHS DEVON INTEGRATED CARE BOARD
2025-26,L83137,SOUTH MOLTON MEDICAL CENTRE,Y58,SOUTH WEST COMMISSIONING REGION,QJK,NHS DEVON INTEGRATED CARE BOARD
2025-26,L83143,HILL BARTON SURGERY,Y58,SOUTH WEST COMMISSIONING REGION,QJK,NHS DEVON INTEGRATED CARE BOARD
2025-26,L83148,CHILLINGTON HEALTH CENTRE,Y58,SOUTH WEST COMMISSIONING REGION,QJK,NHS DEVON INTEGRATED CARE BOARD
2025-26,L83651,ADELAIDE STREET SURGERY,Y58,SOUTH WEST COMMISSIONING REGION,QJK,NHS DEVON INTEGRATED CARE BOARD
2025-26,L83663,BLACK TORRINGTON SURGERY,Y58,SOUTH WEST COMMISSIONING REGION,QJK,NHS DEVON INTEGRATED CARE BOARD
2025-26,L83666,BUCKLAND SURGERY,Y58,SOUTH WEST COMMISSIONING REGION,QJK,NHS DEVON INTEGRATED CARE BOARD
2025-26,L84003,UNDERWOOD SURGERY,Y58,SOUTH WEST COMMISSIONING REGION,QR1,NHS GLOUCESTERSHIRE INTEGRATED CARE BOARD
2025-26,L84014,HUCCLECOTE SURGERY,Y58,SOUTH WEST COMMISSIONING REGION,QR1,NHS GLOUCESTERSHIRE INTEGRATED CARE BOARD
2025-26,L84026,ASPEN MEDICAL PRACTICE,Y58,SOUTH WEST COMMISSIONING REGION,QR1,NHS GLOUCESTERSHIRE INTEGRATED CARE BOARD
2025-26,L84029,DEAN MEDICAL PRACTICE,Y58,SOUTH WEST COMMISSIONING REGION,QR1,NHS GLOUCESTERSHIRE INTEGRATED CARE BOARD
2025-26,L84034,"PARTNERS IN HEALTH, PAVILION FAMILY DRS",Y58,SOUTH WEST COMMISSIONING REGION,QR1,NHS GLOUCESTERSHIRE INTEGRATED CARE BOARD
2025-26,L84036,CLEEVELANDS MEDICAL CENTRE,Y58,SOUTH WEST COMMISSIONING REGION,QR1,NHS GLOUCESTERSHIRE INTEGRATED CARE BOARD
2025-26,L84039,BEECHES GREEN SURGERY,Y58,SOUTH WEST COMMISSIONING REGION,QR1,NHS GLOUCESTERSHIRE INTEGRATED CARE BOARD
2025-26,L84059,ROYAL CRESCENT SURGERY,Y58,SOUTH WEST COMMISSIONING REGION,QR1,NHS GLOUCESTERSHIRE INTEGRATED CARE BOARD
2025-26,L84080,THE WILLOW TREE PRACTICE,Y58,SOUTH WEST COMMISSIONING REGION,QR1,NHS GLOUCESTERSHIRE INTEGRATED CARE BOARD
2025-26,L84081,KINGSHOLM SURGERY,Y58,SOUTH WEST COMMISSIONING REGION,QR1,NHS GLOUCESTERSHIRE INTEGRATED CARE BOARD
2025-26,L84084,BROCKWORTH SURGERY,Y58,SOUTH WEST COMMISSIONING REGION,QR1,NHS GLOUCESTERSHIRE INTEGRATED CARE BOARD
2025-26,L84085,SEVERNBANK SURGERY,Y58,SOUTH WEST COMMISSIONING REGION,QR1,NHS GLOUCESTERSHIRE INTEGRATED CARE BOARD
2025-26,L85003,EXMOOR MEDICAL CENTRE,Y58,SOUTH WEST COMMISSIONING REGION,QSL,NHS SOMERSET INTEGRATED CARE BOARD
2025-26,L85006,CROWN MEDICAL CENTRE,Y58,SOUTH WEST COMMISSIONING REGION,QSL,NHS SOMERSET INTEGRATED CARE BOARD
2025-26,L85011,CHEDDAR MEDICAL CENTRE,Y58,SOUTH WEST COMMISSIONING REGION,QSL,NHS SOMERSET INTEGRATED CARE BOARD
2025-26,L85015,"PRESTON GROVE MEDICAL CENTRE, YEOVIL",Y58,SOUTH WEST COMMISSIONING REGION,QSL,NHS SOMERSET INTEGRATED CARE BOARD
2025-26,L85017,"PENN HILL SURGERY, YEOVIL",Y58,SOUTH WEST COMMISSIONING REGION,QSL,NHS SOMERSET INTEGRATED CARE BOARD
2025-26,L85018,CANNINGTON HEALTH CENTRE,Y58,SOUTH WEST COMMISSIONING REGION,QSL,NHS SOMERSET INTEGRATED CARE BOARD
2025-26,L85019,MINEHEAD MEDICAL CENTRE,Y58,SOUTH WEST COMMISSIONING REGION,QSL,NHS SOMERSET INTEGRATED CARE BOARD
2025-26,L85020,BECKINGTON FAMILY PRACTICE,Y58,SOUTH WEST COMMISSIONING REGION,QSL,NHS SOMERSET INTEGRATED CARE BOARD
2025-26,L85024,POLDEN MEDICAL PRACTICE,Y58,SOUTH WEST COMMISSIONING REGION,QSL,NHS SOMERSET INTEGRATED CARE BOARD
2025-26,L85025,CRANLEIGH GARDENS MEDICAL CENTRE,Y58,SOUTH WEST COMMISSIONING REGION,QSL,NHS SOMERSET INTEGRATED CARE BOARD
2025-26,L85029,VINE SURGERY PARTNERSHIP,Y58,SOUTH WEST COMMISSIONING REGION,QSL,NHS SOMERSET INTEGRATED CARE BOARD
2025-26,L85034,WELLS CITY PRACTICE,Y58,SOUTH WEST COMMISSIONING REGION,QSL,NHS SOMERSET INTEGRATED CARE BOARD
2025-26,L85036,QUANTOCK VALE SURGERY,Y58,SOUTH WEST COMMISSIONING REGION,QSL,NHS SOMERSET INTEGRATED CARE BOARD
2025-26,L85038,LISTER HOUSE PARTNERSHIP,Y58,SOUTH WEST COMMISSIONING REGION,QSL,NHS SOMERSET INTEGRATED CARE BOARD
2025-26,L85052,WARWICK HOUSE MEDICAL PRACTICE,Y58,SOUTH WEST COMMISSIONING REGION,QSL,NHS SOMERSET INTEGRATED CARE BOARD
2025-26,L85065,DUNSTER & PORLOCK SURGERIES,Y58,SOUTH WEST COMMISSIONING REGION,QSL,NHS SOMERSET INTEGRATED CARE BOARD
2025-26,M81002,ELGAR HOUSE,Y60,MIDLANDS COMMISSIONING REGION,QGH,NHS HEREFORDSHIRE AND WORCESTERSHIRE INTEGRATED CARE BOARD
2025-26,M81008,SPRING GARDENS GROUP MEDICAL PRACTICE,Y60,MIDLANDS COMMISSIONING REGION,QGH,NHS HEREFORDSHIRE AND WORCESTERSHIRE INTEGRATED CARE BOARD
2025-26,M81016,RYELAND SURGERY,Y60,MIDLANDS COMMISSIONING REGION,QGH,NHS HEREFORDSHIRE AND WORCESTERSHIRE INTEGRATED CARE BOARD
2025-26,M81018,WEOBLEY & STAUNTON ON WYE SURGERIES,Y60,MIDLANDS COMMISSIONING REGION,QGH,NHS HEREFORDSHIRE AND WORCESTERSHIRE INTEGRATED CARE BOARD
2025-26,M81022,HARESFIELD HOUSE SURGERY,Y60,MIDLANDS COMMISSIONING REGION,QGH,NHS HEREFORDSHIRE AND WORCESTERSHIRE INTEGRATED CARE BOARD
2025-26,M81026,HEREFORD MEDICAL GROUP,Y60,MIDLANDS COMMISSIONING REGION,QGH,NHS HEREFORDSHIRE AND WORCESTERSHIRE INTEGRATED CARE BOARD
2025-26,M81027,HAGLEY SURGERY,Y60,MIDLANDS COMMISSIONING REGION,QGH,NHS HEREFORDSHIRE AND WORCESTERSHIRE INTEGRATED CARE BOARD
2025-26,M81035,ST MARTIN'S GATE SURGERY,Y60,MIDLANDS COMMISSIONING REGION,QGH,NHS HEREFORDSHIRE AND WORCESTERSHIRE INTEGRATED CARE BOARD
2025-26,M81041,HILLVIEW MEDICAL CENTRE,Y60,MIDLANDS COMMISSIONING REGION,QGH,NHS HEREFORDSHIRE AND WORCESTERSHIRE INTEGRATED CARE BOARD
2025-26,M81045,KNIGHTWICK SURGERY,Y60,MIDLANDS COMMISSIONING REGION,QGH,NHS HEREFORDSHIRE AND WORCESTERSHIRE INTEGRATED CARE BOARD
2025-26,M81046,ABBOTTSWOOD MEDICAL CENTRE,Y60,MIDLANDS COMMISSIONING REGION,QGH,NHS HEREFORDSHIRE AND WORCESTERSHIRE INTEGRATED CARE BOARD
2025-26,M81061,PENDEEN SURGERY,Y60,MIDLANDS COMMISSIONING REGION,QGH,NHS HEREFORDSHIRE AND WORCESTERSHIRE INTEGRATED CARE BOARD
2025-26,M81068,AYLMER LODGE COOKLEY PARTNERSHIP,Y60,MIDLANDS COMMISSIONING REGION,QGH,NHS HEREFORDSHIRE AND WORCESTERSHIRE INTEGRATED CARE BOARD
2025-26,M81069,DAVENAL HOUSE SURGERY PARTNERSHIP,Y60,MIDLANDS COMMISSIONING REGION,QGH,NHS HEREFORDSHIRE AND WORCESTERSHIRE INTEGRATED CARE BOARD
2025-26,M81072,ALBANY HOUSE SURGERY,Y60,MIDLANDS COMMISSIONING REGION,QGH,NHS HEREFORDSHIRE AND WORCESTERSHIRE INTEGRATED CARE BOARD
2025-26,M81075,MALVERN HEALTH CENTRE,Y60,MIDLANDS COMMISSIONING REGION,QGH,NHS HEREFORDSHIRE AND WORCESTERSHIRE INTEGRATED CARE BOARD
2025-26,M81076,COLWALL SURGERY,Y60,MIDLANDS COMMISSIONING REGION,QGH,NHS HEREFORDSHIRE AND WORCESTERSHIRE INTEGRATED CARE BOARD
2025-26,M81084,CATSHILL VILLAGE SURGERY,Y60,MIDLANDS COMMISSIONING REGION,QGH,NHS HEREFORDSHIRE AND WORCESTERSHIRE INTEGRATED CARE BOARD
2025-26,M82006,RIVERSIDE MED PRACTICE,Y60,MIDLANDS COMMISSIONING REGION,QOC,"NHS SHROPSHIRE, TELFORD AND WREKIN INTEGRATED CARE BOARD"
2025-26,M82011,SHAWBURY MEDICAL PRACTICE,Y60,MIDLANDS COMMISSIONING REGION,QOC,"NHS SHROPSHIRE, TELFORD AND WREKIN INTEGRATED CARE BOARD"
2025-26,M82016,RADBROOK GREEN SURGERY,Y60,MIDLANDS COMMISSIONING REGION,QOC,"NHS SHROPSHIRE, TELFORD AND WREKIN INTEGRATED CARE BOARD"
2025-26,M82026,CAMBRIAN MEDICAL PRACTICE,Y60,MIDLANDS COMMISSIONING REGION,QOC,"NHS SHROPSHIRE, TELFORD AND WREKIN INTEGRATED CARE BOARD"
2025-26,M82051,BROSELEY MEDICAL PRACTICE,Y60,MIDLANDS COMMISSIONING REGION,QOC,"NHS SHROPSHIRE, TELFORD AND WREKIN INTEGRATED CARE BOARD"
2025-26,M82056,LINDEN HALL SURGERY,Y60,MIDLANDS COMMISSIONING REGION,QOC,"NHS SHROPSHIRE, TELFORD AND WREKIN INTEGRATED CARE BOARD"
2025-26,M83004,MAYFIELD SURGERY,Y60,MIDLANDS COMMISSIONING REGION,QNC,NHS STAFFORDSHIRE AND STOKE-ON-TRENT INTEGRATED CARE BOARD
2025-26,M83010,GORDON STREET SURGERY,Y60,MIDLANDS COMMISSIONING REGION,QNC,NHS STAFFORDSHIRE AND STOKE-ON-TRENT INTEGRATED CARE BOARD
2025-26,M83012,LEEK HEALTH CENTRE,Y60,MIDLANDS COMMISSIONING REGION,QNC,NHS STAFFORDSHIRE AND STOKE-ON-TRENT INTEGRATED CARE BOARD
2025-26,M83014,TRENT VALE MEDICAL PRACTICE,Y60,MIDLANDS COMMISSIONING REGION,QNC,NHS STAFFORDSHIRE AND STOKE-ON-TRENT INTEGRATED CARE BOARD
2025-26,M83015,MADELEY PRACTICE,Y60,MIDLANDS COMMISSIONING REGION,QNC,NHS STAFFORDSHIRE AND STOKE-ON-TRENT INTEGRATED CARE BOARD
2025-26,M83024,CASTLEFIELDS,Y60,MIDLANDS COMMISSIONING REGION,QNC,NHS STAFFORDSHIRE AND STOKE-ON-TRENT INTEGRATED CARE BOARD
2025-26,M83035,ALREWAS,Y60,MIDLANDS COMMISSIONING REGION,QNC,NHS STAFFORDSHIRE AND STOKE-ON-TRENT INTEGRATED CARE BOARD
2025-26,M83049,HOLMCROFT,Y60,MIDLANDS COMMISSIONING REGION,QNC,NHS STAFFORDSHIRE AND STOKE-ON-TRENT INTEGRATED CARE BOARD
2025-26,M83057,MILL BANK,Y60,MIDLANDS COMMISSIONING REGION,QNC,NHS STAFFORDSHIRE AND STOKE-ON-TRENT INTEGRATED CARE BOARD
2025-26,M83063,NORTON CANES HEALTH CENTRE,Y60,MIDLANDS COMMISSIONING REGION,QNC,NHS STAFFORDSHIRE AND STOKE-ON-TRENT INTEGRATED CARE BOARD
2025-26,M83065,BARTON,Y60,MIDLANDS COMMISSIONING REGION,QNC,NHS STAFFORDSHIRE AND STOKE-ON-TRENT INTEGRATED CARE BOARD
2025-26,M83067,LYME VALLEY MEDICAL CENTRE,Y60,MIDLANDS COMMISSIONING REGION,QNC,NHS STAFFORDSHIRE AND STOKE-ON-TRENT INTEGRATED CARE BOARD
2025-26,M83068,BELGRAVE MEDICAL CENTRE,Y60,MIDLANDS COMMISSIONING REGION,QNC,NHS STAFFORDSHIRE AND STOKE-ON-TRENT INTEGRATED CARE BOARD
2025-26,M83069,MANSION HOUSE,Y60,MIDLANDS COMMISSIONING REGION,QNC,NHS STAFFORDSHIRE AND STOKE-ON-TRENT INTEGRATED CARE BOARD
2025-26,M83070,GNOSALL,Y60,MIDLANDS COMMISSIONING REGION,QNC,NHS STAFFORDSHIRE AND STOKE-ON-TRENT INTEGRATED CARE BOARD
2025-26,M83075,NORFOLK STREET SURGERY,Y60,MIDLANDS COMMISSIONING REGION,QNC,NHS STAFFORDSHIRE AND STOKE-ON-TRENT INTEGRATED CARE BOARD
2025-26,M83079,DR J GREIG & PARTNERS,Y60,MIDLANDS COMMISSIONING REGION,QNC,NHS STAFFORDSHIRE AND STOKE-ON-TRENT INTEGRATED CARE BOARD
2025-26,M83084,MOUNT ROAD PRACTICE,Y60,MIDLANDS COMMISSIONING REGION,QNC,NHS STAFFORDSHIRE AND STOKE-ON-TRENT INTEGRATED CARE BOARD
2025-26,M83089,BIDDULPH DOCTORS,Y60,MIDLANDS COMMISSIONING REGION,QNC,NHS STAFFORDSHIRE AND STOKE-ON-TRENT INTEGRATED CARE BOARD
2025-26,M83090,DUNROBIN STREET MEDICAL CENTRE,Y60,MIDLANDS COMMISSIONING REGION,QNC,NHS STAFFORDSHIRE AND STOKE-ON-TRENT INTEGRATED CARE BOARD
2025-26,M83097,BILBROOK MEDICAL CENTRE,Y60,MIDLANDS COMMISSIONING REGION,QNC,NHS STAFFORDSHIRE AND STOKE-ON-TRENT INTEGRATED CARE BOARD
2025-26,M83100,DR RAJU AND PARTNERS,Y60,MIDLANDS COMMISSIONING REGION,QNC,NHS STAFFORDSHIRE AND STOKE-ON-TRENT INTEGRATED CARE BOARD
2025-26,M83107,ALDERWOOD MEDICAL PRACTICE,Y60,MIDLANDS COMMISSIONING REGION,QNC,NHS STAFFORDSHIRE AND STOKE-ON-TRENT INTEGRATED CARE BOARD
2025-26,M83108,WELL STREET MEDICAL CENTRE,Y60,MIDLANDS COMMISSIONING REGION,QNC,NHS STAFFORDSHIRE AND STOKE-ON-TRENT INTEGRATED CARE BOARD
2025-26,M83121,TEAN SURGERY,Y60,MIDLANDS COMMISSIONING REGION,QNC,NHS STAFFORDSHIRE AND STOKE-ON-TRENT INTEGRATED CARE BOARD
2025-26,M83127,COBRIDGE SURGERY,Y60,MIDLANDS COMMISSIONING REGION,QNC,NHS STAFFORDSHIRE AND STOKE-ON-TRENT INTEGRATED CARE BOARD
2025-26,M83617,DARWIN MEDICAL CENTRE,Y60,MIDLANDS COMMISSIONING REGION,QNC,NHS STAFFORDSHIRE AND STOKE-ON-TRENT INTEGRATED CARE BOARD
2025-26,M83625,PRIMA CARE SURGERIES,Y60,MIDLANDS COMMISSIONING REGION,QNC,NHS STAFFORDSHIRE AND STOKE-ON-TRENT INTEGRATED CARE BOARD
2025-26,M83638,THE COLLIERY PRACTICE,Y60,MIDLANDS COMMISSIONING REGION,QNC,NHS STAFFORDSHIRE AND STOKE-ON-TRENT INTEGRATED CARE BOARD
2025-26,M83640,ALTON SURGERY,Y60,MIDLANDS COMMISSIONING REGION,QNC,NHS STAFFORDSHIRE AND STOKE-ON-TRENT INTEGRATED CARE BOARD
2025-26,M83650,TUNSTALL PRIMARY CARE CENTRE,Y60,MIDLANDS COMMISSIONING REGION,QNC,NHS STAFFORDSHIRE AND STOKE-ON-TRENT INTEGRATED CARE BOARD
2025-26,M83668,TAMAR MEDICAL CENTRE,Y60,MIDLANDS COMMISSIONING REGION,QNC,NHS STAFFORDSHIRE AND STOKE-ON-TRENT INTEGRATED CARE BOARD
2025-26,M83670,KEELE PRACTICE,Y60,MIDLANDS COMMISSIONING REGION,QNC,NHS STAFFORDSHIRE AND STOKE-ON-TRENT INTEGRATED CARE BOARD
2025-26,M83680,NORTHGATE SURGERY,Y60,MIDLANDS COMMISSIONING REGION,QNC,NHS STAFFORDSHIRE AND STOKE-ON-TRENT INTEGRATED CARE BOARD
2025-26,M83697,MILEHOUSE MEDICAL PRACTICE,Y60,MIDLANDS COMMISSIONING REGION,QNC,NHS STAFFORDSHIRE AND STOKE-ON-TRENT INTEGRATED CARE BOARD
2025-26,M83698,SOUTHFIELD WAY SURGERY,Y60,MIDLANDS COMMISSIONING REGION,QNC,NHS STAFFORDSHIRE AND STOKE-ON-TRENT INTEGRATED CARE BOARD
2025-26,M83703,BRERETON SURGERY,Y60,MIDLANDS COMMISSIONING REGION,QNC,NHS STAFFORDSHIRE AND STOKE-ON-TRENT INTEGRATED CARE BOARD
2025-26,M83715,FEATHERSTONE,Y60,MIDLANDS COMMISSIONING REGION,QNC,NHS STAFFORDSHIRE AND STOKE-ON-TRENT INTEGRATED CARE BOARD
2025-26,M83719,RAWNSLEY SURGERY,Y60,MIDLANDS COMMISSIONING REGION,QNC,NHS STAFFORDSHIRE AND STOKE-ON-TRENT INTEGRATED CARE BOARD
2025-26,M83723,LOOMER MEDICAL PARTNERSHIP,Y60,MIDLANDS COMMISSIONING REGION,QNC,NHS STAFFORDSHIRE AND STOKE-ON-TRENT INTEGRATED CARE BOARD
2025-26,M83738,AELFGAR SURGERY,Y60,MIDLANDS COMMISSIONING REGION,QNC,NHS STAFFORDSHIRE AND STOKE-ON-TRENT INTEGRATED CARE BOARD
2025-26,M84006,PEAR TREE SURGERY,Y60,MIDLANDS COMMISSIONING REGION,QWU,NHS COVENTRY AND WARWICKSHIRE INTEGRATED CARE BOARD
2025-26,M84007,DORDON & POLESWORTH GROUP PRACTICE,Y60,MIDLANDS COMMISSIONING REGION,QWU,NHS COVENTRY AND WARWICKSHIRE INTEGRATED CARE BOARD
2025-26,M84011,BEDWORTH HEALTH CENTRE,Y60,MIDLANDS COMMISSIONING REGION,QWU,NHS COVENTRY AND WARWICKSHIRE INTEGRATED CARE BOARD
2025-26,M84012,PARK LEYS MEDICAL PRACTICE,Y60,MIDLANDS COMMISSIONING REGION,QWU,NHS COVENTRY AND WARWICKSHIRE INTEGRATED CARE BOARD
2025-26,M84014,BRIDGE HOUSE MEDICAL CENTRE,Y60,MIDLANDS COMMISSIONING REGION,QWU,NHS COVENTRY AND WARWICKSHIRE INTEGRATED CARE BOARD
2025-26,M84021,ROTHER HOUSE MEDICAL CENTRE,Y60,MIDLANDS COMMISSIONING REGION,QWU,NHS COVENTRY AND WARWICKSHIRE INTEGRATED CARE BOARD
2025-26,M84022,MANOR COURT SURGERY,Y60,MIDLANDS COMMISSIONING REGION,QWU,NHS COVENTRY AND WARWICKSHIRE INTEGRATED CARE BOARD
2025-26,M84030,HASTINGS HOUSE SURGERY,Y60,MIDLANDS COMMISSIONING REGION,QWU,NHS COVENTRY AND WARWICKSHIRE INTEGRATED CARE BOARD
2025-26,M84040,SHERBOURNE MEDICAL CENTRE,Y60,MIDLANDS COMMISSIONING REGION,QWU,NHS COVENTRY AND WARWICKSHIRE INTEGRATED CARE BOARD
2025-26,M84042,HAZELWOOD GROUP PRACTICE,Y60,MIDLANDS COMMISSIONING REGION,QWU,NHS COVENTRY AND WARWICKSHIRE INTEGRATED CARE BOARD
2025-26,M84046,DUNCHURCH SURGERY,Y60,MIDLANDS COMMISSIONING REGION,QWU,NHS COVENTRY AND WARWICKSHIRE INTEGRATED CARE BOARD
2025-26,M84049,ALCESTER HEALTH CENTRE,Y60,MIDLANDS COMMISSIONING REGION,QWU,NHS COVENTRY AND WARWICKSHIRE INTEGRATED CARE BOARD
2025-26,M84064,WHITNASH MEDICAL CENTRE,Y60,MIDLANDS COMMISSIONING REGION,QWU,NHS COVENTRY AND WARWICKSHIRE INTEGRATED CARE BOARD
2025-26,M84612,STATION STREET SURGERY,Y60,MIDLANDS COMMISSIONING REGION,QWU,NHS COVENTRY AND WARWICKSHIRE INTEGRATED CARE BOARD
2025-26,M84615,HARTSHILL HEALTH CENTRE,Y60,MIDLANDS COMMISSIONING REGION,QWU,NHS COVENTRY AND WARWICKSHIRE INTEGRATED CARE BOARD
2025-26,M84616,BROOKSIDE SURGERY,Y60,MIDLANDS COMMISSIONING REGION,QWU,NHS COVENTRY AND WARWICKSHIRE INTEGRATED CARE BOARD
2025-26,M84620,LAPWORTH SURGERY,Y60,MIDLANDS COMMISSIONING REGION,QWU,NHS COVENTRY AND WARWICKSHIRE INTEGRATED CARE BOARD
2025-26,M84621,QUEENS ROAD SURGERY,Y60,MIDLANDS COMMISSIONING REGION,QWU,NHS COVENTRY AND WARWICKSHIRE INTEGRATED CARE BOARD
2025-26,M84629,ST WULFSTAN SURGERY,Y60,MIDLANDS COMMISSIONING REGION,QWU,NHS COVENTRY AND WARWICKSHIRE INTEGRATED CARE BOARD
2025-26,M85001,SHAH ZAMAN SURGERY,Y60,MIDLANDS COMMISSIONING REGION,QHL,NHS BIRMINGHAM AND SOLIHULL INTEGRATED CARE BOARD
2025-26,M85006,GREEN RIDGE SURGERY,Y60,MIDLANDS COMMISSIONING REGION,QHL,NHS BIRMINGHAM AND SOLIHULL INTEGRATED CARE BOARD
2025-26,M85009,HAMSTEAD ROAD SURGERY,Y60,MIDLANDS COMMISSIONING REGION,QHL,NHS BIRMINGHAM AND SOLIHULL INTEGRATED CARE BOARD
2025-26,M85018,YARDLEY WOOD HEALTH CENTRE,Y60,MIDLANDS COMMISSIONING REGION,QHL,NHS BIRMINGHAM AND SOLIHULL INTEGRATED CARE BOARD
2025-26,M85020,RAYDOCS NEWTOWN,Y60,MIDLANDS COMMISSIONING REGION,QHL,NHS BIRMINGHAM AND SOLIHULL INTEGRATED CARE BOARD
2025-26,M85021,MOSELEY MEDICAL CENTRE,Y60,MIDLANDS COMMISSIONING REGION,QHL,NHS BIRMINGHAM AND SOLIHULL INTEGRATED CARE BOARD
2025-26,M85023,MILLENNIUM MEDICAL CENTRE,Y60,MIDLANDS COMMISSIONING REGION,QHL,NHS BIRMINGHAM AND SOLIHULL INTEGRATED CARE BOARD
2025-26,M85024,THE LIMES MEDICAL CENTRE,Y60,MIDLANDS COMMISSIONING REGION,QHL,NHS BIRMINGHAM AND SOLIHULL INTEGRATED CARE BOARD
2025-26,M85025,BATH ROW MEDICAL PRACTICE,Y60,MIDLANDS COMMISSIONING REGION,QHL,NHS BIRMINGHAM AND SOLIHULL INTEGRATED CARE BOARD
2025-26,M85026,ASHFIELD SURGERY,Y60,MIDLANDS COMMISSIONING REGION,QHL,NHS BIRMINGHAM AND SOLIHULL INTEGRATED CARE BOARD
2025-26,M85027,LEACH HEATH MEDICAL CENTRE,Y60,MIDLANDS COMMISSIONING REGION,QHL,NHS BIRMINGHAM AND SOLIHULL INTEGRATED CARE BOARD
2025-26,M85031,THE HARLEQUIN SURGERY,Y60,MIDLANDS COMMISSIONING REGION,QHL,NHS BIRMINGHAM AND SOLIHULL INTEGRATED CARE BOARD
2025-26,M85034,OMNIA PRACTICE,Y60,MIDLANDS COMMISSIONING REGION,QHL,NHS BIRMINGHAM AND SOLIHULL INTEGRATED CARE BOARD
2025-26,M85042,SELLY PARK SURGERY,Y60,MIDLANDS COMMISSIONING REGION,QHL,NHS BIRMINGHAM AND SOLIHULL INTEGRATED CARE BOARD
2025-26,M85046,SUTTON COLDFIELD GROUP PRACTICE,Y60,MIDLANDS COMMISSIONING REGION,QHL,NHS BIRMINGHAM AND SOLIHULL INTEGRATED CARE BOARD
2025-26,M85087,COLLEGE ROAD SURGERY,Y60,MIDLANDS COMMISSIONING REGION,QHL,NHS BIRMINGHAM AND SOLIHULL INTEGRATED CARE BOARD
2025-26,M85098,ROTTON PARK MEDICAL CENTRE,Y60,MIDLANDS COMMISSIONING REGION,QHL,NHS BIRMINGHAM AND SOLIHULL INTEGRATED CARE BOARD
2025-26,M85105,VICTORIA ROAD SURGERY,Y60,MIDLANDS COMMISSIONING REGION,QHL,NHS BIRMINGHAM AND SOLIHULL INTEGRATED CARE BOARD
2025-26,M85110,SALTLEY AND FERNBANK MEDICAL PRACTICE,Y60,MIDLANDS COMMISSIONING REGION,QHL,NHS BIRMINGHAM AND SOLIHULL INTEGRATED CARE BOARD
2025-26,M85123,AL-SHAFA MEDICAL CENTRE,Y60,MIDLANDS COMMISSIONING REGION,QHL,NHS BIRMINGHAM AND SOLIHULL INTEGRATED CARE BOARD
2025-26,M85145,THE SLIEVE SURGERY,Y60,MIDLANDS COMMISSIONING REGION,QHL,NHS BIRMINGHAM AND SOLIHULL INTEGRATED CARE BOARD
2025-26,M85146,THE KHATTAK MEMORIAL SURGERY,Y60,MIDLANDS COMMISSIONING REGION,QHL,NHS BIRMINGHAM AND SOLIHULL INTEGRATED CARE BOARD
2025-26,M85149,ALUM ROCK MEDICAL CENTRE,Y60,MIDLANDS COMMISSIONING REGION,QHL,NHS BIRMINGHAM AND SOLIHULL INTEGRATED CARE BOARD
2025-26,M85153,WEATHER OAK MEDICAL CENTRE,Y60,MIDLANDS COMMISSIONING REGION,QHL,NHS BIRMINGHAM AND SOLIHULL INTEGRATED CARE BOARD
2025-26,M85164,NEWPORT MEDICAL GROUP,Y60,MIDLANDS COMMISSIONING REGION,QHL,NHS BIRMINGHAM AND SOLIHULL INTEGRATED CARE BOARD
2025-26,M85170,GATE MEDICAL CENTRE,Y60,MIDLANDS COMMISSIONING REGION,QHL,NHS BIRMINGHAM AND SOLIHULL INTEGRATED CARE BOARD
2025-26,M85175,THE HAWTHORNS SURGERY,Y60,MIDLANDS COMMISSIONING REGION,QHL,NHS BIRMINGHAM AND SOLIHULL INTEGRATED CARE BOARD
2025-26,M85177,SWANSWELL MEDICAL CENTRE,Y60,MIDLANDS COMMISSIONING REGION,QHL,NHS BIRMINGHAM AND SOLIHULL INTEGRATED CARE BOARD
2025-26,M85178,MODALITY BIRMINGHAM,Y60,MIDLANDS COMMISSIONING REGION,QHL,NHS BIRMINGHAM AND SOLIHULL INTEGRATED CARE BOARD
2025-26,M85179,MAYPOLE HEALTH SURGERY Y,Y60,MIDLANDS COMMISSIONING REGION,QHL,NHS BIRMINGHAM AND SOLIHULL INTEGRATED CARE BOARD
2025-26,M85669,TUDOR PRACTICE STOCKLAND GREEN,Y60,MIDLANDS COMMISSIONING REGION,QHL,NHS BIRMINGHAM AND SOLIHULL INTEGRATED CARE BOARD
2025-26,M85670,GREENFIELD MEDICAL CENTRE,Y60,MIDLANDS COMMISSIONING REGION,QHL,NHS BIRMINGHAM AND SOLIHULL INTEGRATED CARE BOARD
2025-26,M85686,DR KULSHRESTHA FAMILY PRACTICE,Y60,MIDLANDS COMMISSIONING REGION,QHL,NHS BIRMINGHAM AND SOLIHULL INTEGRATED CARE BOARD
2025-26,M85697,CHURCH ROAD SURGERY,Y60,MIDLANDS COMMISSIONING REGION,QHL,NHS BIRMINGHAM AND SOLIHULL INTEGRATED CARE BOARD
2025-26,M85711,CITY HEALTH CENTRE,Y60,MIDLANDS COMMISSIONING REGION,QHL,NHS BIRMINGHAM AND SOLIHULL INTEGRATED CARE BOARD
2025-26,M85717,DOWNSFIELD MEDICAL CENTRE,Y60,MIDLANDS COMMISSIONING REGION,QHL,NHS BIRMINGHAM AND SOLIHULL INTEGRATED CARE BOARD
2025-26,M85730,DOSKI MEDICAL PRACTICE,Y60,MIDLANDS COMMISSIONING REGION,QHL,NHS BIRMINGHAM AND SOLIHULL INTEGRATED CARE BOARD
2025-26,M85735,GREET MEDICAL PRACTICE,Y60,MIDLANDS COMMISSIONING REGION,QHL,NHS BIRMINGHAM AND SOLIHULL INTEGRATED CARE BOARD
2025-26,M85746,MIRFIELD SURGERY,Y60,MIDLANDS COMMISSIONING REGION,QHL,NHS BIRMINGHAM AND SOLIHULL INTEGRATED CARE BOARD
2025-26,M85749,AUBREY ROAD MEDICAL CENTRE,Y60,MIDLANDS COMMISSIONING REGION,QHL,NHS BIRMINGHAM AND SOLIHULL INTEGRATED CARE BOARD
2025-26,M85759,NECHELLS PRACTICE,Y60,MIDLANDS COMMISSIONING REGION,QHL,NHS BIRMINGHAM AND SOLIHULL INTEGRATED CARE BOARD
2025-26,M85781,BORDESLEY GREEN SURGERY,Y60,MIDLANDS COMMISSIONING REGION,QHL,NHS BIRMINGHAM AND SOLIHULL INTEGRATED CARE BOARD
2025-26,M86001,WILLENHALL PRIMARY CARE CENTRE - 1,Y60,MIDLANDS COMMISSIONING REGION,QWU,NHS COVENTRY AND WARWICKSHIRE INTEGRATED CARE BOARD
2025-26,M86007,PHOENIX FAMILY CARE,Y60,MIDLANDS COMMISSIONING REGION,QWU,NHS COVENTRY AND WARWICKSHIRE INTEGRATED CARE BOARD
2025-26,M86038,BREDON AVENUE SURGERY,Y60,MIDLANDS COMMISSIONING REGION,QWU,NHS COVENTRY AND WARWICKSHIRE INTEGRATED CARE BOARD
2025-26,M86046,COPSEWOOD MEDICAL CENTRE,Y60,MIDLANDS COMMISSIONING REGION,QWU,NHS COVENTRY AND WARWICKSHIRE INTEGRATED CARE BOARD
2025-26,M86605,LIMBRICK WOOD SURGERY,Y60,MIDLANDS COMMISSIONING REGION,QWU,NHS COVENTRY AND WARWICKSHIRE INTEGRATED CARE BOARD
2025-26,M86612,GEORGE ELIOT MEDICAL CENTRE,Y60,MIDLANDS COMMISSIONING REGION,QWU,NHS COVENTRY AND WARWICKSHIRE INTEGRATED CARE BOARD
2025-26,M86617,HILLFIELDS - DR BANO,Y60,MIDLANDS COMMISSIONING REGION,QWU,NHS COVENTRY AND WARWICKSHIRE INTEGRATED CARE BOARD
2025-26,M86633,EDGWICK MEDICAL CENTRE,Y60,MIDLANDS COMMISSIONING REGION,QWU,NHS COVENTRY AND WARWICKSHIRE INTEGRATED CARE BOARD
2025-26,M87003,MOSS GROVE SURGERY,Y60,MIDLANDS COMMISSIONING REGION,QUA,NHS BLACK COUNTRY INTEGRATED CARE BOARD
2025-26,M87007,THE RIDGEWAY SURGERY,Y60,MIDLANDS COMMISSIONING REGION,QUA,NHS BLACK COUNTRY INTEGRATED CARE BOARD
2025-26,M87008,KINGSWINFORD MEDICAL PRACTICE,Y60,MIDLANDS COMMISSIONING REGION,QUA,NHS BLACK COUNTRY INTEGRATED CARE BOARD
2025-26,M87012,THE GREENS HEALTH CENTRE,Y60,MIDLANDS COMMISSIONING REGION,QUA,NHS BLACK COUNTRY INTEGRATED CARE BOARD
2025-26,M87025,LIMESTONE SURGERY,Y60,MIDLANDS COMMISSIONING REGION,QUA,NHS BLACK COUNTRY INTEGRATED CARE BOARD
2025-26,M87026,ST JAMES MEDICAL PRACTICE2,Y60,MIDLANDS COMMISSIONING REGION,QUA,NHS BLACK COUNTRY INTEGRATED CARE BOARD
2025-26,M87027,QUARRY BANK MEDICAL CENTRE,Y60,MIDLANDS COMMISSIONING REGION,QUA,NHS BLACK COUNTRY INTEGRATED CARE BOARD
2025-26,M87034,CLEMENT ROAD MEDICAL PRACTICE,Y60,MIDLANDS COMMISSIONING REGION,QUA,NHS BLACK COUNTRY INTEGRATED CARE BOARD
2025-26,M87037,NORTHWAY MEDICAL CENTRE,Y60,MIDLANDS COMMISSIONING REGION,QUA,NHS BLACK COUNTRY INTEGRATED CARE BOARD
2025-26,M87628,CHAPEL STREET MEDICAL CENTRE,Y60,MIDLANDS COMMISSIONING REGION,QUA,NHS BLACK COUNTRY INTEGRATED CARE BOARD
2025-26,M87638,THORNS ROAD SURGERY,Y60,MIDLANDS COMMISSIONING REGION,QUA,NHS BLACK COUNTRY INTEGRATED CARE BOARD
2025-26,M88004,REGIS MEDICAL CENTRE,Y60,MIDLANDS COMMISSIONING REGION,QUA,NHS BLACK COUNTRY INTEGRATED CARE BOARD
2025-26,M88016,OLD HILL MEDICAL CENTRE,Y60,MIDLANDS COMMISSIONING REGION,QUA,NHS BLACK COUNTRY INTEGRATED CARE BOARD
2025-26,M88019,BEARWOOD ROAD SURGERY,Y60,MIDLANDS COMMISSIONING REGION,QUA,NHS BLACK COUNTRY INTEGRATED CARE BOARD
2025-26,M88020,SHERWOOD HOUSE MEDICAL PRACTICE,Y60,MIDLANDS COMMISSIONING REGION,QHL,NHS BIRMINGHAM AND SOLIHULL INTEGRATED CARE BOARD
2025-26,M88022,JUBILEE HEALTH CENTRE,Y60,MIDLANDS COMMISSIONING REGION,QUA,NHS BLACK COUNTRY INTEGRATED CARE BOARD
2025-26,M88026,PORTWAY FAMILY PRACTICE,Y60,MIDLANDS COMMISSIONING REGION,QUA,NHS BLACK COUNTRY INTEGRATED CARE BOARD
2025-26,M88035,NEW STREET SURGERY,Y60,MIDLANDS COMMISSIONING REGION,QUA,NHS BLACK COUNTRY INTEGRATED CARE BOARD
2025-26,M88041,HAWTHORNS MEDICAL CENTRE,Y60,MIDLANDS COMMISSIONING REGION,QUA,NHS BLACK COUNTRY INTEGRATED CARE BOARD
2025-26,M88042,BEARWOOD MEDICAL CENTRE,Y60,MIDLANDS COMMISSIONING REGION,QUA,NHS BLACK COUNTRY INTEGRATED CARE BOARD
2025-26,M88600,THE VICTORIA SURGERY,Y60,MIDLANDS COMMISSIONING REGION,QUA,NHS BLACK COUNTRY INTEGRATED CARE BOARD
2025-26,M88612,GLEBEFIELDS SURGERY,Y60,MIDLANDS COMMISSIONING REGION,QUA,NHS BLACK COUNTRY INTEGRATED CARE BOARD
2025-26,M88620,CAUSEWAY GREEN ROAD SURGERY,Y60,MIDLANDS COMMISSIONING REGION,QUA,NHS BLACK COUNTRY INTEGRATED CARE BOARD
2025-26,M88628,DR SINGH M,Y60,MIDLANDS COMMISSIONING REGION,QUA,NHS BLACK COUNTRY INTEGRATED CARE BOARD
2025-26,M88630,CLIFTON LANE MEDICAL CENTRE,Y60,MIDLANDS COMMISSIONING REGION,QUA,NHS BLACK COUNTRY INTEGRATED CARE BOARD
2025-26,M88633,LODGE ROAD SURGERY,Y60,MIDLANDS COMMISSIONING REGION,QUA,NHS BLACK COUNTRY INTEGRATED CARE BOARD
2025-26,M88643,THE SPIRES HEALTH CENTRE,Y60,MIDLANDS COMMISSIONING REGION,QUA,NHS BLACK COUNTRY INTEGRATED CARE BOARD
2025-26,M89010,DORRIDGE SURGERY,Y60,MIDLANDS COMMISSIONING REGION,QHL,NHS BIRMINGHAM AND SOLIHULL INTEGRATED CARE BOARD
2025-26,M89019,HOBS MOAT MEDICAL CENTRE,Y60,MIDLANDS COMMISSIONING REGION,QHL,NHS BIRMINGHAM AND SOLIHULL INTEGRATED CARE BOARD
2025-26,M89024,GRAFTON ROAD SURGERY,Y60,MIDLANDS COMMISSIONING REGION,QHL,NHS BIRMINGHAM AND SOLIHULL INTEGRATED CARE BOARD
2025-26,M89608,HAMPTON SURGERY,Y60,MIDLANDS COMMISSIONING REGION,QHL,NHS BIRMINGHAM AND SOLIHULL INTEGRATED CARE BOARD
2025-26,M91003,SINA HEALTH CENTRE,Y60,MIDLANDS COMMISSIONING REGION,QUA,NHS BLACK COUNTRY INTEGRATED CARE BOARD
2025-26,M91004,ST PETER'S SURGERY,Y60,MIDLANDS COMMISSIONING REGION,QUA,NHS BLACK COUNTRY INTEGRATED CARE BOARD
2025-26,M91010,PORTLAND MEDICAL PRACTICE,Y60,MIDLANDS COMMISSIONING REGION,QUA,NHS BLACK COUNTRY INTEGRATED CARE BOARD
2025-26,M91013,LOCKFIELD SURGERY,Y60,MIDLANDS COMMISSIONING REGION,QUA,NHS BLACK COUNTRY INTEGRATED CARE BOARD
2025-26,M91016,NEW INVENTION HEALTH CENTRE,Y60,MIDLANDS COMMISSIONING REGION,QUA,NHS BLACK COUNTRY INTEGRATED CARE BOARD
2025-26,M91032,COLLINGWOOD FAMILY PRACTICE,Y60,MIDLANDS COMMISSIONING REGION,QUA,NHS BLACK COUNTRY INTEGRATED CARE BOARD
2025-26,M91033,WILLENHALL MEDICAL CENTRE,Y60,MIDLANDS COMMISSIONING REGION,QUA,NHS BLACK COUNTRY INTEGRATED CARE BOARD
2025-26,M91036,HARDEN HEALTH CENTRE,Y60,MIDLANDS COMMISSIONING REGION,QUA,NHS BLACK COUNTRY INTEGRATED CARE BOARD
2025-26,M91611,BEECHDALE CENTRE,Y60,MIDLANDS COMMISSIONING REGION,QUA,NHS BLACK COUNTRY INTEGRATED CARE BOARD
2025-26,M91612,ST MARY'S SURGERY,Y60,MIDLANDS COMMISSIONING REGION,QUA,NHS BLACK COUNTRY INTEGRATED CARE BOARD
2025-26,M91616,PLECK HEALTH CENTRE,Y60,MIDLANDS COMMISSIONING REGION,QUA,NHS BLACK COUNTRY INTEGRATED CARE BOARD
2025-26,M91619,BROADWAY MEDICAL CENTRE,Y60,MIDLANDS COMMISSIONING REGION,QUA,NHS BLACK COUNTRY INTEGRATED CARE BOARD
2025-26,M91623,LOWER FARM HEALTH CENTRE,Y60,MIDLANDS COMMISSIONING REGION,QUA,NHS BLACK COUNTRY INTEGRATED CARE BOARD
2025-26,M91650,PINFOLD MEDICAL,Y60,MIDLANDS COMMISSIONING REGION,QUA,NHS BLACK COUNTRY INTEGRATED CARE BOARD
2025-26,M92006,COALWAY ROAD SURGERY,Y60,MIDLANDS COMMISSIONING REGION,QUA,NHS BLACK COUNTRY INTEGRATED CARE BOARD
2025-26,M92043,PENN SURGERY,Y60,MIDLANDS COMMISSIONING REGION,QUA,NHS BLACK COUNTRY INTEGRATED CARE BOARD
2025-26,M92612,HEALTH AND BEYOND,Y60,MIDLANDS COMMISSIONING REGION,QUA,NHS BLACK COUNTRY INTEGRATED CARE BOARD
2025-26,M92627,BILSTON FAMILY PRACTICE,Y60,MIDLANDS COMMISSIONING REGION,QUA,NHS BLACK COUNTRY INTEGRATED CARE BOARD
2025-26,M92629,FORDHOUSES MEDICAL CENTRE,Y60,MIDLANDS COMMISSIONING REGION,QUA,NHS BLACK COUNTRY INTEGRATED CARE BOARD
2025-26,M92649,DR MUDIGONDA,Y60,MIDLANDS COMMISSIONING REGION,QUA,NHS BLACK COUNTRY INTEGRATED CARE BOARD
2025-26,N81002,KENMORE MEDICAL CENTRE,Y62,NORTH WEST COMMISSIONING REGION,QYG,NHS CHESHIRE AND MERSEYSIDE INTEGRATED CARE BOARD
2025-26,N81008,THE CEDARS MEDICAL CENTRE,Y62,NORTH WEST COMMISSIONING REGION,QYG,NHS CHESHIRE AND MERSEYSIDE INTEGRATED CARE BOARD
2025-26,N81010,NANTWICH HEALTH CENTRE,Y62,NORTH WEST COMMISSIONING REGION,QYG,NHS CHESHIRE AND MERSEYSIDE INTEGRATED CARE BOARD
2025-26,N81011,BEVAN GROUP PRACTICE,Y62,NORTH WEST COMMISSIONING REGION,QYG,NHS CHESHIRE AND MERSEYSIDE INTEGRATED CARE BOARD
2025-26,N81016,MILLCROFT MEDICAL CENTRE,Y62,NORTH WEST COMMISSIONING REGION,QYG,NHS CHESHIRE AND MERSEYSIDE INTEGRATED CARE BOARD
2025-26,N81022,MIDDLEWOOD PARTNERSHIP,Y62,NORTH WEST COMMISSIONING REGION,QYG,NHS CHESHIRE AND MERSEYSIDE INTEGRATED CARE BOARD
2025-26,N81024,SWANLOW MEDICAL CENTRE,Y62,NORTH WEST COMMISSIONING REGION,QYG,NHS CHESHIRE AND MERSEYSIDE INTEGRATED CARE BOARD
2025-26,N81031,DRS ADEY AND DANCY,Y62,NORTH WEST COMMISSIONING REGION,QYG,NHS CHESHIRE AND MERSEYSIDE INTEGRATED CARE BOARD
2025-26,N81048,FEARNHEAD CROSS MED.CTR.,Y62,NORTH WEST COMMISSIONING REGION,QYG,NHS CHESHIRE AND MERSEYSIDE INTEGRATED CARE BOARD
2025-26,N81053,EARNSWOOD MEDICAL CENTRE,Y62,NORTH WEST COMMISSIONING REGION,QYG,NHS CHESHIRE AND MERSEYSIDE INTEGRATED CARE BOARD
2025-26,N81056,FOLLY LANE MEDICAL CENTRE,Y62,NORTH WEST COMMISSIONING REGION,QYG,NHS CHESHIRE AND MERSEYSIDE INTEGRATED CARE BOARD
2025-26,N81061,WITTON STREET SURGERY,Y62,NORTH WEST COMMISSIONING REGION,QYG,NHS CHESHIRE AND MERSEYSIDE INTEGRATED CARE BOARD
2025-26,N81063,YORK ROAD GROUP PRACTICE,Y62,NORTH WEST COMMISSIONING REGION,QYG,NHS CHESHIRE AND MERSEYSIDE INTEGRATED CARE BOARD
2025-26,N81066,GROVE HOUSE PRACTICE,Y62,NORTH WEST COMMISSIONING REGION,QYG,NHS CHESHIRE AND MERSEYSIDE INTEGRATED CARE BOARD
2025-26,N81068,GROSVENOR MEDICAL CENTRE,Y62,NORTH WEST COMMISSIONING REGION,QYG,NHS CHESHIRE AND MERSEYSIDE INTEGRATED CARE BOARD
2025-26,N81072,MURDISHAW,Y62,NORTH WEST COMMISSIONING REGION,QYG,NHS CHESHIRE AND MERSEYSIDE INTEGRATED CARE BOARD
2025-26,N81075,STOCKTON HEATH MED.CENTRE,Y62,NORTH WEST COMMISSIONING REGION,QYG,NHS CHESHIRE AND MERSEYSIDE INTEGRATED CARE BOARD
2025-26,N81096,BROOKVALE PRACTICE,Y62,NORTH WEST COMMISSIONING REGION,QYG,NHS CHESHIRE AND MERSEYSIDE INTEGRATED CARE BOARD
2025-26,N81102,FOUNTAINS MEDICAL PRACTICE,Y62,NORTH WEST COMMISSIONING REGION,QYG,NHS CHESHIRE AND MERSEYSIDE INTEGRATED CARE BOARD
2025-26,N81107,MANCHESTER ROAD SURGERY,Y62,NORTH WEST COMMISSIONING REGION,QYG,NHS CHESHIRE AND MERSEYSIDE INTEGRATED CARE BOARD
2025-26,N81121,NORTHGATE VILLAGE SURGERY,Y62,NORTH WEST COMMISSIONING REGION,QYG,NHS CHESHIRE AND MERSEYSIDE INTEGRATED CARE BOARD
2025-26,N81125,NESTON MEDICAL CENTRE,Y62,NORTH WEST COMMISSIONING REGION,QYG,NHS CHESHIRE AND MERSEYSIDE INTEGRATED CARE BOARD
2025-26,N81619,OAKS PLACE SURGERY,Y62,NORTH WEST COMMISSIONING REGION,QYG,NHS CHESHIRE AND MERSEYSIDE INTEGRATED CARE BOARD
2025-26,N81623,STRETTON MEDICAL CENTRE,Y62,NORTH WEST COMMISSIONING REGION,QYG,NHS CHESHIRE AND MERSEYSIDE INTEGRATED CARE BOARD
2025-26,N81642,WATERS EDGE MEDICAL CENTRE,Y62,NORTH WEST COMMISSIONING REGION,QYG,NHS CHESHIRE AND MERSEYSIDE INTEGRATED CARE BOARD
2025-26,N82002,YEW TREE CENTRE,Y62,NORTH WEST COMMISSIONING REGION,QYG,NHS CHESHIRE AND MERSEYSIDE INTEGRATED CARE BOARD
2025-26,N82024,WEST DERBY MEDICAL CENTRE,Y62,NORTH WEST COMMISSIONING REGION,QYG,NHS CHESHIRE AND MERSEYSIDE INTEGRATED CARE BOARD
2025-26,N82034,THE VILLAGE SURGERY,Y62,NORTH WEST COMMISSIONING REGION,QYG,NHS CHESHIRE AND MERSEYSIDE INTEGRATED CARE BOARD
2025-26,N82036,NETHERLEY HEALTH CENTRE,Y62,NORTH WEST COMMISSIONING REGION,QYG,NHS CHESHIRE AND MERSEYSIDE INTEGRATED CARE BOARD
2025-26,N82058,ROCK COURT SURGERY,Y62,NORTH WEST COMMISSIONING REGION,QYG,NHS CHESHIRE AND MERSEYSIDE INTEGRATED CARE BOARD
2025-26,N82067,BENIM MEDICAL CENTRE,Y62,NORTH WEST COMMISSIONING REGION,QYG,NHS CHESHIRE AND MERSEYSIDE INTEGRATED CARE BOARD
2025-26,N82070,THE ELMS MEDICAL CENTRE,Y62,NORTH WEST COMMISSIONING REGION,QYG,NHS CHESHIRE AND MERSEYSIDE INTEGRATED CARE BOARD
2025-26,N82077,BOUSFIELD SURGERY - DR SHAH,Y62,NORTH WEST COMMISSIONING REGION,QYG,NHS CHESHIRE AND MERSEYSIDE INTEGRATED CARE BOARD
2025-26,N82081,ISLINGTON HOUSE MEDICAL CENTRE,Y62,NORTH WEST COMMISSIONING REGION,QYG,NHS CHESHIRE AND MERSEYSIDE INTEGRATED CARE BOARD
2025-26,N82089,PICTON GREEN,Y62,NORTH WEST COMMISSIONING REGION,QYG,NHS CHESHIRE AND MERSEYSIDE INTEGRATED CARE BOARD
2025-26,N82090,GREEN LANE MEDICAL CENTRE,Y62,NORTH WEST COMMISSIONING REGION,QYG,NHS CHESHIRE AND MERSEYSIDE INTEGRATED CARE BOARD
2025-26,N82094,BELLE VALE HEALTH CENTRE,Y62,NORTH WEST COMMISSIONING REGION,QYG,NHS CHESHIRE AND MERSEYSIDE INTEGRATED CARE BOARD
2025-26,N82101,KIRKDALE MEDICAL CENTRE,Y62,NORTH WEST COMMISSIONING REGION,QYG,NHS CHESHIRE AND MERSEYSIDE INTEGRATED CARE BOARD
2025-26,N82103,ANFIELD GROUP PRACTICE,Y62,NORTH WEST COMMISSIONING REGION,QYG,NHS CHESHIRE AND MERSEYSIDE INTEGRATED CARE BOARD
2025-26,N82110,LONG LANE,Y62,NORTH WEST COMMISSIONING REGION,QYG,NHS CHESHIRE AND MERSEYSIDE INTEGRATED CARE BOARD
2025-26,N82617,BROWNLOW AT MARYBONE,Y62,NORTH WEST COMMISSIONING REGION,QYG,NHS CHESHIRE AND MERSEYSIDE INTEGRATED CARE BOARD
2025-26,N82662,DUNSTAN VILLAGE GROUP PRACTICE,Y62,NORTH WEST COMMISSIONING REGION,QYG,NHS CHESHIRE AND MERSEYSIDE INTEGRATED CARE BOARD
2025-26,N82664,ROCKY LANE MEDICAL CENTRE,Y62,NORTH WEST COMMISSIONING REGION,QYG,NHS CHESHIRE AND MERSEYSIDE INTEGRATED CARE BOARD
2025-26,N82671,BIGHAM ROAD MEDICAL CENTRE,Y62,NORTH WEST COMMISSIONING REGION,QYG,NHS CHESHIRE AND MERSEYSIDE INTEGRATED CARE BOARD
2025-26,N82678,STOPGATE LANE MEDICAL CTR,Y62,NORTH WEST COMMISSIONING REGION,QYG,NHS CHESHIRE AND MERSEYSIDE INTEGRATED CARE BOARD
2025-26,N83001,RAINBOW MEDICAL CENTRE,Y62,NORTH WEST COMMISSIONING REGION,QYG,NHS CHESHIRE AND MERSEYSIDE INTEGRATED CARE BOARD
2025-26,N83003,ORMSKIRK HOUSE SURGERY,Y62,NORTH WEST COMMISSIONING REGION,QYG,NHS CHESHIRE AND MERSEYSIDE INTEGRATED CARE BOARD
2025-26,N83018,STOCKBRIDGE VILLAGE HC,Y62,NORTH WEST COMMISSIONING REGION,QYG,NHS CHESHIRE AND MERSEYSIDE INTEGRATED CARE BOARD
2025-26,N83026,PARKFIELD SURGERY,Y62,NORTH WEST COMMISSIONING REGION,QYG,NHS CHESHIRE AND MERSEYSIDE INTEGRATED CARE BOARD
2025-26,N83027,CENTRAL SURGERY,Y62,NORTH WEST COMMISSIONING REGION,QYG,NHS CHESHIRE AND MERSEYSIDE INTEGRATED CARE BOARD
2025-26,N83028,ASTON HEALTHCARE LIMITED,Y62,NORTH WEST COMMISSIONING REGION,QYG,NHS CHESHIRE AND MERSEYSIDE INTEGRATED CARE BOARD
2025-26,N83031,ROSEHEATH SURGERY,Y62,NORTH WEST COMMISSIONING REGION,QYG,NHS CHESHIRE AND MERSEYSIDE INTEGRATED CARE BOARD
2025-26,N83045,NEWTON PRACTICE,Y62,NORTH WEST COMMISSIONING REGION,QYG,NHS CHESHIRE AND MERSEYSIDE INTEGRATED CARE BOARD
2025-26,N83050,THE BOWERY MEDICAL CENTRE,Y62,NORTH WEST COMMISSIONING REGION,QYG,NHS CHESHIRE AND MERSEYSIDE INTEGRATED CARE BOARD
2025-26,N83053,LONGTON MEDICAL CENTRE,Y62,NORTH WEST COMMISSIONING REGION,QYG,NHS CHESHIRE AND MERSEYSIDE INTEGRATED CARE BOARD
2025-26,N83054,BETHANY MEDICAL CENTRE,Y62,NORTH WEST COMMISSIONING REGION,QYG,NHS CHESHIRE AND MERSEYSIDE INTEGRATED CARE BOARD
2025-26,N83605,HOLLIES MEDICAL CENTRE,Y62,NORTH WEST COMMISSIONING REGION,QYG,NHS CHESHIRE AND MERSEYSIDE INTEGRATED CARE BOARD
2025-26,N83610,COLBY MEDICAL CENTRE,Y62,NORTH WEST COMMISSIONING REGION,QYG,NHS CHESHIRE AND MERSEYSIDE INTEGRATED CARE BOARD
2025-26,N83621,HILLSIDE HOUSE SURGERY,Y62,NORTH WEST COMMISSIONING REGION,QYG,NHS CHESHIRE AND MERSEYSIDE INTEGRATED CARE BOARD
2025-26,N84004,GLOVERS LANE SURGERY,Y62,NORTH WEST COMMISSIONING REGION,QYG,NHS CHESHIRE AND MERSEYSIDE INTEGRATED CARE BOARD
2025-26,N84005,CUMBERLAND HOUSE SURGERY,Y62,NORTH WEST COMMISSIONING REGION,QYG,NHS CHESHIRE AND MERSEYSIDE INTEGRATED CARE BOARD
2025-26,N84008,NORWOOD SURGERY,Y62,NORTH WEST COMMISSIONING REGION,QYG,NHS CHESHIRE AND MERSEYSIDE INTEGRATED CARE BOARD
2025-26,N84019,NORTH PARK HEALTH CENTRE,Y62,NORTH WEST COMMISSIONING REGION,QYG,NHS CHESHIRE AND MERSEYSIDE INTEGRATED CARE BOARD
2025-26,N84021,ST MARKS MEDICAL CENTRE (TCG MEDICAL),Y62,NORTH WEST COMMISSIONING REGION,QYG,NHS CHESHIRE AND MERSEYSIDE INTEGRATED CARE BOARD
2025-26,N84023,BRIDGE ROAD MEDICAL CENTRE,Y62,NORTH WEST COMMISSIONING REGION,QYG,NHS CHESHIRE AND MERSEYSIDE INTEGRATED CARE BOARD
2025-26,N84027,ORRELL PARK MEDICAL CENTRE,Y62,NORTH WEST COMMISSIONING REGION,QYG,NHS CHESHIRE AND MERSEYSIDE INTEGRATED CARE BOARD
2025-26,N84038,CONCEPT HOUSE SURGERY,Y62,NORTH WEST COMMISSIONING REGION,QYG,NHS CHESHIRE AND MERSEYSIDE INTEGRATED CARE BOARD
2025-26,N85017,CAVENDISH MEDICAL CENTRE,Y62,NORTH WEST COMMISSIONING REGION,QYG,NHS CHESHIRE AND MERSEYSIDE INTEGRATED CARE BOARD
2025-26,N85024,SOMERVILLE MED CTR,Y62,NORTH WEST COMMISSIONING REGION,QYG,NHS CHESHIRE AND MERSEYSIDE INTEGRATED CARE BOARD
2025-26,N85027,CENTRAL PARK MEDICAL CENTRE,Y62,NORTH WEST COMMISSIONING REGION,QYG,NHS CHESHIRE AND MERSEYSIDE INTEGRATED CARE BOARD
2025-26,N85032,GREASBY GROUP PRACTICE,Y62,NORTH WEST COMMISSIONING REGION,QYG,NHS CHESHIRE AND MERSEYSIDE INTEGRATED CARE BOARD
2025-26,N85038,VITTORIA MED CTR G,Y62,NORTH WEST COMMISSIONING REGION,QYG,NHS CHESHIRE AND MERSEYSIDE INTEGRATED CARE BOARD
2025-26,N85044,PAXTON MEDICAL GROUP,Y62,NORTH WEST COMMISSIONING REGION,QYG,NHS CHESHIRE AND MERSEYSIDE INTEGRATED CARE BOARD
2025-26,N85620,THE VILLAGE MEDICAL CENTRE,Y62,NORTH WEST COMMISSIONING REGION,QYG,NHS CHESHIRE AND MERSEYSIDE INTEGRATED CARE BOARD
2025-26,N85634,VITTORIA MED CTR K,Y62,NORTH WEST COMMISSIONING REGION,QYG,NHS CHESHIRE AND MERSEYSIDE INTEGRATED CARE BOARD
2025-26,P81003,ST JAMES' MEDICAL CENTRE,Y62,NORTH WEST COMMISSIONING REGION,QE1,NHS LANCASHIRE AND SOUTH CUMBRIA INTEGRATED CARE BOARD
2025-26,P81010,WITHNELL HEALTH CENTRE,Y62,NORTH WEST COMMISSIONING REGION,QE1,NHS LANCASHIRE AND SOUTH CUMBRIA INTEGRATED CARE BOARD
2025-26,P81017,WHALLEY MEDICAL CENTRE,Y62,NORTH WEST COMMISSIONING REGION,QE1,NHS LANCASHIRE AND SOUTH CUMBRIA INTEGRATED CARE BOARD
2025-26,P81025,THE RICHMOND HILL PRACTICE,Y62,NORTH WEST COMMISSIONING REGION,QE1,NHS LANCASHIRE AND SOUTH CUMBRIA INTEGRATED CARE BOARD
2025-26,P81029,ASH TREES SURGERY,Y62,NORTH WEST COMMISSIONING REGION,QE1,NHS LANCASHIRE AND SOUTH CUMBRIA INTEGRATED CARE BOARD
2025-26,P81031,POPLAR HOUSE SURGERY,Y62,NORTH WEST COMMISSIONING REGION,QE1,NHS LANCASHIRE AND SOUTH CUMBRIA INTEGRATED CARE BOARD
2025-26,P81033,COPPULL MEDICAL PRACTICE,Y62,NORTH WEST COMMISSIONING REGION,QE1,NHS LANCASHIRE AND SOUTH CUMBRIA INTEGRATED CARE BOARD
2025-26,P81042,ADELAIDE STREET SURGERY,Y62,NORTH WEST COMMISSIONING REGION,QE1,NHS LANCASHIRE AND SOUTH CUMBRIA INTEGRATED CARE BOARD
2025-26,P81045,THE ELMS PRACTICE,Y62,NORTH WEST COMMISSIONING REGION,QE1,NHS LANCASHIRE AND SOUTH CUMBRIA INTEGRATED CARE BOARD
2025-26,P81046,PARK VIEW SURGERY,Y62,NORTH WEST COMMISSIONING REGION,QE1,NHS LANCASHIRE AND SOUTH CUMBRIA INTEGRATED CARE BOARD
2025-26,P81051,DARWEN HEALTHCARE,Y62,NORTH WEST COMMISSIONING REGION,QE1,NHS LANCASHIRE AND SOUTH CUMBRIA INTEGRATED CARE BOARD
2025-26,P81053,BRIERCLIFFE SURGERY,Y62,NORTH WEST COMMISSIONING REGION,QE1,NHS LANCASHIRE AND SOUTH CUMBRIA INTEGRATED CARE BOARD
2025-26,P81059,GREAT ECCLESTON HLTH CTR,Y62,NORTH WEST COMMISSIONING REGION,QE1,NHS LANCASHIRE AND SOUTH CUMBRIA INTEGRATED CARE BOARD
2025-26,P81071,THE NEW HALL LANE PRACTICE,Y62,NORTH WEST COMMISSIONING REGION,QE1,NHS LANCASHIRE AND SOUTH CUMBRIA INTEGRATED CARE BOARD
2025-26,P81074,HIGHFIELD SURGERY,Y62,NORTH WEST COMMISSIONING REGION,QE1,NHS LANCASHIRE AND SOUTH CUMBRIA INTEGRATED CARE BOARD
2025-26,P81081,ARNOLD MEDICAL CENTRE,Y62,NORTH WEST COMMISSIONING REGION,QE1,NHS LANCASHIRE AND SOUTH CUMBRIA INTEGRATED CARE BOARD
2025-26,P81088,WHITWORTH MEDICAL CENTRE,Y62,NORTH WEST COMMISSIONING REGION,QE1,NHS LANCASHIRE AND SOUTH CUMBRIA INTEGRATED CARE BOARD
2025-26,P81107,STONEBRIDGE SURGERY,Y62,NORTH WEST COMMISSIONING REGION,QE1,NHS LANCASHIRE AND SOUTH CUMBRIA INTEGRATED CARE BOARD
2025-26,P81119,LANE ENDS SURGERY,Y62,NORTH WEST COMMISSIONING REGION,QE1,NHS LANCASHIRE AND SOUTH CUMBRIA INTEGRATED CARE BOARD
2025-26,P81133,THE VILLAGE PRACTICE,Y62,NORTH WEST COMMISSIONING REGION,QE1,NHS LANCASHIRE AND SOUTH CUMBRIA INTEGRATED CARE BOARD
2025-26,P81138,BURSCOUGH FAMILY PRACTICE,Y62,NORTH WEST COMMISSIONING REGION,QE1,NHS LANCASHIRE AND SOUTH CUMBRIA INTEGRATED CARE BOARD
2025-26,P81149,LOCKWOOD GP SURGERY,Y62,NORTH WEST COMMISSIONING REGION,QE1,NHS LANCASHIRE AND SOUTH CUMBRIA INTEGRATED CARE BOARD
2025-26,P81159,STONYHILL MEDICAL PRACTICE,Y62,NORTH WEST COMMISSIONING REGION,QE1,NHS LANCASHIRE AND SOUTH CUMBRIA INTEGRATED CARE BOARD
2025-26,P81166,DR BELLO'S SURGERY,Y62,NORTH WEST COMMISSIONING REGION,QE1,NHS LANCASHIRE AND SOUTH CUMBRIA INTEGRATED CARE BOARD
2025-26,P81167,STEPPING STONE PRACTICE,Y62,NORTH WEST COMMISSIONING REGION,QE1,NHS LANCASHIRE AND SOUTH CUMBRIA INTEGRATED CARE BOARD
2025-26,P81170,NELSON MEDICAL PRACTICE,Y62,NORTH WEST COMMISSIONING REGION,QE1,NHS LANCASHIRE AND SOUTH CUMBRIA INTEGRATED CARE BOARD
2025-26,P81184,RIBBLETON MEDICAL CENTRE,Y62,NORTH WEST COMMISSIONING REGION,QE1,NHS LANCASHIRE AND SOUTH CUMBRIA INTEGRATED CARE BOARD
2025-26,P81185,RIVERSIDE MEDICAL CENTRE,Y62,NORTH WEST COMMISSIONING REGION,QE1,NHS LANCASHIRE AND SOUTH CUMBRIA INTEGRATED CARE BOARD
2025-26,P81186,MOSS SIDE MEDICAL CENTRE,Y62,NORTH WEST COMMISSIONING REGION,QE1,NHS LANCASHIRE AND SOUTH CUMBRIA INTEGRATED CARE BOARD
2025-26,P81197,ROSEGROVE SURGERY,Y62,NORTH WEST COMMISSIONING REGION,QE1,NHS LANCASHIRE AND SOUTH CUMBRIA INTEGRATED CARE BOARD
2025-26,P81212,HAZELVALLEY FAMILY PRACTICE,Y62,NORTH WEST COMMISSIONING REGION,QE1,NHS LANCASHIRE AND SOUTH CUMBRIA INTEGRATED CARE BOARD
2025-26,P81213,ST. MARY'S HEALTH CENTRE,Y62,NORTH WEST COMMISSIONING REGION,QE1,NHS LANCASHIRE AND SOUTH CUMBRIA INTEGRATED CARE BOARD
2025-26,P81646,LATHOM HOUSE SURGERY,Y62,NORTH WEST COMMISSIONING REGION,QE1,NHS LANCASHIRE AND SOUTH CUMBRIA INTEGRATED CARE BOARD
2025-26,P81668,FLEETWOOD SURGERY,Y62,NORTH WEST COMMISSIONING REGION,QE1,NHS LANCASHIRE AND SOUTH CUMBRIA INTEGRATED CARE BOARD
2025-26,P81685,DR ALI GUTTRIDGE MEDICAL CENTRE,Y62,NORTH WEST COMMISSIONING REGION,QE1,NHS LANCASHIRE AND SOUTH CUMBRIA INTEGRATED CARE BOARD
2025-26,P81692,BEECHES MEDICAL CENTRE,Y62,NORTH WEST COMMISSIONING REGION,QE1,NHS LANCASHIRE AND SOUTH CUMBRIA INTEGRATED CARE BOARD
2025-26,P81695,AUGHTON SURGERY,Y62,NORTH WEST COMMISSIONING REGION,QE1,NHS LANCASHIRE AND SOUTH CUMBRIA INTEGRATED CARE BOARD
2025-26,P81701,DR DAWOUD'S SURGERY,Y62,NORTH WEST COMMISSIONING REGION,QE1,NHS LANCASHIRE AND SOUTH CUMBRIA INTEGRATED CARE BOARD
2025-26,P81707,WILLIAM HOPWOOD STREET SURGERY,Y62,NORTH WEST COMMISSIONING REGION,QE1,NHS LANCASHIRE AND SOUTH CUMBRIA INTEGRATED CARE BOARD
2025-26,P81734,THE CORNERSTONE PRACTICE,Y62,NORTH WEST COMMISSIONING REGION,QE1,NHS LANCASHIRE AND SOUTH CUMBRIA INTEGRATED CARE BOARD
2025-26,P81740,ADLINGTON MEDICAL CENTRE,Y62,NORTH WEST COMMISSIONING REGION,QE1,NHS LANCASHIRE AND SOUTH CUMBRIA INTEGRATED CARE BOARD
2025-26,P81741,STATION SURGERY,Y62,NORTH WEST COMMISSIONING REGION,QE1,NHS LANCASHIRE AND SOUTH CUMBRIA INTEGRATED CARE BOARD
2025-26,P81755,THE WEAVERS PRACTICE,Y62,NORTH WEST COMMISSIONING REGION,QE1,NHS LANCASHIRE AND SOUTH CUMBRIA INTEGRATED CARE BOARD
2025-26,P81770,AVENHAM SURGERY,Y62,NORTH WEST COMMISSIONING REGION,QE1,NHS LANCASHIRE AND SOUTH CUMBRIA INTEGRATED CARE BOARD
2025-26,P81780,RIVERSIDE FAMILY PRACTICE,Y62,NORTH WEST COMMISSIONING REGION,QE1,NHS LANCASHIRE AND SOUTH CUMBRIA INTEGRATED CARE BOARD
2025-26,P82001,THE DUNSTAN PARTNERSHIP,Y62,NORTH WEST COMMISSIONING REGION,QOP,NHS GREATER MANCHESTER INTEGRATED CARE BOARD
2025-26,P82002,PIKES LANE 1,Y62,NORTH WEST COMMISSIONING REGION,QOP,NHS GREATER MANCHESTER INTEGRATED CARE BOARD
2025-26,P82012,OCTAGON MEDICAL CENTRE,Y62,NORTH WEST COMMISSIONING REGION,QOP,NHS GREATER MANCHESTER INTEGRATED CARE BOARD
2025-26,P82018,THE ALASTAIR ROSS MEDICAL PRACTICE,Y62,NORTH WEST COMMISSIONING REGION,QOP,NHS GREATER MANCHESTER INTEGRATED CARE BOARD
2025-26,P82020,LITTLE LEVER HEALTH CENTRE 1,Y62,NORTH WEST COMMISSIONING REGION,QOP,NHS GREATER MANCHESTER INTEGRATED CARE BOARD
2025-26,P82023,MANDALAY MEDICAL CENTRE,Y62,NORTH WEST COMMISSIONING REGION,QOP,NHS GREATER MANCHESTER INTEGRATED CARE BOARD
2025-26,P82033,BRADFORD STREET SURGERY,Y62,NORTH WEST COMMISSIONING REGION,QOP,NHS GREATER MANCHESTER INTEGRATED CARE BOARD
2025-26,P82034,EDGWORTH MEDICAL CENTRE,Y62,NORTH WEST COMMISSIONING REGION,QOP,NHS GREATER MANCHESTER INTEGRATED CARE BOARD
2025-26,P82625,CHARLOTTE STREET SURGERY,Y62,NORTH WEST COMMISSIONING REGION,QOP,NHS GREATER MANCHESTER INTEGRATED CARE BOARD
2025-26,P82652,FARNWORTH FAMILY PRACTICE,Y62,NORTH WEST COMMISSIONING REGION,QOP,NHS GREATER MANCHESTER INTEGRATED CARE BOARD
2025-26,P83001,FAIRFAX GROUP PRACTICE,Y62,NORTH WEST COMMISSIONING REGION,QOP,NHS GREATER MANCHESTER INTEGRATED CARE BOARD
2025-26,P83006,RAMSBOTTOM MEDICAL PRACTICE,Y62,NORTH WEST COMMISSIONING REGION,QOP,NHS GREATER MANCHESTER INTEGRATED CARE BOARD
2025-26,P83011,UNSWORTH MEDICAL CENTRE,Y62,NORTH WEST COMMISSIONING REGION,QOP,NHS GREATER MANCHESTER INTEGRATED CARE BOARD
2025-26,P83017,WOODBANK SURGERY,Y62,NORTH WEST COMMISSIONING REGION,QOP,NHS GREATER MANCHESTER INTEGRATED CARE BOARD
2025-26,P83608,THE ELMS MEDICAL CENTRE,Y62,NORTH WEST COMMISSIONING REGION,QOP,NHS GREATER MANCHESTER INTEGRATED CARE BOARD
2025-26,P83609,THE BIRCHES MEDICAL CENTRE,Y62,NORTH WEST COMMISSIONING REGION,QOP,NHS GREATER MANCHESTER INTEGRATED CARE BOARD
2025-26,P83612,MILE LANE HEALTH CENTRE,Y62,NORTH WEST COMMISSIONING REGION,QOP,NHS GREATER MANCHESTER INTEGRATED CARE BOARD
2025-26,P84009,AILSA CRAIG MEDICAL CENTRE,Y62,NORTH WEST COMMISSIONING REGION,QOP,NHS GREATER MANCHESTER INTEGRATED CARE BOARD
2025-26,P84022,KINGSWAY MEDICAL PRACTICE,Y62,NORTH WEST COMMISSIONING REGION,QOP,NHS GREATER MANCHESTER INTEGRATED CARE BOARD
2025-26,P84024,BOWLAND MEDICAL PRACTICE,Y62,NORTH WEST COMMISSIONING REGION,QOP,NHS GREATER MANCHESTER INTEGRATED CARE BOARD
2025-26,P84026,DICKENSON ROAD MEDICAL CENTRE,Y62,NORTH WEST COMMISSIONING REGION,QOP,NHS GREATER MANCHESTER INTEGRATED CARE BOARD
2025-26,P84027,WEST POINT MEDICAL CENTRE,Y62,NORTH WEST COMMISSIONING REGION,QOP,NHS GREATER MANCHESTER INTEGRATED CARE BOARD
2025-26,P84041,CORNERSTONE FAMILY PRACTICE,Y62,NORTH WEST COMMISSIONING REGION,QOP,NHS GREATER MANCHESTER INTEGRATED CARE BOARD
2025-26,P84045,THE PARK MEDICAL CENTRE,Y62,NORTH WEST COMMISSIONING REGION,QOP,NHS GREATER MANCHESTER INTEGRATED CARE BOARD
2025-26,P84047,ALL SAINTS MEDICAL CENTRE,Y62,NORTH WEST COMMISSIONING REGION,QOP,NHS GREATER MANCHESTER INTEGRATED CARE BOARD
2025-26,P84052,WEST GORTON MEDICAL PRACTICE,Y62,NORTH WEST COMMISSIONING REGION,QOP,NHS GREATER MANCHESTER INTEGRATED CARE BOARD
2025-26,P84061,BROOKLANDS MEDICAL PRACTICE,Y62,NORTH WEST COMMISSIONING REGION,QOP,NHS GREATER MANCHESTER INTEGRATED CARE BOARD
2025-26,P84065,CHURCH VIEW MEDICAL CENTRE,Y62,NORTH WEST COMMISSIONING REGION,QOP,NHS GREATER MANCHESTER INTEGRATED CARE BOARD
2025-26,P84074,WELLFIELD MEDICAL CENTRE,Y62,NORTH WEST COMMISSIONING REGION,QOP,NHS GREATER MANCHESTER INTEGRATED CARE BOARD
2025-26,P84630,THE ARCH MEDICAL PRACTICE,Y62,NORTH WEST COMMISSIONING REGION,QOP,NHS GREATER MANCHESTER INTEGRATED CARE BOARD
2025-26,P84637,DR KHAN'S PRACTICE,Y62,NORTH WEST COMMISSIONING REGION,QOP,NHS GREATER MANCHESTER INTEGRATED CARE BOARD
2025-26,P84645,PARK VIEW MEDICAL CENTRE,Y62,NORTH WEST COMMISSIONING REGION,QOP,NHS GREATER MANCHESTER INTEGRATED CARE BOARD
2025-26,P84651,NORTHERN MOOR MEDICAL PRACTICE,Y62,NORTH WEST COMMISSIONING REGION,QOP,NHS GREATER MANCHESTER INTEGRATED CARE BOARD
2025-26,P84679,WILLOWBANK SURGERY,Y62,NORTH WEST COMMISSIONING REGION,QOP,NHS GREATER MANCHESTER INTEGRATED CARE BOARD
2025-26,P85003,THE CHOWDHURY PRACTICE,Y62,NORTH WEST COMMISSIONING REGION,QOP,NHS GREATER MANCHESTER INTEGRATED CARE BOARD
2025-26,P85010,WOODLANDS MEDICAL PRACTICE,Y62,NORTH WEST COMMISSIONING REGION,QOP,NHS GREATER MANCHESTER INTEGRATED CARE BOARD
2025-26,P85014,HOPWOOD HOUSE MEDICAL PRACTICE,Y62,NORTH WEST COMMISSIONING REGION,QOP,NHS GREATER MANCHESTER INTEGRATED CARE BOARD
2025-26,P85026,QUAYSIDE MEDICAL PRACTICE,Y62,NORTH WEST COMMISSIONING REGION,QOP,NHS GREATER MANCHESTER INTEGRATED CARE BOARD
2025-26,P85605,LITTLETOWN FAMILY MED PRACT,Y62,NORTH WEST COMMISSIONING REGION,QOP,NHS GREATER MANCHESTER INTEGRATED CARE BOARD
2025-26,P85610,MEDLOCK MEDICAL PRACTICE,Y62,NORTH WEST COMMISSIONING REGION,QOP,NHS GREATER MANCHESTER INTEGRATED CARE BOARD
2025-26,P86008,MARK STREET SURGERY,Y62,NORTH WEST COMMISSIONING REGION,QOP,NHS GREATER MANCHESTER INTEGRATED CARE BOARD
2025-26,P86012,WOODSIDE MEDICAL CENTRE,Y62,NORTH WEST COMMISSIONING REGION,QOP,NHS GREATER MANCHESTER INTEGRATED CARE BOARD
2025-26,P86014,CROFT SHIFA HEALTH CENTRE,Y62,NORTH WEST COMMISSIONING REGION,QOP,NHS GREATER MANCHESTER INTEGRATED CARE BOARD
2025-26,P86015,ROCHDALE ROAD MEDICAL CENTRE,Y62,NORTH WEST COMMISSIONING REGION,QOP,NHS GREATER MANCHESTER INTEGRATED CARE BOARD
2025-26,P86021,PENNINE SURGERY,Y62,NORTH WEST COMMISSIONING REGION,QOP,NHS GREATER MANCHESTER INTEGRATED CARE BOARD
2025-26,P86026,THE DAWES FAMILY PRACTICE,Y62,NORTH WEST COMMISSIONING REGION,QOP,NHS GREATER MANCHESTER INTEGRATED CARE BOARD
2025-26,P86606,FAMILY PRACTICE,Y62,NORTH WEST COMMISSIONING REGION,QOP,NHS GREATER MANCHESTER INTEGRATED CARE BOARD
2025-26,P86608,THE VILLAGE MEDICAL CTR.,Y62,NORTH WEST COMMISSIONING REGION,QOP,NHS GREATER MANCHESTER INTEGRATED CARE BOARD
2025-26,P87016,THE SIDES MEDICAL PRACTICE,Y62,NORTH WEST COMMISSIONING REGION,QOP,NHS GREATER MANCHESTER INTEGRATED CARE BOARD
2025-26,P87019,SILVERDALE MEDICAL PRACTICE,Y62,NORTH WEST COMMISSIONING REGION,QOP,NHS GREATER MANCHESTER INTEGRATED CARE BOARD
2025-26,P87032,ORIENT ROAD MEDICAL PRACTICE,Y62,NORTH WEST COMMISSIONING REGION,QOP,NHS GREATER MANCHESTER INTEGRATED CARE BOARD
2025-26,P87627,ORCHARD MEDICAL PRACTICE,Y62,NORTH WEST COMMISSIONING REGION,QOP,NHS GREATER MANCHESTER INTEGRATED CARE BOARD
2025-26,P87657,(IRLAM) SALFORD CARE CTRS MEDICAL PRACTI,Y62,NORTH WEST COMMISSIONING REGION,QOP,NHS GREATER MANCHESTER INTEGRATED CARE BOARD
2025-26,P88002,MARPLE BRIDGE SURGERY,Y62,NORTH WEST COMMISSIONING REGION,QOP,NHS GREATER MANCHESTER INTEGRATED CARE BOARD
2025-26,P88005,FAMILY SURGERY,Y62,NORTH WEST COMMISSIONING REGION,QOP,NHS GREATER MANCHESTER INTEGRATED CARE BOARD
2025-26,P88015,BRAMHALL HEALTH CENTRE,Y62,NORTH WEST COMMISSIONING REGION,QOP,NHS GREATER MANCHESTER INTEGRATED CARE BOARD
2025-26,P88019,ALVANLEY FAMILY PRACTICE,Y62,NORTH WEST COMMISSIONING REGION,QOP,NHS GREATER MANCHESTER INTEGRATED CARE BOARD
2025-26,P88021,MARPLE MEDICAL PRACTICE,Y62,NORTH WEST COMMISSIONING REGION,QOP,NHS GREATER MANCHESTER INTEGRATED CARE BOARD
2025-26,P88023,HEALD GREEN HEALTH CENTRE 2,Y62,NORTH WEST COMMISSIONING REGION,QOP,NHS GREATER MANCHESTER INTEGRATED CARE BOARD
2025-26,P88024,GATLEY MEDICAL CENTRE,Y62,NORTH WEST COMMISSIONING REGION,QOP,NHS GREATER MANCHESTER INTEGRATED CARE BOARD
2025-26,P88025,HULME HALL MEDICAL GROUP,Y62,NORTH WEST COMMISSIONING REGION,QOP,NHS GREATER MANCHESTER INTEGRATED CARE BOARD
2025-26,P88026,HEATON MOOR MEDICAL GROUP,Y62,NORTH WEST COMMISSIONING REGION,QOP,NHS GREATER MANCHESTER INTEGRATED CARE BOARD
2025-26,P88042,FINNEY LANE SURGERY,Y62,NORTH WEST COMMISSIONING REGION,QOP,NHS GREATER MANCHESTER INTEGRATED CARE BOARD
2025-26,P88606,SPRINGFIELD SURGERY,Y62,NORTH WEST COMMISSIONING REGION,QOP,NHS GREATER MANCHESTER INTEGRATED CARE BOARD
2025-26,P89006,PENNINE MEDICAL CENTRE,Y62,NORTH WEST COMMISSIONING REGION,QOP,NHS GREATER MANCHESTER INTEGRATED CARE BOARD
2025-26,P89010,MEDLOCK VALE MEDICAL PRACTICE,Y62,NORTH WEST COMMISSIONING REGION,QOP,NHS GREATER MANCHESTER INTEGRATED CARE BOARD
2025-26,P89015,MILLGATE HEALTHCARE PARTNERSHIP,Y62,NORTH WEST COMMISSIONING REGION,QOP,NHS GREATER MANCHESTER INTEGRATED CARE BOARD
2025-26,P89018,DENTON MEDICAL PRACTICE,Y62,NORTH WEST COMMISSIONING REGION,QOP,NHS GREATER MANCHESTER INTEGRATED CARE BOARD
2025-26,P89020,HT PRACTICE,Y62,NORTH WEST COMMISSIONING REGION,QOP,NHS GREATER MANCHESTER INTEGRATED CARE BOARD
2025-26,P89022,KING STREET MEDICAL CENTRE,Y62,NORTH WEST COMMISSIONING REGION,QOP,NHS GREATER MANCHESTER INTEGRATED CARE BOARD
2025-26,P89023,ST. ANDREW'S HOUSE SURGERY,Y62,NORTH WEST COMMISSIONING REGION,QOP,NHS GREATER MANCHESTER INTEGRATED CARE BOARD
2025-26,P89613,WATERLOO MEDICAL CENTRE,Y62,NORTH WEST COMMISSIONING REGION,QOP,NHS GREATER MANCHESTER INTEGRATED CARE BOARD
2025-26,P91006,URMSTON GROUP PRACTICE,Y62,NORTH WEST COMMISSIONING REGION,QOP,NHS GREATER MANCHESTER INTEGRATED CARE BOARD
2025-26,P91009,DAVYHULME MEDICAL CENTRE,Y62,NORTH WEST COMMISSIONING REGION,QOP,NHS GREATER MANCHESTER INTEGRATED CARE BOARD
2025-26,P91012,PRIMROSE SURGERY,Y62,NORTH WEST COMMISSIONING REGION,QOP,NHS GREATER MANCHESTER INTEGRATED CARE BOARD
2025-26,P91013,BOUNDARY HOUSE MEDICAL CENTRE,Y62,NORTH WEST COMMISSIONING REGION,QOP,NHS GREATER MANCHESTER INTEGRATED CARE BOARD
2025-26,P91014,WASHWAY ROAD MEDICAL CENTRE,Y62,NORTH WEST COMMISSIONING REGION,QOP,NHS GREATER MANCHESTER INTEGRATED CARE BOARD
2025-26,P91019,PARTINGTON CENTRAL SURGERY,Y62,NORTH WEST COMMISSIONING REGION,QOP,NHS GREATER MANCHESTER INTEGRATED CARE BOARD
2025-26,P91631,RIDDINGS FAMILY HEALTH CENTRE,Y62,NORTH WEST COMMISSIONING REGION,QOP,NHS GREATER MANCHESTER INTEGRATED CARE BOARD
2025-26,P92001,MEDICENTRE,Y62,NORTH WEST COMMISSIONING REGION,QOP,NHS GREATER MANCHESTER INTEGRATED CARE BOARD
2025-26,P92003,THE DICCONSON GROUP PRACTICE,Y62,NORTH WEST COMMISSIONING REGION,QOP,NHS GREATER MANCHESTER INTEGRATED CARE BOARD
2025-26,P92006,DR AHMAD & PTNRS,Y62,NORTH WEST COMMISSIONING REGION,QOP,NHS GREATER MANCHESTER INTEGRATED CARE BOARD
2025-26,P92007,OLD HENRY STREET MED CTR,Y62,NORTH WEST COMMISSIONING REGION,QOP,NHS GREATER MANCHESTER INTEGRATED CARE BOARD
2025-26,P92029,WESTLEIGH MEDICAL PRACTICE,Y62,NORTH WEST COMMISSIONING REGION,QOP,NHS GREATER MANCHESTER INTEGRATED CARE BOARD
2025-26,P92041,SSP HEALTH LIMITED ASHTON MEDICAL CENTRE,Y62,NORTH WEST COMMISSIONING REGION,QOP,NHS GREATER MANCHESTER INTEGRATED CARE BOARD
2025-26,P92635,DR VASANTH,Y62,NORTH WEST COMMISSIONING REGION,QOP,NHS GREATER MANCHESTER INTEGRATED CARE BOARD
2025-26,P92637,ASTLEY GENERAL PRACTICE,Y62,NORTH WEST COMMISSIONING REGION,QOP,NHS GREATER MANCHESTER INTEGRATED CARE BOARD
2025-26,P92639,FAMILY MEDICAL PRACTICE,Y62,NORTH WEST COMMISSIONING REGION,QOP,NHS GREATER MANCHESTER INTEGRATED CARE BOARD
2025-26,Y00140,TORCROSS MEDICAL CENTRE,Y60,MIDLANDS COMMISSIONING REGION,QWU,NHS COVENTRY AND WARWICKSHIRE INTEGRATED CARE BOARD
2025-26,Y00265,CHAPEL MEDICAL CENTRE,Y59,SOUTH EAST COMMISSIONING REGION,S0E4D,NHS THAMES VALLEY INTEGRATED CARE BOARD
2025-26,Y00278,DARLASTON HEALTH CENTRE,Y60,MIDLANDS COMMISSIONING REGION,QUA,NHS BLACK COUNTRY INTEGRATED CARE BOARD
2025-26,Y00344,LEICESTER CITY ASSIST PRACTICE,Y60,MIDLANDS COMMISSIONING REGION,QK1,"NHS LEICESTER, LEICESTERSHIRE AND RUTLAND INTEGRATED CARE BOARD"
2025-26,Y00352,HESA MEDICAL CENTRE - Y00352,Y56,LONDON COMMISSIONING REGION,Z9B2Z,NHS WEST AND NORTH LONDON INTEGRATED CARE BOARD
2025-26,Y00399,DR PASQUALI,Y60,MIDLANDS COMMISSIONING REGION,QPM,NHS NORTHAMPTONSHIRE INTEGRATED CARE BOARD
2025-26,Y00403,TROWBRIDGE PRACTICE,Y56,LONDON COMMISSIONING REGION,QMF,NHS NORTH EAST LONDON INTEGRATED CARE BOARD
2025-26,Y00445,SALFORD PRIMARY CARE TOGETHER,Y62,NORTH WEST COMMISSIONING REGION,QOP,NHS GREATER MANCHESTER INTEGRATED CARE BOARD
2025-26,Y00612,GREEN CEDARS MEDICAL CENTRE,Y56,LONDON COMMISSIONING REGION,Z9B2Z,NHS WEST AND NORTH LONDON INTEGRATED CARE BOARD
2025-26,Y01051,MORRAB SURGERY,Y58,SOUTH WEST COMMISSIONING REGION,QT6,NHS CORNWALL AND THE ISLES OF SCILLY INTEGRATED CARE BOARD
2025-26,Y01280,SHIFA MEDICAL PRACTICE,Y56,LONDON COMMISSIONING REGION,QMF,NHS NORTH EAST LONDON INTEGRATED CARE BOARD
2025-26,Y01794,RAVENSWOOD MEDICAL PRACTICE,Y61,EAST OF ENGLAND COMMISSIONING REGION,T6Y0W,NHS NORFOLK AND SUFFOLK INTEGRATED CARE BOARD
2025-26,Y01795,THE OVAL PRACTICE,Y56,LONDON COMMISSIONING REGION,QMF,NHS NORTH EAST LONDON INTEGRATED CARE BOARD
2025-26,Y01964,BERRYCROFT COMMUNITY HEALTH CENTRE,Y59,SOUTH EAST COMMISSIONING REGION,S0E4D,NHS THAMES VALLEY INTEGRATED CARE BOARD
2025-26,Y02117,ST ANN'S ROAD SURGERY,Y56,LONDON COMMISSIONING REGION,Z9B2Z,NHS WEST AND NORTH LONDON INTEGRATED CARE BOARD
2025-26,Y02321,POPLAR STREET SURGERY,Y62,NORTH WEST COMMISSIONING REGION,QOP,NHS GREATER MANCHESTER INTEGRATED CARE BOARD
2025-26,Y02322,LEIGH FAMILY PRACTICE,Y62,NORTH WEST COMMISSIONING REGION,QOP,NHS GREATER MANCHESTER INTEGRATED CARE BOARD
2025-26,Y02342,FEATHERSTONE ROAD HEALTH CENTRE,Y56,LONDON COMMISSIONING REGION,Z9B2Z,NHS WEST AND NORTH LONDON INTEGRATED CARE BOARD
2025-26,Y02469,HERON GP PRACTICE,Y60,MIDLANDS COMMISSIONING REGION,QK1,"NHS LEICESTER, LEICESTERSHIRE AND RUTLAND INTEGRATED CARE BOARD"
2025-26,Y02494,SHAKESPEARE MEDICAL PRACTICE,Y63,NORTH EAST AND YORKSHIRE COMMISSIONING REGION,QWO,NHS WEST YORKSHIRE INTEGRATED CARE BOARD
2025-26,Y02586,ASHTON GP SERVICE,Y62,NORTH WEST COMMISSIONING REGION,QOP,NHS GREATER MANCHESTER INTEGRATED CARE BOARD
2025-26,Y02606,FAIRMORE MEDICAL PRACTICE,Y62,NORTH WEST COMMISSIONING REGION,QE1,NHS LANCASHIRE AND SOUTH CUMBRIA INTEGRATED CARE BOARD
2025-26,Y02611,NORTH CHELMSFORD NHS HCC,Y61,EAST OF ENGLAND COMMISSIONING REGION,D7T5G,NHS ESSEX INTEGRATED CARE BOARD
2025-26,Y02625,CARE HOMES MEDICAL PRACTICE,Y62,NORTH WEST COMMISSIONING REGION,QOP,NHS GREATER MANCHESTER INTEGRATED CARE BOARD
2025-26,Y02626,THE KEYS FAMILY PRACTICE,Y60,MIDLANDS COMMISSIONING REGION,QUA,NHS BLACK COUNTRY INTEGRATED CARE BOARD
2025-26,Y02663,DROYLSDEN MEDICAL PRACTICE,Y62,NORTH WEST COMMISSIONING REGION,QOP,NHS GREATER MANCHESTER INTEGRATED CARE BOARD
2025-26,Y02755,ROCK HEALTHCARE LIMITED,Y62,NORTH WEST COMMISSIONING REGION,QOP,NHS GREATER MANCHESTER INTEGRATED CARE BOARD
2025-26,Y02757,BILSTON URBAN VILLAGE MEDICAL CENTRE,Y60,MIDLANDS COMMISSIONING REGION,QUA,NHS BLACK COUNTRY INTEGRATED CARE BOARD
2025-26,Y02769,ST NEOTS HEALTH CENTRE,Y61,EAST OF ENGLAND COMMISSIONING REGION,S1Y5D,NHS CENTRAL EAST INTEGRATED CARE BOARD
2025-26,Y02794,OAKLEAF,Y60,MIDLANDS COMMISSIONING REGION,QHL,NHS BIRMINGHAM AND SOLIHULL INTEGRATED CARE BOARD
2025-26,Y02827,JOHN STREET MEDICAL PRACTICE,Y62,NORTH WEST COMMISSIONING REGION,QOP,NHS GREATER MANCHESTER INTEGRATED CARE BOARD
2025-26,Y02867,MIDDLEPORT MEDICAL CENTRE,Y60,MIDLANDS COMMISSIONING REGION,QNC,NHS STAFFORDSHIRE AND STOKE-ON-TRENT INTEGRATED CARE BOARD
2025-26,Y02875,LINDLEY HOUSE HEALTH CENTRE,Y62,NORTH WEST COMMISSIONING REGION,QOP,NHS GREATER MANCHESTER INTEGRATED CARE BOARD
2025-26,Y02890,HAWTHORN MC,Y62,NORTH WEST COMMISSIONING REGION,QOP,NHS GREATER MANCHESTER INTEGRATED CARE BOARD
2025-26,Y02946,JUNCTION HEALTH CENTRE,Y56,LONDON COMMISSIONING REGION,QWE,NHS SOUTH WEST LONDON INTEGRATED CARE BOARD
2025-26,Y02986,CRICKLEWOOD HEALTH CENTRE,Y56,LONDON COMMISSIONING REGION,Z9B2Z,NHS WEST AND NORTH LONDON INTEGRATED CARE BOARD
2025-26,Y03035,QUEENSWOOD MEDICAL PRACTICE,Y56,LONDON COMMISSIONING REGION,Z9B2Z,NHS WEST AND NORTH LONDON INTEGRATED CARE BOARD
2025-26,Y03049,SPRING HILL PRACTICE,Y56,LONDON COMMISSIONING REGION,QMF,NHS NORTH EAST LONDON INTEGRATED CARE BOARD
2025-26,Y03079,BOLTON COMMUNITY PRACTICE,Y62,NORTH WEST COMMISSIONING REGION,QOP,NHS GREATER MANCHESTER INTEGRATED CARE BOARD
2025-26,Y03135,BRIDGE HOUSE MEDICAL PRACTICE,Y56,LONDON COMMISSIONING REGION,Z9B2Z,NHS WEST AND NORTH LONDON INTEGRATED CARE BOARD
2025-26,Y03222,ST JOHN'S SURGERY,Y61,EAST OF ENGLAND COMMISSIONING REGION,T6Y0W,NHS NORFOLK AND SUFFOLK INTEGRATED CARE BOARD
2025-26,Y03595,BEECHCROFT AND OLD PALACE,Y61,EAST OF ENGLAND COMMISSIONING REGION,T6Y0W,NHS NORFOLK AND SUFFOLK INTEGRATED CARE BOARD
2025-26,Y03602,GREY GABLE SURGERY,Y60,MIDLANDS COMMISSIONING REGION,QGH,NHS HEREFORDSHIRE AND WORCESTERSHIRE INTEGRATED CARE BOARD
2025-26,Y04662,CRANBROOK MEDICAL PRACTICE,Y58,SOUTH WEST COMMISSIONING REGION,QJK,NHS DEVON INTEGRATED CARE BOARD
2025-26,Y04882,CHAUCER SURGERY,Y60,MIDLANDS COMMISSIONING REGION,QWU,NHS COVENTRY AND WARWICKSHIRE INTEGRATED CARE BOARD
2025-26,Y04884,SATIS HOUSE,Y60,MIDLANDS COMMISSIONING REGION,QWU,NHS COVENTRY AND WARWICKSHIRE INTEGRATED CARE BOARD
2025-26,Y04925,CHAPELFORD PRIMARY CARE CENTRE,Y62,NORTH WEST COMMISSIONING REGION,QYG,NHS CHESHIRE AND MERSEYSIDE INTEGRATED CARE BOARD
2025-26,Y04969,CAMP HILL GP LED HEALTH CENTRE,Y60,MIDLANDS COMMISSIONING REGION,QWU,NHS COVENTRY AND WARWICKSHIRE INTEGRATED CARE BOARD
2025-26,Y05286,LISTER HOUSE CHELLASTON,Y60,MIDLANDS COMMISSIONING REGION,QJ2,NHS DERBY AND DERBYSHIRE INTEGRATED CARE BOARD
2025-26,Y05317,COUNTRY PARK PRACTICE,Y56,LONDON COMMISSIONING REGION,QWE,NHS SOUTH WEST LONDON INTEGRATED CARE BOARD
2025-26,Y05346,WESTWOOD PRIMARY CARE CENTRE,Y60,MIDLANDS COMMISSIONING REGION,QT1,NHS NOTTINGHAM AND NOTTINGHAMSHIRE INTEGRATED CARE BOARD
2025-26,Y05364,BHF LUNDWOOD SURGERY,Y63,NORTH EAST AND YORKSHIRE COMMISSIONING REGION,QF7,NHS SOUTH YORKSHIRE INTEGRATED CARE BOARD
2025-26,Y05690,KIRKBY COMMUNITY PRIMARY CARE CENTRE (3),Y60,MIDLANDS COMMISSIONING REGION,QT1,NHS NOTTINGHAM AND NOTTINGHAMSHIRE INTEGRATED CARE BOARD
2025-26,Y05750,DAVID LEWIS MEDICAL PRACTICE,Y62,NORTH WEST COMMISSIONING REGION,QYG,NHS CHESHIRE AND MERSEYSIDE INTEGRATED CARE BOARD
2025-26,Y05826,THE HILL GP PRACTICE,Y60,MIDLANDS COMMISSIONING REGION,QHL,NHS BIRMINGHAM AND SOLIHULL INTEGRATED CARE BOARD
2025-26,Y06378,HEATH STREET HEALTH CENTRE,Y60,MIDLANDS COMMISSIONING REGION,QHL,NHS BIRMINGHAM AND SOLIHULL INTEGRATED CARE BOARD
2025-26,Y06545,SEL SPECIAL ALLOCATION PRACTICE,Y56,LONDON COMMISSIONING REGION,QKK,NHS SOUTH EAST LONDON INTEGRATED CARE BOARD
2025-26,Y06792,BROAD OAK MEDICAL PRACTICE,Y60,MIDLANDS COMMISSIONING REGION,QT1,NHS NOTTINGHAM AND NOTTINGHAMSHIRE INTEGRATED CARE BOARD
2025-26,Y06810,WHITEHOUSE HEALTH CENTRE,Y61,EAST OF ENGLAND COMMISSIONING REGION,S1Y5D,NHS CENTRAL EAST INTEGRATED CARE BOARD
2025-26,Y07057,BRETTON MEDICAL PRACTICE,Y61,EAST OF ENGLAND COMMISSIONING REGION,S1Y5D,NHS CENTRAL EAST INTEGRATED CARE BOARD
2025-26,Y07059,NENE VALLEY AND HODGSON MEDICAL PRACTICE,Y61,EAST OF ENGLAND COMMISSIONING REGION,S1Y5D,NHS CENTRAL EAST INTEGRATED CARE BOARD
2025-26,Y07060,THOMAS WALKER WESTGATE HEALTHCARE,Y61,EAST OF ENGLAND COMMISSIONING REGION,S1Y5D,NHS CENTRAL EAST INTEGRATED CARE BOARD
