year,practice_code,group_code,register,practice_list_size
2025-26,A81001,OB,566,3000
2025-26,A81002,OB,3355,15214
2025-26,A81004,OB,1839,9067
2025-26,A81005,OB,838,6359
2025-26,A81006,OB,2337,11618
2025-26,A81007,OB,1184,8329
2025-26,A81009,OB,1292,6321
2025-26,A81011,OB,1786,9748
2025-26,A81012,OB,890,4284
2025-26,A81013,OB,964,6373
2025-26,A81014,OB,765,3401
2025-26,A81016,OB,1482,9648
2025-26,A81017,OB,2215,14450
2025-26,A81018,OB,1736,8145
2025-26,A81019,OB,1199,6753
2025-26,A81020,OB,1036,6115
2025-26,A81021,OB,4187,20749
2025-26,A81022,OB,1682,7670
2025-26,A81023,OB,1117,6298
2025-26,A81025,OB,567,3242
2025-26,A81026,OB,2340,15524
2025-26,A81027,OB,1506,11601
2025-26,A81029,OB,878,5359
2025-26,A81030,OB,2059,13525
2025-26,A81031,OB,2508,10723
2025-26,A81032,OB,1546,9677
2025-26,A81034,OB,2226,16272
2025-26,A81035,OB,1589,7514
2025-26,A81036,OB,2584,12892
2025-26,A81037,OB,639,4915
2025-26,A81038,OB,453,2680
2025-26,A81039,OB,1389,10403
2025-26,A81040,OB,1254,6827
2025-26,A81041,OB,1630,7581
2025-26,A81042,OB,2189,12293
2025-26,A81044,OB,3630,15694
2025-26,A81045,OB,981,5137
2025-26,A81046,OB,1392,9687
2025-26,A81048,OB,1310,6087
2025-26,A81049,OB,944,4799
2025-26,A81051,OB,1096,5713
2025-26,A81052,OB,1908,8210
2025-26,A81053,OB,1252,4735
2025-26,A81054,OB,1490,6890
2025-26,A81056,OB,435,2003
2025-26,A81057,OB,1712,7975
2025-26,A81058,OB,1344,7198
2025-26,A81060,OB,1048,5052
2025-26,A81063,OB,908,4281
2025-26,A81064,OB,691,6124
2025-26,A81066,OB,768,4532
2025-26,A81067,OB,1433,8247
2025-26,A81070,OB,1229,4753
2025-26,A81602,OB,419,1919
2025-26,A81608,OB,3245,15110
2025-26,A81610,OB,1245,6069
2025-26,A81611,OB,1303,7682
2025-26,A81612,OB,715,3401
2025-26,A81618,OB,1209,8475
2025-26,A81621,OB,356,1983
2025-26,A81622,OB,902,4331
2025-26,A81629,OB,1150,8431
2025-26,A81631,OB,1445,5980
2025-26,A82003,OB,1198,10059
2025-26,A82004,OB,421,1904
2025-26,A82005,OB,567,5107
2025-26,A82006,OB,790,4361
2025-26,A82007,OB,1668,9310
2025-26,A82008,OB,1452,9819
2025-26,A82009,OB,1342,7341
2025-26,A82010,OB,973,5528
2025-26,A82012,OB,2405,14160
2025-26,A82013,OB,1110,5428
2025-26,A82014,OB,577,3681
2025-26,A82015,OB,1140,10753
2025-26,A82016,OB,6776,33032
2025-26,A82018,OB,1777,11143
2025-26,A82020,OB,2064,11991
2025-26,A82021,OB,1987,14982
2025-26,A82022,OB,667,4292
2025-26,A82023,OB,1152,5485
2025-26,A82024,OB,918,5041
2025-26,A82025,OB,1127,9825
2025-26,A82026,OB,2161,14321
2025-26,A82027,OB,1118,8563
2025-26,A82028,OB,701,7240
2025-26,A82029,OB,550,3029
2025-26,A82030,OB,601,5487
2025-26,A82031,OB,383,2837
2025-26,A82032,OB,2611,11248
2025-26,A82033,OB,1021,6526
2025-26,A82035,OB,1972,12065
2025-26,A82036,OB,1394,9712
2025-26,A82037,OB,734,3799
2025-26,A82038,OB,685,3811
2025-26,A82039,OB,951,7240
2025-26,A82041,OB,2453,11335
2025-26,A82044,OB,4394,18563
2025-26,A82045,OB,1749,7522
2025-26,A82046,OB,440,4066
2025-26,A82047,OB,5458,26964
2025-26,A82053,OB,932,6543
2025-26,A82055,OB,1224,6071
2025-26,A82062,OB,845,5250
2025-26,A82064,OB,971,5378
2025-26,A82068,OB,498,3996
2025-26,A82070,OB,618,5771
2025-26,A82071,OB,436,3477
2025-26,A82072,OB,1004,5953
2025-26,A82075,OB,1370,6322
2025-26,A82608,OB,407,3537
2025-26,A82613,OB,59,849
2025-26,A82617,OB,376,2358
2025-26,A82620,OB,118,895
2025-26,A82629,OB,252,2491
2025-26,A82631,OB,574,3170
2025-26,A82646,OB,672,3186
2025-26,A82647,OB,358,2938
2025-26,A82650,OB,366,2616
2025-26,A82651,OB,637,4209
2025-26,A82654,OB,1033,6565
2025-26,A83001,OB,2234,12728
2025-26,A83003,OB,1612,7531
2025-26,A83005,OB,2331,9822
2025-26,A83006,OB,1457,6946
2025-26,A83007,OB,1965,8463
2025-26,A83008,OB,977,4304
2025-26,A83009,OB,1150,6437
2025-26,A83010,OB,2341,10904
2025-26,A83011,OB,1646,31477
2025-26,A83012,OB,2262,12527
2025-26,A83013,OB,1799,10321
2025-26,A83014,OB,797,5256
2025-26,A83015,OB,1410,8016
2025-26,A83016,OB,2138,8792
2025-26,A83018,OB,2738,13769
2025-26,A83020,OB,2341,11016
2025-26,A83021,OB,2468,12877
2025-26,A83022,OB,4520,21600
2025-26,A83023,OB,2216,10056
2025-26,A83024,OB,881,4558
2025-26,A83025,OB,2083,11105
2025-26,A83026,OB,2111,8649
2025-26,A83027,OB,1048,6236
2025-26,A83028,OB,1629,7837
2025-26,A83029,OB,1044,4402
2025-26,A83030,OB,2177,11415
2025-26,A83031,OB,1348,9759
2025-26,A83032,OB,556,2271
2025-26,A83033,OB,1422,8376
2025-26,A83034,OB,1359,9232
2025-26,A83035,OB,1230,6222
2025-26,A83036,OB,1505,8512
2025-26,A83037,OB,1821,10638
2025-26,A83038,OB,1030,5052
2025-26,A83040,OB,1926,9838
2025-26,A83041,OB,1410,5987
2025-26,A83043,OB,534,2379
2025-26,A83044,OB,1592,6788
2025-26,A83045,OB,2675,12200
2025-26,A83046,OB,1491,9286
2025-26,A83047,OB,2403,11930
2025-26,A83048,OB,735,5231
2025-26,A83049,OB,2350,13487
2025-26,A83050,OB,1615,10422
2025-26,A83051,OB,2016,9320
2025-26,A83052,OB,1656,7027
2025-26,A83054,OB,2841,13880
2025-26,A83055,OB,877,4211
2025-26,A83057,OB,3446,14604
2025-26,A83060,OB,380,2406
2025-26,A83061,OB,433,3183
2025-26,A83066,OB,2200,10272
2025-26,A83070,OB,704,4928
2025-26,A83071,OB,904,3766
2025-26,A83072,OB,629,3324
2025-26,A83073,OB,1014,4358
2025-26,A83074,OB,2198,9293
2025-26,A83075,OB,1540,6820
2025-26,A83610,OB,565,2847
2025-26,A83616,OB,1763,7024
2025-26,A83617,OB,462,2277
2025-26,A83618,OB,1456,6239
2025-26,A83619,OB,546,2700
2025-26,A83622,OB,293,1455
2025-26,A83626,OB,429,1886
2025-26,A83627,OB,1170,5079
2025-26,A83634,OB,566,2283
2025-26,A83635,OB,602,3579
2025-26,A83636,OB,1286,4645
2025-26,A83637,OB,825,3400
2025-26,A83641,OB,880,3848
2025-26,A83644,OB,826,2954
2025-26,A84002,OB,601,5508
2025-26,A84005,OB,1738,10515
2025-26,A84006,OB,2749,16141
2025-26,A84007,OB,1041,9036
2025-26,A84008,OB,650,4035
2025-26,A84009,OB,4349,21410
2025-26,A84011,OB,819,7076
2025-26,A84013,OB,1324,5161
2025-26,A84014,OB,2458,11425
2025-26,A84016,OB,1023,5559
2025-26,A84018,OB,731,6256
2025-26,A84020,OB,1735,6761
2025-26,A84022,OB,1774,10500
2025-26,A84024,OB,1136,8810
2025-26,A84025,OB,927,4564
2025-26,A84026,OB,1267,7825
2025-26,A84027,OB,607,2933
2025-26,A84028,OB,3358,16436
2025-26,A84029,OB,660,4044
2025-26,A84030,OB,2172,9898
2025-26,A84031,OB,1509,9443
2025-26,A84033,OB,778,5007
2025-26,A84034,OB,1091,4750
2025-26,A84035,OB,784,4963
2025-26,A84036,OB,7880,40019
2025-26,A84037,OB,919,5063
2025-26,A84038,OB,1438,7589
2025-26,A84039,OB,767,6044
2025-26,A84040,OB,604,2842
2025-26,A84042,OB,265,1914
2025-26,A84044,OB,1132,5890
2025-26,A84045,OB,756,4509
2025-26,A84047,OB,654,4606
2025-26,A84604,OB,820,4315
2025-26,A84614,OB,254,1817
2025-26,A84619,OB,765,3605
2025-26,A85001,OB,940,6012
2025-26,A85002,OB,557,3119
2025-26,A85004,OB,1840,7988
2025-26,A85005,OB,3097,14533
2025-26,A85006,OB,2245,11934
2025-26,A85007,OB,1240,7252
2025-26,A85008,OB,2463,12442
2025-26,A85009,OB,1185,5295
2025-26,A85010,OB,1804,9432
2025-26,A85011,OB,1277,5653
2025-26,A85013,OB,723,3166
2025-26,A85014,OB,3174,16356
2025-26,A85016,OB,2032,9790
2025-26,A85017,OB,793,5748
2025-26,A85018,OB,630,3871
2025-26,A85019,OB,1670,8632
2025-26,A85020,OB,2013,12999
2025-26,A85021,OB,426,3633
2025-26,A85024,OB,304,2141
2025-26,A85026,OB,1055,4679
2025-26,A85611,OB,933,4663
2025-26,A85614,OB,1188,7348
2025-26,A85616,OB,774,4257
2025-26,A85617,OB,557,3149
2025-26,A86003,OB,3351,38557
2025-26,A86004,OB,1587,10556
2025-26,A86005,OB,912,4765
2025-26,A86006,OB,624,4755
2025-26,A86008,OB,1536,10378
2025-26,A86010,OB,1323,9082
2025-26,A86011,OB,2112,8509
2025-26,A86012,OB,1780,9396
2025-26,A86013,OB,1223,5906
2025-26,A86016,OB,1405,7698
2025-26,A86017,OB,1798,9514
2025-26,A86018,OB,1168,10866
2025-26,A86020,OB,1844,23160
2025-26,A86021,OB,1598,7878
2025-26,A86022,OB,1215,6957
2025-26,A86023,OB,1298,8629
2025-26,A86024,OB,799,5669
2025-26,A86025,OB,2274,10462
2025-26,A86026,OB,1368,6082
2025-26,A86027,OB,682,21273
2025-26,A86028,OB,892,6426
2025-26,A86029,OB,2555,17512
2025-26,A86030,OB,1782,8100
2025-26,A86031,OB,1599,8307
2025-26,A86033,OB,656,5728
2025-26,A86037,OB,882,6678
2025-26,A86038,OB,1033,5120
2025-26,A86040,OB,1120,4850
2025-26,A86041,OB,866,5345
2025-26,A86601,OB,1642,7248
2025-26,A87002,OB,2854,18045
2025-26,A87004,OB,3409,20030
2025-26,A87005,OB,1328,11331
2025-26,A87007,OB,2934,14301
2025-26,A87008,OB,657,7178
2025-26,A87009,OB,2032,12578
2025-26,A87011,OB,786,5103
2025-26,A87012,OB,1247,6035
2025-26,A87013,OB,1899,7541
2025-26,A87016,OB,2009,10539
2025-26,A87017,OB,1097,5595
2025-26,A87020,OB,1693,11083
2025-26,A87022,OB,1350,7471
2025-26,A87029,OB,3412,17243
2025-26,A87030,OB,941,4825
2025-26,A87612,OB,1139,5279
2025-26,A87615,OB,778,4454
2025-26,A88001,OB,691,2962
2025-26,A88002,OB,2565,13404
2025-26,A88003,OB,3288,18799
2025-26,A88004,OB,1649,7263
2025-26,A88005,OB,781,3513
2025-26,A88006,OB,1270,6242
2025-26,A88008,OB,1094,5260
2025-26,A88009,OB,770,4881
2025-26,A88010,OB,762,3008
2025-26,A88012,OB,933,4848
2025-26,A88013,OB,2551,15292
2025-26,A88014,OB,289,2371
2025-26,A88015,OB,1206,5978
2025-26,A88016,OB,1291,6821
2025-26,A88022,OB,1575,8710
2025-26,A88023,OB,616,4359
2025-26,A88025,OB,769,3596
2025-26,A88601,OB,797,3776
2025-26,A88608,OB,732,4944
2025-26,A88613,OB,766,3336
2025-26,A89001,OB,2161,10848
2025-26,A89002,OB,880,5694
2025-26,A89004,OB,2317,9675
2025-26,A89005,OB,1030,4804
2025-26,A89006,OB,1580,6342
2025-26,A89007,OB,1368,8208
2025-26,A89008,OB,987,4322
2025-26,A89009,OB,1519,7896
2025-26,A89010,OB,2586,9948
2025-26,A89011,OB,940,3887
2025-26,A89012,OB,1972,9399
2025-26,A89013,OB,908,4905
2025-26,A89015,OB,1495,7880
2025-26,A89016,OB,1375,7877
2025-26,A89017,OB,2233,11616
2025-26,A89018,OB,756,4267
2025-26,A89019,OB,2974,11752
2025-26,A89020,OB,1630,7107
2025-26,A89021,OB,1573,6888
2025-26,A89022,OB,826,4331
2025-26,A89023,OB,1461,6761
2025-26,A89024,OB,1222,6494
2025-26,A89025,OB,1534,7808
2025-26,A89026,OB,976,5936
2025-26,A89027,OB,1217,5069
2025-26,A89028,OB,1117,6186
2025-26,A89030,OB,1166,5388
2025-26,A89031,OB,1056,6099
2025-26,A89032,OB,1309,7576
2025-26,A89034,OB,611,3500
2025-26,A89035,OB,1727,8616
2025-26,A89036,OB,481,1913
2025-26,A89040,OB,640,3907
2025-26,A89041,OB,1200,6346
2025-26,A89614,OB,826,3639
2025-26,A89616,OB,505,2394
2025-26,A89617,OB,688,2977
2025-26,A89623,OB,234,2488
2025-26,B81003,OB,1428,10514
2025-26,B81004,OB,2104,10683
2025-26,B81005,OB,2584,13929
2025-26,B81006,OB,2289,9696
2025-26,B81007,OB,984,8363
2025-26,B81008,OB,4367,29898
2025-26,B81009,OB,922,6978
2025-26,B81011,OB,1307,8398
2025-26,B81012,OB,329,2634
2025-26,B81013,OB,981,7200
2025-26,B81015,OB,3052,13875
2025-26,B81016,OB,1992,7935
2025-26,B81017,OB,1637,13204
2025-26,B81018,OB,806,6966
2025-26,B81020,OB,1423,7016
2025-26,B81022,OB,1430,10550
2025-26,B81024,OB,1130,9459
2025-26,B81025,OB,4831,28295
2025-26,B81026,OB,3370,16007
2025-26,B81027,OB,1256,6248
2025-26,B81029,OB,1689,9829
2025-26,B81030,OB,2665,20415
2025-26,B81031,OB,3729,17162
2025-26,B81032,OB,589,4946
2025-26,B81034,OB,1363,9750
2025-26,B81035,OB,792,5688
2025-26,B81036,OB,2192,15753
2025-26,B81037,OB,2417,12310
2025-26,B81038,OB,846,6537
2025-26,B81039,OB,5771,27677
2025-26,B81040,OB,2310,12219
2025-26,B81041,OB,748,5202
2025-26,B81042,OB,1319,11375
2025-26,B81043,OB,2010,12583
2025-26,B81045,OB,1660,9972
2025-26,B81046,OB,1112,6912
2025-26,B81047,OB,990,6246
2025-26,B81048,OB,8144,44933
2025-26,B81051,OB,1150,9519
2025-26,B81054,OB,1159,6861
2025-26,B81061,OB,5664,39617
2025-26,B81063,OB,587,6247
2025-26,B81064,OB,938,8596
2025-26,B81068,OB,2273,14143
2025-26,B81069,OB,6319,25511
2025-26,B81074,OB,1486,9337
2025-26,B81075,OB,552,3427
2025-26,B81082,OB,640,5572
2025-26,B81085,OB,5005,28938
2025-26,B81087,OB,985,6356
2025-26,B81088,OB,1161,6984
2025-26,B81090,OB,563,3867
2025-26,B81091,OB,869,4260
2025-26,B81092,OB,1637,10415
2025-26,B81097,OB,213,1982
2025-26,B81099,OB,1498,8853
2025-26,B81100,OB,362,3453
2025-26,B81101,OB,2169,19706
2025-26,B81104,OB,470,6758
2025-26,B81108,OB,414,3572
2025-26,B81109,OB,2646,18705
2025-26,B81112,OB,3137,16704
2025-26,B81113,OB,1256,7946
2025-26,B81118,OB,1405,5964
2025-26,B81119,OB,696,4908
2025-26,B81606,OB,446,3317
2025-26,B81616,OB,302,2276
2025-26,B81617,OB,1588,12019
2025-26,B81619,OB,514,1961
2025-26,B81628,OB,299,2400
2025-26,B81631,OB,713,3605
2025-26,B81635,OB,566,3135
2025-26,B81642,OB,586,3673
2025-26,B81645,OB,248,1592
2025-26,B81647,OB,488,2568
2025-26,B81648,OB,161,1361
2025-26,B81653,OB,1007,6255
2025-26,B81655,OB,434,2537
2025-26,B81656,OB,558,4987
2025-26,B81663,OB,217,2259
2025-26,B81665,OB,267,1890
2025-26,B81666,OB,199,2298
2025-26,B81697,OB,387,2349
2025-26,B82002,OB,1091,6708
2025-26,B82004,OB,842,9254
2025-26,B82005,OB,6421,46152
2025-26,B82007,OB,1462,8212
2025-26,B82008,OB,1266,7459
2025-26,B82010,OB,1067,6245
2025-26,B82011,OB,1198,4837
2025-26,B82012,OB,854,12628
2025-26,B82013,OB,2109,17029
2025-26,B82014,OB,640,5541
2025-26,B82016,OB,1551,12863
2025-26,B82017,OB,2046,11403
2025-26,B82018,OB,694,5762
2025-26,B82019,OB,686,3406
2025-26,B82021,OB,738,8405
2025-26,B82022,OB,664,4838
2025-26,B82023,OB,1121,4899
2025-26,B82024,OB,1270,6876
2025-26,B82025,OB,2773,17285
2025-26,B82026,OB,3959,26402
2025-26,B82027,OB,1528,11512
2025-26,B82029,OB,352,2836
2025-26,B82030,OB,798,5004
2025-26,B82031,OB,1516,8673
2025-26,B82032,OB,1023,10111
2025-26,B82033,OB,2133,9349
2025-26,B82034,OB,700,5493
2025-26,B82035,OB,520,3086
2025-26,B82036,OB,1329,6371
2025-26,B82037,OB,1680,7649
2025-26,B82038,OB,3319,19635
2025-26,B82041,OB,1922,12835
2025-26,B82042,OB,1034,7203
2025-26,B82044,OB,1249,8132
2025-26,B82045,OB,525,3623
2025-26,B82046,OB,649,2596
2025-26,B82047,OB,970,15467
2025-26,B82049,OB,1257,6837
2025-26,B82050,OB,2555,18133
2025-26,B82053,OB,1935,12990
2025-26,B82054,OB,1957,14185
2025-26,B82057,OB,519,6065
2025-26,B82059,OB,1271,9482
2025-26,B82060,OB,1581,10510
2025-26,B82061,OB,939,6325
2025-26,B82063,OB,1770,8331
2025-26,B82064,OB,413,3036
2025-26,B82066,OB,1707,8523
2025-26,B82067,OB,867,7121
2025-26,B82068,OB,520,3057
2025-26,B82069,OB,1018,6400
2025-26,B82071,OB,581,6041
2025-26,B82072,OB,436,4342
2025-26,B82073,OB,1562,8780
2025-26,B82074,OB,2829,15158
2025-26,B82075,OB,1266,7943
2025-26,B82077,OB,1016,5259
2025-26,B82078,OB,961,5380
2025-26,B82079,OB,479,3226
2025-26,B82080,OB,1563,15456
2025-26,B82081,OB,780,5932
2025-26,B82083,OB,5732,37285
2025-26,B82086,OB,662,4386
2025-26,B82088,OB,1713,8788
2025-26,B82097,OB,1713,8936
2025-26,B82098,OB,2931,23580
2025-26,B82100,OB,939,7367
2025-26,B82101,OB,802,4529
2025-26,B82104,OB,1151,5860
2025-26,B82105,OB,1362,7663
2025-26,B82106,OB,689,4033
2025-26,B82609,OB,568,3359
2025-26,B82619,OB,218,1518
2025-26,B82622,OB,205,1393
2025-26,B82628,OB,490,3946
2025-26,B83002,OB,402,4726
2025-26,B83005,OB,1050,4929
2025-26,B83008,OB,2769,14790
2025-26,B83009,OB,2551,12392
2025-26,B83010,OB,1168,7834
2025-26,B83012,OB,1794,8247
2025-26,B83014,OB,1370,11312
2025-26,B83015,OB,1011,6602
2025-26,B83016,OB,1339,6303
2025-26,B83018,OB,1761,9861
2025-26,B83019,OB,570,5826
2025-26,B83020,OB,2688,14448
2025-26,B83022,OB,1000,8436
2025-26,B83025,OB,603,3257
2025-26,B83026,OB,703,4142
2025-26,B83028,OB,1237,8529
2025-26,B83029,OB,1332,8085
2025-26,B83031,OB,477,3188
2025-26,B83032,OB,645,3176
2025-26,B83033,OB,14177,69584
2025-26,B83034,OB,927,5057
2025-26,B83035,OB,2065,11441
2025-26,B83037,OB,1297,8322
2025-26,B83038,OB,3031,13824
2025-26,B83039,OB,3278,19547
2025-26,B83041,OB,2123,10778
2025-26,B83042,OB,1299,6774
2025-26,B83045,OB,1736,9630
2025-26,B83051,OB,497,8013
2025-26,B83052,OB,3737,16843
2025-26,B83055,OB,3682,23394
2025-26,B83056,OB,1481,6609
2025-26,B83058,OB,1126,6106
2025-26,B83062,OB,1365,6780
2025-26,B83063,OB,3724,19937
2025-26,B83064,OB,1816,8615
2025-26,B83067,OB,826,6491
2025-26,B83604,OB,597,3429
2025-26,B83611,OB,1060,8478
2025-26,B83614,OB,2311,7003
2025-26,B83620,OB,380,3046
2025-26,B83622,OB,652,3116
2025-26,B83624,OB,1704,14383
2025-26,B83626,OB,669,4546
2025-26,B83627,OB,473,2601
2025-26,B83628,OB,1112,7370
2025-26,B83629,OB,636,2270
2025-26,B83641,OB,1909,7849
2025-26,B83642,OB,622,3472
2025-26,B83653,OB,1101,5544
2025-26,B83657,OB,427,4547
2025-26,B83659,OB,741,2910
2025-26,B83660,OB,685,4212
2025-26,B83661,OB,613,2120
2025-26,B84001,OB,1357,8175
2025-26,B84003,OB,931,6459
2025-26,B84004,OB,1293,15652
2025-26,B84006,OB,1835,12959
2025-26,B84007,OB,1002,8706
2025-26,B84008,OB,1452,13523
2025-26,B84009,OB,1219,9383
2025-26,B84010,OB,918,7945
2025-26,B84011,OB,1405,9216
2025-26,B84012,OB,3553,21833
2025-26,B84013,OB,1657,7351
2025-26,B84014,OB,766,4639
2025-26,B84016,OB,1207,9053
2025-26,B84019,OB,1455,13024
2025-26,B84021,OB,1066,6901
2025-26,B84612,OB,667,7065
2025-26,B84613,OB,1323,8092
2025-26,B84618,OB,716,6117
2025-26,B84623,OB,731,4064
2025-26,B85001,OB,747,5384
2025-26,B85002,OB,440,3699
2025-26,B85004,OB,1240,4678
2025-26,B85005,OB,516,5564
2025-26,B85006,OB,1960,12867
2025-26,B85008,OB,748,4644
2025-26,B85009,OB,1381,6679
2025-26,B85010,OB,687,5639
2025-26,B85012,OB,1392,8232
2025-26,B85014,OB,1478,7644
2025-26,B85015,OB,1274,6801
2025-26,B85016,OB,1064,8127
2025-26,B85018,OB,1555,7244
2025-26,B85019,OB,1506,14248
2025-26,B85020,OB,793,5089
2025-26,B85021,OB,977,7429
2025-26,B85022,OB,1009,6704
2025-26,B85023,OB,744,5111
2025-26,B85024,OB,901,7513
2025-26,B85025,OB,1536,9687
2025-26,B85026,OB,1119,6600
2025-26,B85027,OB,817,8120
2025-26,B85028,OB,1922,13230
2025-26,B85030,OB,1329,7569
2025-26,B85031,OB,692,5849
2025-26,B85032,OB,728,4796
2025-26,B85033,OB,565,4529
2025-26,B85036,OB,1263,6839
2025-26,B85037,OB,866,4462
2025-26,B85038,OB,834,4673
2025-26,B85041,OB,2247,11753
2025-26,B85042,OB,1181,6932
2025-26,B85044,OB,276,2075
2025-26,B85048,OB,415,3190
2025-26,B85051,OB,685,5559
2025-26,B85054,OB,1295,8603
2025-26,B85055,OB,1923,9333
2025-26,B85058,OB,473,2451
2025-26,B85059,OB,767,6862
2025-26,B85060,OB,275,1962
2025-26,B85061,OB,1194,7986
2025-26,B85062,OB,851,12813
2025-26,B85606,OB,451,3557
2025-26,B85610,OB,682,8776
2025-26,B85611,OB,586,2852
2025-26,B85612,OB,703,3720
2025-26,B85614,OB,815,4985
2025-26,B85619,OB,362,2418
2025-26,B85620,OB,439,2313
2025-26,B85623,OB,320,2680
2025-26,B85634,OB,488,2580
2025-26,B85636,OB,521,3611
2025-26,B85640,OB,496,2933
2025-26,B85641,OB,425,3347
2025-26,B85645,OB,375,1733
2025-26,B85646,OB,973,4885
2025-26,B85650,OB,580,3403
2025-26,B85652,OB,896,5580
2025-26,B85655,OB,612,2090
2025-26,B85659,OB,102,1403
2025-26,B85660,OB,769,5269
2025-26,B86002,OB,1467,11103
2025-26,B86003,OB,1912,12903
2025-26,B86004,OB,827,6913
2025-26,B86005,OB,832,4279
2025-26,B86006,OB,2189,12306
2025-26,B86007,OB,1370,7126
2025-26,B86008,OB,2132,14618
2025-26,B86009,OB,799,6182
2025-26,B86010,OB,869,8125
2025-26,B86011,OB,1264,7621
2025-26,B86012,OB,2715,14918
2025-26,B86013,OB,2009,14286
2025-26,B86014,OB,1656,10570
2025-26,B86015,OB,1790,10999
2025-26,B86016,OB,2703,13993
2025-26,B86017,OB,1608,14339
2025-26,B86018,OB,923,6167
2025-26,B86019,OB,2087,15841
2025-26,B86020,OB,1501,8981
2025-26,B86022,OB,1762,10607
2025-26,B86024,OB,1224,7875
2025-26,B86025,OB,994,9567
2025-26,B86028,OB,690,4154
2025-26,B86029,OB,704,4698
2025-26,B86030,OB,832,9436
2025-26,B86032,OB,2173,15396
2025-26,B86033,OB,1264,9938
2025-26,B86034,OB,539,5495
2025-26,B86035,OB,1520,7390
2025-26,B86036,OB,1528,8980
2025-26,B86038,OB,1220,8640
2025-26,B86039,OB,1011,7683
2025-26,B86041,OB,896,6198
2025-26,B86042,OB,2121,11828
2025-26,B86043,OB,968,7637
2025-26,B86044,OB,2692,22193
2025-26,B86048,OB,1592,11917
2025-26,B86049,OB,1199,7920
2025-26,B86050,OB,2230,16098
2025-26,B86051,OB,1780,12175
2025-26,B86052,OB,1179,9730
2025-26,B86054,OB,722,4838
2025-26,B86055,OB,1001,5046
2025-26,B86057,OB,2341,15952
2025-26,B86059,OB,1875,13112
2025-26,B86060,OB,1186,8664
2025-26,B86061,OB,328,3732
2025-26,B86062,OB,1468,6766
2025-26,B86064,OB,2020,13646
2025-26,B86066,OB,911,11254
2025-26,B86067,OB,2208,13620
2025-26,B86068,OB,974,6415
2025-26,B86069,OB,1208,12232
2025-26,B86070,OB,613,3777
2025-26,B86071,OB,656,6523
2025-26,B86075,OB,1687,11167
2025-26,B86081,OB,2082,9873
2025-26,B86086,OB,428,6472
2025-26,B86089,OB,819,4825
2025-26,B86092,OB,1243,5487
2025-26,B86093,OB,763,4445
2025-26,B86094,OB,667,3776
2025-26,B86096,OB,862,4346
2025-26,B86100,OB,778,6198
2025-26,B86101,OB,414,2865
2025-26,B86103,OB,546,3354
2025-26,B86104,OB,1134,12892
2025-26,B86106,OB,796,5518
2025-26,B86108,OB,659,5030
2025-26,B86109,OB,486,6715
2025-26,B86110,OB,735,40730
2025-26,B86623,OB,321,3259
2025-26,B86642,OB,395,2202
2025-26,B86643,OB,452,2773
2025-26,B86648,OB,335,2127
2025-26,B86655,OB,171,1785
2025-26,B86658,OB,1854,9193
2025-26,B86666,OB,408,4374
2025-26,B86667,OB,799,5829
2025-26,B86669,OB,189,2825
2025-26,B86672,OB,860,5383
2025-26,B86673,OB,839,5904
2025-26,B86675,OB,379,4145
2025-26,B86678,OB,329,2471
2025-26,B87001,OB,1110,8140
2025-26,B87002,OB,1501,8676
2025-26,B87003,OB,1661,8960
2025-26,B87004,OB,1463,8979
2025-26,B87005,OB,1709,9440
2025-26,B87006,OB,1723,8328
2025-26,B87007,OB,2587,12910
2025-26,B87008,OB,1779,10411
2025-26,B87009,OB,1139,5060
2025-26,B87011,OB,2056,10663
2025-26,B87012,OB,1395,7733
2025-26,B87013,OB,1585,11833
2025-26,B87015,OB,1049,5936
2025-26,B87016,OB,4906,19493
2025-26,B87017,OB,3505,22139
2025-26,B87018,OB,1315,9364
2025-26,B87019,OB,971,5977
2025-26,B87020,OB,1763,11318
2025-26,B87021,OB,1725,10138
2025-26,B87022,OB,1139,6708
2025-26,B87025,OB,1103,6769
2025-26,B87026,OB,1920,11430
2025-26,B87027,OB,1215,11198
2025-26,B87028,OB,1438,8894
2025-26,B87030,OB,5471,23707
2025-26,B87031,OB,3282,17965
2025-26,B87032,OB,1412,6395
2025-26,B87033,OB,901,4599
2025-26,B87036,OB,880,3502
2025-26,B87039,OB,1557,11673
2025-26,B87042,OB,907,4230
2025-26,B87044,OB,343,1984
2025-26,B87602,OB,509,3016
2025-26,B87604,OB,334,2222
2025-26,C81001,OB,1535,9316
2025-26,C81002,OB,1868,10206
2025-26,C81003,OB,1073,8525
2025-26,C81004,OB,1649,8675
2025-26,C81005,OB,2743,13746
2025-26,C81006,OB,2813,22541
2025-26,C81007,OB,1196,9379
2025-26,C81008,OB,1769,7866
2025-26,C81009,OB,1549,17078
2025-26,C81010,OB,1871,11538
2025-26,C81012,OB,2032,12878
2025-26,C81013,OB,549,4039
2025-26,C81014,OB,1411,9342
2025-26,C81015,OB,1632,10184
2025-26,C81016,OB,1153,7261
2025-26,C81017,OB,1226,7317
2025-26,C81018,OB,1351,7617
2025-26,C81020,OB,2071,8780
2025-26,C81021,OB,2712,11916
2025-26,C81022,OB,564,3390
2025-26,C81023,OB,879,6604
2025-26,C81025,OB,1312,8473
2025-26,C81026,OB,684,5449
2025-26,C81027,OB,1492,6819
2025-26,C81029,OB,1932,13911
2025-26,C81030,OB,752,7871
2025-26,C81031,OB,1284,7837
2025-26,C81032,OB,2089,11252
2025-26,C81033,OB,2598,12817
2025-26,C81034,OB,1499,13754
2025-26,C81035,OB,1642,9766
2025-26,C81036,OB,458,4064
2025-26,C81037,OB,1436,9008
2025-26,C81038,OB,1594,10397
2025-26,C81039,OB,527,3080
2025-26,C81040,OB,684,6949
2025-26,C81041,OB,1794,9566
2025-26,C81042,OB,797,10438
2025-26,C81044,OB,1508,7026
2025-26,C81045,OB,1964,10885
2025-26,C81046,OB,738,3926
2025-26,C81047,OB,1885,10576
2025-26,C81048,OB,724,9155
2025-26,C81049,OB,1121,7891
2025-26,C81050,OB,940,7755
2025-26,C81051,OB,3418,21966
2025-26,C81052,OB,1186,5756
2025-26,C81053,OB,1520,8857
2025-26,C81054,OB,3736,27012
2025-26,C81055,OB,975,4048
2025-26,C81056,OB,727,5428
2025-26,C81057,OB,1592,8806
2025-26,C81058,OB,1503,7304
2025-26,C81059,OB,922,4941
2025-26,C81060,OB,1355,8802
2025-26,C81061,OB,1997,14384
2025-26,C81062,OB,1008,7510
2025-26,C81063,OB,1226,7780
2025-26,C81064,OB,1455,10443
2025-26,C81065,OB,975,7359
2025-26,C81066,OB,1330,9935
2025-26,C81067,OB,1305,8421
2025-26,C81068,OB,1510,9722
2025-26,C81069,OB,1625,11547
2025-26,C81070,OB,324,3274
2025-26,C81071,OB,1063,9482
2025-26,C81072,OB,3266,21158
2025-26,C81073,OB,1174,10509
2025-26,C81075,OB,397,4380
2025-26,C81080,OB,953,6747
2025-26,C81081,OB,2227,16539
2025-26,C81082,OB,573,3016
2025-26,C81083,OB,2329,13620
2025-26,C81084,OB,2384,16668
2025-26,C81086,OB,602,6741
2025-26,C81089,OB,578,4973
2025-26,C81091,OB,1355,6966
2025-26,C81092,OB,517,4922
2025-26,C81094,OB,694,6898
2025-26,C81095,OB,616,3899
2025-26,C81096,OB,1002,4679
2025-26,C81097,OB,549,4678
2025-26,C81099,OB,1347,8812
2025-26,C81101,OB,1058,7027
2025-26,C81106,OB,980,6076
2025-26,C81108,OB,1199,12429
2025-26,C81110,OB,1537,9589
2025-26,C81113,OB,423,5106
2025-26,C81114,OB,1805,10986
2025-26,C81115,OB,785,4100
2025-26,C81118,OB,1162,6232
2025-26,C81604,OB,537,4020
2025-26,C81611,OB,831,8373
2025-26,C81615,OB,258,1829
2025-26,C81616,OB,1023,3945
2025-26,C81634,OB,613,3783
2025-26,C81638,OB,719,3326
2025-26,C81640,OB,448,2956
2025-26,C81647,OB,762,3429
2025-26,C81649,OB,1308,6576
2025-26,C81652,OB,407,4081
2025-26,C81653,OB,345,3480
2025-26,C81655,OB,716,3117
2025-26,C81658,OB,990,6632
2025-26,C81662,OB,1034,6993
2025-26,C82001,OB,2127,20677
2025-26,C82002,OB,1172,8896
2025-26,C82003,OB,1242,9410
2025-26,C82005,OB,996,8502
2025-26,C82007,OB,1429,8824
2025-26,C82008,OB,907,6440
2025-26,C82009,OB,3416,24036
2025-26,C82010,OB,1938,12261
2025-26,C82011,OB,1260,10096
2025-26,C82012,OB,1724,9671
2025-26,C82013,OB,1947,10627
2025-26,C82014,OB,1680,14613
2025-26,C82016,OB,1411,9114
2025-26,C82017,OB,1705,13073
2025-26,C82018,OB,2022,11100
2025-26,C82019,OB,714,4410
2025-26,C82020,OB,870,18666
2025-26,C82021,OB,687,5738
2025-26,C82022,OB,747,6002
2025-26,C82024,OB,2518,16391
2025-26,C82025,OB,1328,8876
2025-26,C82026,OB,1031,6851
2025-26,C82027,OB,822,5866
2025-26,C82028,OB,895,6129
2025-26,C82030,OB,733,5665
2025-26,C82031,OB,2106,10852
2025-26,C82032,OB,832,5852
2025-26,C82033,OB,950,8742
2025-26,C82034,OB,880,7910
2025-26,C82035,OB,789,6516
2025-26,C82037,OB,1330,8559
2025-26,C82038,OB,5558,30240
2025-26,C82039,OB,1347,8616
2025-26,C82040,OB,1015,7890
2025-26,C82041,OB,1438,10567
2025-26,C82042,OB,1505,10474
2025-26,C82043,OB,1113,9046
2025-26,C82044,OB,1247,7674
2025-26,C82045,OB,954,6757
2025-26,C82046,OB,2051,13030
2025-26,C82047,OB,994,8734
2025-26,C82048,OB,533,4238
2025-26,C82050,OB,1947,11325
2025-26,C82051,OB,1049,9651
2025-26,C82052,OB,533,3126
2025-26,C82053,OB,1322,8222
2025-26,C82054,OB,1111,10146
2025-26,C82055,OB,1461,11842
2025-26,C82056,OB,954,11362
2025-26,C82059,OB,119,1497
2025-26,C82060,OB,472,3045
2025-26,C82061,OB,1799,12305
2025-26,C82062,OB,852,7353
2025-26,C82063,OB,1601,9548
2025-26,C82064,OB,1076,10003
2025-26,C82066,OB,1481,13660
2025-26,C82067,OB,638,6870
2025-26,C82068,OB,1304,10109
2025-26,C82070,OB,1236,8377
2025-26,C82071,OB,1307,11521
2025-26,C82072,OB,1434,7046
2025-26,C82073,OB,1499,10905
2025-26,C82075,OB,1154,8927
2025-26,C82076,OB,947,5694
2025-26,C82077,OB,904,10151
2025-26,C82078,OB,1034,9738
2025-26,C82079,OB,802,5481
2025-26,C82080,OB,475,3510
2025-26,C82082,OB,709,4612
2025-26,C82084,OB,350,3101
2025-26,C82086,OB,1150,7801
2025-26,C82088,OB,817,8186
2025-26,C82091,OB,1035,7630
2025-26,C82092,OB,391,3777
2025-26,C82093,OB,1065,10217
2025-26,C82094,OB,802,5178
2025-26,C82095,OB,937,7198
2025-26,C82096,OB,1473,7920
2025-26,C82097,OB,345,2387
2025-26,C82098,OB,686,5848
2025-26,C82099,OB,539,3453
2025-26,C82100,OB,709,4849
2025-26,C82102,OB,528,3991
2025-26,C82103,OB,839,5451
2025-26,C82107,OB,838,6057
2025-26,C82109,OB,739,4386
2025-26,C82111,OB,391,15981
2025-26,C82112,OB,665,7314
2025-26,C82114,OB,166,1975
2025-26,C82116,OB,839,4106
2025-26,C82119,OB,206,2623
2025-26,C82120,OB,397,3302
2025-26,C82121,OB,2131,12143
2025-26,C82124,OB,1439,22553
2025-26,C82600,OB,852,4924
2025-26,C82610,OB,417,4697
2025-26,C82611,OB,971,5614
2025-26,C82614,OB,386,3303
2025-26,C82620,OB,148,1950
2025-26,C82624,OB,701,5925
2025-26,C82627,OB,1195,6432
2025-26,C82628,OB,231,2818
2025-26,C82631,OB,631,5451
2025-26,C82634,OB,684,5018
2025-26,C82639,OB,1096,8086
2025-26,C82642,OB,1134,7411
2025-26,C82643,OB,1880,10394
2025-26,C82644,OB,755,3799
2025-26,C82649,OB,810,4784
2025-26,C82650,OB,410,4213
2025-26,C82651,OB,508,3137
2025-26,C82653,OB,117,1665
2025-26,C82656,OB,344,2422
2025-26,C82659,OB,261,2275
2025-26,C82660,OB,949,5939
2025-26,C82662,OB,735,6904
2025-26,C82667,OB,848,6224
2025-26,C82669,OB,349,3275
2025-26,C82670,OB,47,768
2025-26,C82671,OB,851,6530
2025-26,C82676,OB,562,5555
2025-26,C82678,OB,764,4513
2025-26,C82680,OB,421,3843
2025-26,C83001,OB,2569,23451
2025-26,C83002,OB,924,6933
2025-26,C83003,OB,2444,16720
2025-26,C83004,OB,1691,9552
2025-26,C83005,OB,884,6118
2025-26,C83007,OB,2833,22156
2025-26,C83008,OB,1299,5881
2025-26,C83009,OB,1318,6693
2025-26,C83010,OB,2105,14452
2025-26,C83011,OB,1866,10208
2025-26,C83013,OB,1439,6528
2025-26,C83014,OB,1659,8131
2025-26,C83015,OB,1738,7288
2025-26,C83018,OB,2127,9443
2025-26,C83019,OB,4840,18852
2025-26,C83020,OB,1840,8579
2025-26,C83022,OB,4181,18576
2025-26,C83023,OB,3192,14355
2025-26,C83024,OB,421,3140
2025-26,C83025,OB,2361,15146
2025-26,C83026,OB,2809,19026
2025-26,C83027,OB,1312,8717
2025-26,C83028,OB,1595,6461
2025-26,C83029,OB,481,3483
2025-26,C83030,OB,1285,4320
2025-26,C83031,OB,2063,10126
2025-26,C83032,OB,1414,5870
2025-26,C83033,OB,886,3195
2025-26,C83035,OB,1714,10143
2025-26,C83036,OB,2029,6872
2025-26,C83037,OB,1158,7953
2025-26,C83038,OB,1349,6692
2025-26,C83039,OB,1045,4806
2025-26,C83040,OB,2540,12067
2025-26,C83041,OB,1119,6229
2025-26,C83042,OB,1198,6021
2025-26,C83043,OB,1565,8930
2025-26,C83044,OB,1430,9767
2025-26,C83045,OB,1773,14093
2025-26,C83046,OB,1092,4985
2025-26,C83048,OB,1796,10486
2025-26,C83049,OB,995,8784
2025-26,C83051,OB,836,7044
2025-26,C83052,OB,659,3471
2025-26,C83053,OB,228,2013
2025-26,C83054,OB,2194,12786
2025-26,C83055,OB,1165,5271
2025-26,C83056,OB,1687,11841
2025-26,C83057,OB,1018,6556
2025-26,C83058,OB,1385,7819
2025-26,C83059,OB,1871,11124
2025-26,C83060,OB,1952,12341
2025-26,C83061,OB,1401,7712
2025-26,C83062,OB,939,4793
2025-26,C83063,OB,2494,13120
2025-26,C83064,OB,3241,12472
2025-26,C83065,OB,1737,7900
2025-26,C83067,OB,1223,5923
2025-26,C83072,OB,1202,7656
2025-26,C83073,OB,764,6811
2025-26,C83074,OB,799,4286
2025-26,C83075,OB,1096,8366
2025-26,C83078,OB,1068,7116
2025-26,C83079,OB,967,5782
2025-26,C83080,OB,1150,4620
2025-26,C83082,OB,1585,8658
2025-26,C83083,OB,1410,6106
2025-26,C83085,OB,1413,11077
2025-26,C83611,OB,582,5633
2025-26,C83613,OB,747,4389
2025-26,C83614,OB,495,3085
2025-26,C83617,OB,1103,7432
2025-26,C83626,OB,1368,9213
2025-26,C83634,OB,553,4263
2025-26,C83635,OB,956,4610
2025-26,C83641,OB,547,3410
2025-26,C83643,OB,490,2059
2025-26,C83649,OB,677,4184
2025-26,C83650,OB,785,3530
2025-26,C84001,OB,3881,24526
2025-26,C84004,OB,890,7459
2025-26,C84005,OB,2811,22914
2025-26,C84008,OB,867,5079
2025-26,C84009,OB,2166,11029
2025-26,C84010,OB,2374,15180
2025-26,C84011,OB,719,7416
2025-26,C84012,OB,1645,9822
2025-26,C84013,OB,2062,13110
2025-26,C84014,OB,2216,9599
2025-26,C84016,OB,2853,12853
2025-26,C84017,OB,3205,21410
2025-26,C84018,OB,1108,9555
2025-26,C84019,OB,1881,10018
2025-26,C84020,OB,825,5505
2025-26,C84021,OB,1421,10520
2025-26,C84023,OB,1721,39179
2025-26,C84024,OB,3707,24390
2025-26,C84025,OB,685,6835
2025-26,C84026,OB,1853,10450
2025-26,C84028,OB,823,6172
2025-26,C84029,OB,3683,18051
2025-26,C84030,OB,1211,9985
2025-26,C84032,OB,2885,14869
2025-26,C84033,OB,867,7598
2025-26,C84034,OB,1434,7086
2025-26,C84035,OB,2058,9452
2025-26,C84036,OB,2205,15012
2025-26,C84037,OB,1684,10456
2025-26,C84039,OB,1239,10223
2025-26,C84042,OB,727,5670
2025-26,C84043,OB,1949,9635
2025-26,C84044,OB,897,8265
2025-26,C84045,OB,1403,6799
2025-26,C84046,OB,941,7076
2025-26,C84047,OB,1547,8724
2025-26,C84049,OB,1386,10230
2025-26,C84051,OB,1865,15296
2025-26,C84053,OB,2936,13270
2025-26,C84055,OB,1435,8926
2025-26,C84057,OB,687,3562
2025-26,C84059,OB,1818,10168
2025-26,C84060,OB,1366,6726
2025-26,C84061,OB,1513,7385
2025-26,C84063,OB,991,6553
2025-26,C84064,OB,1402,7964
2025-26,C84065,OB,798,4103
2025-26,C84066,OB,1551,8466
2025-26,C84067,OB,776,4590
2025-26,C84069,OB,1693,10612
2025-26,C84072,OB,1459,7822
2025-26,C84074,OB,796,4208
2025-26,C84076,OB,493,3300
2025-26,C84077,OB,2979,15111
2025-26,C84078,OB,1735,10219
2025-26,C84080,OB,1800,11355
2025-26,C84081,OB,705,5359
2025-26,C84084,OB,957,7068
2025-26,C84085,OB,1097,9251
2025-26,C84086,OB,961,11621
2025-26,C84087,OB,726,4548
2025-26,C84090,OB,679,7662
2025-26,C84091,OB,1043,6566
2025-26,C84092,OB,561,4143
2025-26,C84094,OB,3609,19378
2025-26,C84095,OB,838,5704
2025-26,C84101,OB,311,3127
2025-26,C84105,OB,961,5483
2025-26,C84106,OB,949,6716
2025-26,C84107,OB,1047,5822
2025-26,C84112,OB,417,3045
2025-26,C84113,OB,1066,6160
2025-26,C84115,OB,1286,8157
2025-26,C84116,OB,846,6456
2025-26,C84117,OB,1218,18483
2025-26,C84120,OB,1487,12583
2025-26,C84122,OB,944,8273
2025-26,C84123,OB,917,3574
2025-26,C84129,OB,1453,7772
2025-26,C84131,OB,1007,6982
2025-26,C84136,OB,543,3842
2025-26,C84140,OB,799,4134
2025-26,C84142,OB,989,4284
2025-26,C84144,OB,554,4049
2025-26,C84150,OB,443,3919
2025-26,C84151,OB,282,2672
2025-26,C84605,OB,1659,14429
2025-26,C84613,OB,1914,9729
2025-26,C84619,OB,1053,5356
2025-26,C84621,OB,440,4085
2025-26,C84624,OB,716,4653
2025-26,C84628,OB,685,6082
2025-26,C84629,OB,489,3414
2025-26,C84637,OB,1272,7752
2025-26,C84646,OB,476,5392
2025-26,C84654,OB,583,3764
2025-26,C84656,OB,1006,7012
2025-26,C84658,OB,1622,8216
2025-26,C84660,OB,651,3755
2025-26,C84664,OB,430,4064
2025-26,C84667,OB,841,4980
2025-26,C84676,OB,750,6363
2025-26,C84679,OB,348,3544
2025-26,C84682,OB,544,4148
2025-26,C84683,OB,1278,9248
2025-26,C84691,OB,644,6775
2025-26,C84692,OB,431,2293
2025-26,C84693,OB,645,4185
2025-26,C84694,OB,370,3559
2025-26,C84695,OB,549,3419
2025-26,C84696,OB,495,3940
2025-26,C84703,OB,616,5349
2025-26,C84704,OB,1055,6236
2025-26,C84705,OB,991,6232
2025-26,C84714,OB,315,6001
2025-26,C85001,OB,744,3566
2025-26,C85003,OB,2131,10412
2025-26,C85004,OB,2255,13278
2025-26,C85005,OB,1132,5908
2025-26,C85006,OB,852,4717
2025-26,C85007,OB,1531,8608
2025-26,C85008,OB,2060,10595
2025-26,C85009,OB,935,5953
2025-26,C85010,OB,2890,13497
2025-26,C85013,OB,1917,8683
2025-26,C85014,OB,1384,7727
2025-26,C85016,OB,1941,8752
2025-26,C85017,OB,1971,9551
2025-26,C85018,OB,1414,5657
2025-26,C85019,OB,1852,9348
2025-26,C85020,OB,1939,10044
2025-26,C85022,OB,1691,10568
2025-26,C85023,OB,1405,9193
2025-26,C85024,OB,900,5198
2025-26,C85028,OB,384,3069
2025-26,C85030,OB,1957,8089
2025-26,C85033,OB,1180,8950
2025-26,C85614,OB,600,3720
2025-26,C85619,OB,1534,6668
2025-26,C85622,OB,234,1907
2025-26,C85623,OB,638,4587
2025-26,C86001,OB,2816,13187
2025-26,C86002,OB,1017,6350
2025-26,C86003,OB,1769,7751
2025-26,C86005,OB,754,3826
2025-26,C86006,OB,1604,8333
2025-26,C86007,OB,2984,15444
2025-26,C86009,OB,1136,6151
2025-26,C86011,OB,1660,11214
2025-26,C86012,OB,582,4517
2025-26,C86013,OB,1200,7233
2025-26,C86015,OB,1135,6562
2025-26,C86016,OB,1519,7282
2025-26,C86017,OB,1946,12682
2025-26,C86018,OB,1192,7897
2025-26,C86019,OB,2215,13051
2025-26,C86020,OB,1472,6902
2025-26,C86021,OB,810,5088
2025-26,C86023,OB,2027,10865
2025-26,C86024,OB,1991,9642
2025-26,C86025,OB,686,5267
2025-26,C86026,OB,829,3905
2025-26,C86029,OB,2031,11268
2025-26,C86032,OB,725,4443
2025-26,C86033,OB,692,3961
2025-26,C86034,OB,1787,7971
2025-26,C86037,OB,1244,7248
2025-26,C86038,OB,1248,7599
2025-26,C86605,OB,565,6235
2025-26,C86609,OB,2453,15721
2025-26,C86611,OB,1258,5651
2025-26,C86614,OB,1671,7687
2025-26,C86616,OB,265,2850
2025-26,C86621,OB,698,3519
2025-26,C86625,OB,109,1334
2025-26,C86626,OB,361,2294
2025-26,C87002,OB,2627,17221
2025-26,C87003,OB,1973,8791
2025-26,C87004,OB,1547,9780
2025-26,C87005,OB,2837,15133
2025-26,C87006,OB,2017,11846
2025-26,C87007,OB,1456,9689
2025-26,C87008,OB,2028,12911
2025-26,C87009,OB,1496,8487
2025-26,C87010,OB,664,3532
2025-26,C87012,OB,2463,12299
2025-26,C87013,OB,818,5229
2025-26,C87014,OB,1295,7313
2025-26,C87015,OB,980,5524
2025-26,C87016,OB,1788,10017
2025-26,C87017,OB,1747,10124
2025-26,C87018,OB,756,6296
2025-26,C87020,OB,886,4287
2025-26,C87022,OB,1534,6675
2025-26,C87024,OB,561,3333
2025-26,C87029,OB,2233,9953
2025-26,C87030,OB,1565,7738
2025-26,C87031,OB,562,3105
2025-26,C87603,OB,487,3284
2025-26,C87604,OB,540,4816
2025-26,C87608,OB,901,4149
2025-26,C87616,OB,1178,5155
2025-26,C87620,OB,1414,5590
2025-26,C87622,OB,1466,7780
2025-26,C88005,OB,1674,13015
2025-26,C88006,OB,739,4647
2025-26,C88007,OB,1562,24593
2025-26,C88008,OB,1452,10483
2025-26,C88009,OB,870,4818
2025-26,C88010,OB,1989,11862
2025-26,C88011,OB,735,3538
2025-26,C88014,OB,1638,7263
2025-26,C88015,OB,2380,15082
2025-26,C88016,OB,1337,10860
2025-26,C88018,OB,637,7401
2025-26,C88019,OB,1179,6425
2025-26,C88020,OB,994,5772
2025-26,C88021,OB,833,6227
2025-26,C88022,OB,576,4421
2025-26,C88023,OB,1592,7834
2025-26,C88025,OB,1093,7558
2025-26,C88026,OB,1692,10846
2025-26,C88027,OB,568,3647
2025-26,C88028,OB,523,8199
2025-26,C88030,OB,1038,6677
2025-26,C88031,OB,1242,11120
2025-26,C88032,OB,696,4642
2025-26,C88034,OB,434,7528
2025-26,C88035,OB,1185,7681
2025-26,C88036,OB,1267,8259
2025-26,C88037,OB,1940,11452
2025-26,C88038,OB,441,4961
2025-26,C88039,OB,1298,7078
2025-26,C88040,OB,469,5015
2025-26,C88041,OB,1666,10416
2025-26,C88043,OB,862,8802
2025-26,C88044,OB,322,4262
2025-26,C88045,OB,806,7270
2025-26,C88046,OB,625,5491
2025-26,C88047,OB,1277,6063
2025-26,C88048,OB,890,5956
2025-26,C88049,OB,597,4893
2025-26,C88050,OB,379,2932
2025-26,C88051,OB,1048,5538
2025-26,C88052,OB,801,9021
2025-26,C88053,OB,224,3163
2025-26,C88054,OB,937,6372
2025-26,C88059,OB,267,2064
2025-26,C88060,OB,318,3905
2025-26,C88062,OB,223,3679
2025-26,C88069,OB,1820,11718
2025-26,C88070,OB,1258,5855
2025-26,C88072,OB,1505,9732
2025-26,C88073,OB,547,4249
2025-26,C88074,OB,471,4218
2025-26,C88076,OB,890,8013
2025-26,C88077,OB,1117,5894
2025-26,C88078,OB,921,5771
2025-26,C88079,OB,419,6904
2025-26,C88082,OB,611,5662
2025-26,C88083,OB,122,2036
2025-26,C88084,OB,431,2336
2025-26,C88085,OB,1285,7449
2025-26,C88086,OB,351,1919
2025-26,C88087,OB,1464,7231
2025-26,C88088,OB,1212,5561
2025-26,C88090,OB,1141,6248
2025-26,C88091,OB,233,1699
2025-26,C88092,OB,1352,8108
2025-26,C88095,OB,667,4648
2025-26,C88622,OB,265,2425
2025-26,C88627,OB,899,32726
2025-26,C88631,OB,120,1163
2025-26,C88647,OB,1644,8743
2025-26,C88648,OB,944,6072
2025-26,C88652,OB,166,3257
2025-26,C88655,OB,181,900
2025-26,D81001,OB,584,12877
2025-26,D81002,OB,1023,20643
2025-26,D81003,OB,625,9194
2025-26,D81004,OB,1675,11569
2025-26,D81005,OB,380,13466
2025-26,D81008,OB,2547,15476
2025-26,D81010,OB,1514,9124
2025-26,D81011,OB,1775,7744
2025-26,D81012,OB,729,9226
2025-26,D81013,OB,940,17118
2025-26,D81014,OB,2905,19662
2025-26,D81015,OB,968,5823
2025-26,D81016,OB,1417,10016
2025-26,D81017,OB,775,7696
2025-26,D81018,OB,732,6592
2025-26,D81021,OB,2131,10298
2025-26,D81022,OB,2783,14047
2025-26,D81025,OB,827,7491
2025-26,D81026,OB,6474,37761
2025-26,D81027,OB,1037,6397
2025-26,D81028,OB,959,10414
2025-26,D81029,OB,1728,10538
2025-26,D81030,OB,1939,12574
2025-26,D81031,OB,2246,16199
2025-26,D81033,OB,573,4044
2025-26,D81034,OB,2084,15480
2025-26,D81035,OB,978,8041
2025-26,D81036,OB,608,4141
2025-26,D81037,OB,288,10554
2025-26,D81038,OB,548,6224
2025-26,D81041,OB,812,5470
2025-26,D81042,OB,723,7520
2025-26,D81043,OB,5583,47491
2025-26,D81044,OB,1608,11477
2025-26,D81045,OB,1134,8515
2025-26,D81046,OB,2712,14879
2025-26,D81047,OB,496,6541
2025-26,D81049,OB,1609,9544
2025-26,D81050,OB,2422,13698
2025-26,D81051,OB,914,7830
2025-26,D81052,OB,1508,7904
2025-26,D81054,OB,781,18244
2025-26,D81055,OB,518,4798
2025-26,D81056,OB,338,6158
2025-26,D81057,OB,3153,17082
2025-26,D81058,OB,523,6233
2025-26,D81059,OB,1270,6194
2025-26,D81060,OB,950,6181
2025-26,D81061,OB,2403,9755
2025-26,D81062,OB,1189,6567
2025-26,D81064,OB,1077,5784
2025-26,D81065,OB,887,5151
2025-26,D81066,OB,668,8767
2025-26,D81070,OB,511,9263
2025-26,D81073,OB,744,4305
2025-26,D81078,OB,408,3321
2025-26,D81081,OB,733,4550
2025-26,D81082,OB,917,6484
2025-26,D81084,OB,718,9171
2025-26,D81085,OB,639,5896
2025-26,D81086,OB,650,6369
2025-26,D81603,OB,1360,6044
2025-26,D81606,OB,1155,10946
2025-26,D81607,OB,292,2808
2025-26,D81611,OB,2393,10912
2025-26,D81612,OB,533,4120
2025-26,D81615,OB,1205,8967
2025-26,D81618,OB,176,2665
2025-26,D81622,OB,2170,11442
2025-26,D81625,OB,2898,24258
2025-26,D81629,OB,569,5070
2025-26,D81630,OB,1014,9333
2025-26,D81631,OB,1144,10576
2025-26,D81633,OB,1396,8639
2025-26,D81637,OB,1384,9945
2025-26,D81645,OB,241,2062
2025-26,D82001,OB,2170,12252
2025-26,D82002,OB,1810,9983
2025-26,D82003,OB,2925,20073
2025-26,D82004,OB,2011,10497
2025-26,D82005,OB,792,8278
2025-26,D82006,OB,984,7409
2025-26,D82007,OB,3258,20296
2025-26,D82008,OB,1679,16502
2025-26,D82009,OB,999,6108
2025-26,D82010,OB,815,4534
2025-26,D82011,OB,1814,14530
2025-26,D82012,OB,1510,12173
2025-26,D82013,OB,969,7007
2025-26,D82015,OB,1278,7117
2025-26,D82016,OB,1083,8382
2025-26,D82017,OB,1626,8952
2025-26,D82018,OB,1158,9220
2025-26,D82019,OB,2805,16176
2025-26,D82020,OB,2094,10470
2025-26,D82022,OB,902,6039
2025-26,D82023,OB,1738,11643
2025-26,D82024,OB,1445,10544
2025-26,D82025,OB,1358,8597
2025-26,D82026,OB,725,7263
2025-26,D82027,OB,1030,6757
2025-26,D82028,OB,931,5124
2025-26,D82029,OB,2141,15749
2025-26,D82030,OB,1344,7533
2025-26,D82031,OB,1192,6877
2025-26,D82032,OB,743,7048
2025-26,D82034,OB,2489,15214
2025-26,D82035,OB,2090,9017
2025-26,D82036,OB,844,7381
2025-26,D82037,OB,1139,9188
2025-26,D82038,OB,341,2803
2025-26,D82039,OB,1405,7283
2025-26,D82040,OB,1618,10032
2025-26,D82041,OB,1466,7977
2025-26,D82042,OB,898,7194
2025-26,D82043,OB,645,5570
2025-26,D82044,OB,4857,24573
2025-26,D82045,OB,2270,15420
2025-26,D82046,OB,861,3778
2025-26,D82047,OB,843,5929
2025-26,D82048,OB,1242,10077
2025-26,D82049,OB,741,2961
2025-26,D82050,OB,1487,9168
2025-26,D82051,OB,2288,14950
2025-26,D82053,OB,1120,5039
2025-26,D82054,OB,2632,13180
2025-26,D82056,OB,1611,8368
2025-26,D82057,OB,1169,6068
2025-26,D82058,OB,2710,15084
2025-26,D82059,OB,1692,10006
2025-26,D82062,OB,951,7362
2025-26,D82063,OB,1957,11558
2025-26,D82064,OB,2231,17595
2025-26,D82065,OB,1404,6561
2025-26,D82066,OB,937,5712
2025-26,D82067,OB,1982,12145
2025-26,D82068,OB,1362,6491
2025-26,D82070,OB,1026,5471
2025-26,D82071,OB,1648,11505
2025-26,D82072,OB,425,3459
2025-26,D82073,OB,1843,12340
2025-26,D82076,OB,993,7196
2025-26,D82078,OB,1030,8244
2025-26,D82079,OB,1023,4612
2025-26,D82080,OB,1039,7303
2025-26,D82084,OB,882,6856
2025-26,D82085,OB,1062,6746
2025-26,D82087,OB,899,5409
2025-26,D82088,OB,923,19185
2025-26,D82096,OB,1101,6455
2025-26,D82099,OB,1880,13764
2025-26,D82100,OB,921,3855
2025-26,D82104,OB,1388,8015
2025-26,D82105,OB,1100,6254
2025-26,D82106,OB,485,4994
2025-26,D82600,OB,263,1699
2025-26,D82604,OB,533,3038
2025-26,D82618,OB,737,4658
2025-26,D82621,OB,1139,5811
2025-26,D82624,OB,844,6819
2025-26,D82628,OB,440,3542
2025-26,D83001,OB,1340,9364
2025-26,D83002,OB,2295,12399
2025-26,D83003,OB,619,4272
2025-26,D83004,OB,1333,8273
2025-26,D83005,OB,1139,11719
2025-26,D83006,OB,608,6394
2025-26,D83007,OB,909,7887
2025-26,D83008,OB,2105,12671
2025-26,D83009,OB,2395,16227
2025-26,D83010,OB,1288,5540
2025-26,D83011,OB,1728,9956
2025-26,D83012,OB,4174,23043
2025-26,D83013,OB,1612,11495
2025-26,D83015,OB,1052,7199
2025-26,D83016,OB,1883,8712
2025-26,D83017,OB,1433,11474
2025-26,D83018,OB,2117,10328
2025-26,D83019,OB,1083,6697
2025-26,D83020,OB,851,6598
2025-26,D83021,OB,3052,15999
2025-26,D83022,OB,685,4662
2025-26,D83023,OB,1777,9285
2025-26,D83024,OB,1605,11555
2025-26,D83026,OB,1167,7528
2025-26,D83027,OB,896,9518
2025-26,D83028,OB,1050,7703
2025-26,D83029,OB,1215,11647
2025-26,D83030,OB,1134,6146
2025-26,D83033,OB,1456,8627
2025-26,D83034,OB,1679,9888
2025-26,D83035,OB,1338,9078
2025-26,D83037,OB,2147,13345
2025-26,D83038,OB,1746,12973
2025-26,D83040,OB,1181,9124
2025-26,D83041,OB,1259,8427
2025-26,D83043,OB,707,5317
2025-26,D83044,OB,3519,18934
2025-26,D83045,OB,950,4580
2025-26,D83046,OB,3268,23801
2025-26,D83047,OB,2301,12915
2025-26,D83048,OB,3000,15184
2025-26,D83049,OB,870,5846
2025-26,D83050,OB,3996,22265
2025-26,D83051,OB,2062,15496
2025-26,D83053,OB,1422,7785
2025-26,D83054,OB,908,5999
2025-26,D83055,OB,1869,13196
2025-26,D83056,OB,1351,8324
2025-26,D83057,OB,1871,11830
2025-26,D83059,OB,2708,16490
2025-26,D83060,OB,2732,19947
2025-26,D83061,OB,1435,8299
2025-26,D83062,OB,1271,6279
2025-26,D83067,OB,829,6821
2025-26,D83069,OB,772,5384
2025-26,D83070,OB,708,4297
2025-26,D83073,OB,410,4523
2025-26,D83074,OB,1424,11305
2025-26,D83075,OB,1555,10868
2025-26,D83076,OB,632,4783
2025-26,D83078,OB,1151,7678
2025-26,D83079,OB,1237,7744
2025-26,D83080,OB,613,4921
2025-26,D83081,OB,1526,6850
2025-26,D83084,OB,530,5218
2025-26,D83608,OB,1302,5466
2025-26,D83610,OB,1369,10370
2025-26,E81002,OB,862,7905
2025-26,E81003,OB,2167,16599
2025-26,E81004,OB,1147,9715
2025-26,E81005,OB,822,8211
2025-26,E81006,OB,906,7458
2025-26,E81007,OB,519,5533
2025-26,E81008,OB,1467,9436
2025-26,E81009,OB,1680,10048
2025-26,E81010,OB,1218,6896
2025-26,E81012,OB,1230,10484
2025-26,E81013,OB,1386,12340
2025-26,E81014,OB,1776,13905
2025-26,E81015,OB,1571,11781
2025-26,E81016,OB,843,4793
2025-26,E81018,OB,1294,10237
2025-26,E81019,OB,2316,17386
2025-26,E81021,OB,2517,16583
2025-26,E81022,OB,1958,14725
2025-26,E81024,OB,503,5004
2025-26,E81025,OB,662,5724
2025-26,E81026,OB,1339,7751
2025-26,E81027,OB,1608,10111
2025-26,E81028,OB,2235,11538
2025-26,E81029,OB,2176,14324
2025-26,E81030,OB,1069,8026
2025-26,E81031,OB,436,4276
2025-26,E81032,OB,4821,36292
2025-26,E81033,OB,2061,16046
2025-26,E81034,OB,1032,6837
2025-26,E81035,OB,1384,8095
2025-26,E81036,OB,1562,10104
2025-26,E81037,OB,3420,30218
2025-26,E81038,OB,2743,17152
2025-26,E81040,OB,1027,7480
2025-26,E81041,OB,1319,10365
2025-26,E81043,OB,1170,8597
2025-26,E81044,OB,2122,15199
2025-26,E81045,OB,946,8297
2025-26,E81046,OB,800,10020
2025-26,E81047,OB,1892,14356
2025-26,E81048,OB,1330,8558
2025-26,E81049,OB,565,6273
2025-26,E81050,OB,1204,10473
2025-26,E81052,OB,829,6583
2025-26,E81057,OB,2403,17301
2025-26,E81060,OB,793,4994
2025-26,E81061,OB,660,5530
2025-26,E81063,OB,2045,6873
2025-26,E81069,OB,445,4074
2025-26,E81073,OB,1274,13428
2025-26,E81074,OB,977,9455
2025-26,E81076,OB,830,4237
2025-26,E81612,OB,581,4200
2025-26,E81615,OB,562,3280
2025-26,E81617,OB,830,4172
2025-26,E81631,OB,916,7338
2025-26,E81632,OB,668,6640
2025-26,E81633,OB,536,3881
2025-26,E81635,OB,750,6480
2025-26,E82001,OB,3897,34949
2025-26,E82002,OB,1583,8588
2025-26,E82004,OB,405,3821
2025-26,E82005,OB,5971,37849
2025-26,E82006,OB,876,6432
2025-26,E82007,OB,956,9230
2025-26,E82008,OB,1145,8755
2025-26,E82009,OB,3241,18073
2025-26,E82012,OB,1891,11464
2025-26,E82013,OB,4344,28195
2025-26,E82014,OB,2326,15462
2025-26,E82015,OB,855,6974
2025-26,E82017,OB,1334,10158
2025-26,E82018,OB,1410,11826
2025-26,E82019,OB,1049,13071
2025-26,E82020,OB,905,5306
2025-26,E82021,OB,531,5371
2025-26,E82022,OB,2361,14644
2025-26,E82023,OB,1452,9565
2025-26,E82024,OB,1720,14677
2025-26,E82027,OB,1567,10435
2025-26,E82031,OB,1347,15874
2025-26,E82032,OB,2408,11833
2025-26,E82035,OB,1147,10091
2025-26,E82037,OB,1012,12025
2025-26,E82038,OB,1657,15969
2025-26,E82040,OB,2035,16624
2025-26,E82041,OB,1153,9938
2025-26,E82042,OB,1147,7330
2025-26,E82043,OB,1672,12107
2025-26,E82044,OB,1450,11870
2025-26,E82045,OB,2420,14941
2025-26,E82046,OB,1036,8478
2025-26,E82050,OB,733,4143
2025-26,E82051,OB,1771,11343
2025-26,E82053,OB,1374,14051
2025-26,E82055,OB,1514,10654
2025-26,E82056,OB,1490,8105
2025-26,E82058,OB,1172,15440
2025-26,E82059,OB,794,8160
2025-26,E82060,OB,1562,16874
2025-26,E82061,OB,1867,11502
2025-26,E82062,OB,1883,12931
2025-26,E82063,OB,1217,9293
2025-26,E82066,OB,466,3033
2025-26,E82067,OB,1084,13235
2025-26,E82068,OB,1445,15662
2025-26,E82069,OB,944,6778
2025-26,E82070,OB,443,2644
2025-26,E82071,OB,1081,13015
2025-26,E82073,OB,5992,37660
2025-26,E82074,OB,1993,18338
2025-26,E82075,OB,1255,9910
2025-26,E82077,OB,619,9725
2025-26,E82078,OB,880,8118
2025-26,E82079,OB,1030,6865
2025-26,E82081,OB,1137,10910
2025-26,E82082,OB,1845,14919
2025-26,E82083,OB,1155,8245
2025-26,E82084,OB,1097,10666
2025-26,E82085,OB,1426,14915
2025-26,E82086,OB,2277,19348
2025-26,E82088,OB,980,7870
2025-26,E82090,OB,780,8134
2025-26,E82091,OB,1765,12675
2025-26,E82092,OB,1419,13465
2025-26,E82093,OB,1659,10657
2025-26,E82094,OB,832,9934
2025-26,E82096,OB,1359,8253
2025-26,E82098,OB,744,6185
2025-26,E82099,OB,1399,10407
2025-26,E82100,OB,1317,10923
2025-26,E82102,OB,1110,13755
2025-26,E82105,OB,479,3855
2025-26,E82106,OB,956,11194
2025-26,E82107,OB,1486,8325
2025-26,E82111,OB,1047,6049
2025-26,E82113,OB,681,5502
2025-26,E82115,OB,1260,8520
2025-26,E82117,OB,1100,9589
2025-26,E82121,OB,320,4274
2025-26,E82123,OB,861,7864
2025-26,E82124,OB,4416,26398
2025-26,E82129,OB,1794,12528
2025-26,E82132,OB,525,4816
2025-26,E82133,OB,1112,7277
2025-26,E82626,OB,233,2235
2025-26,E82638,OB,779,5291
2025-26,E82643,OB,162,2392
2025-26,E82652,OB,292,2463
2025-26,E82654,OB,503,7917
2025-26,E82655,OB,526,3334
2025-26,E82657,OB,585,5045
2025-26,E82661,OB,801,6363
2025-26,E83003,OB,1135,8348
2025-26,E83005,OB,605,4701
2025-26,E83006,OB,672,5535
2025-26,E83007,OB,649,3934
2025-26,E83008,OB,340,6308
2025-26,E83009,OB,582,9911
2025-26,E83010,OB,1000,10131
2025-26,E83011,OB,1087,8692
2025-26,E83012,OB,965,8262
2025-26,E83013,OB,490,4402
2025-26,E83016,OB,2451,19398
2025-26,E83017,OB,1821,13937
2025-26,E83018,OB,1572,14374
2025-26,E83020,OB,1124,9027
2025-26,E83021,OB,985,10131
2025-26,E83024,OB,937,9089
2025-26,E83025,OB,632,6162
2025-26,E83026,OB,228,2982
2025-26,E83027,OB,703,9084
2025-26,E83028,OB,876,4625
2025-26,E83030,OB,505,5965
2025-26,E83031,OB,619,4885
2025-26,E83032,OB,2113,13200
2025-26,E83034,OB,678,4109
2025-26,E83035,OB,2708,19811
2025-26,E83038,OB,1152,7228
2025-26,E83039,OB,513,4404
2025-26,E83041,OB,564,3796
2025-26,E83044,OB,793,7910
2025-26,E83045,OB,1092,7616
2025-26,E83046,OB,940,6335
2025-26,E83050,OB,344,5942
2025-26,E83053,OB,1301,11023
2025-26,E83600,OB,410,4593
2025-26,E83613,OB,1003,8939
2025-26,E83621,OB,1194,7493
2025-26,E83622,OB,547,6566
2025-26,E83637,OB,1236,9951
2025-26,E83638,OB,375,4263
2025-26,E83639,OB,701,4835
2025-26,E83649,OB,295,3545
2025-26,E83653,OB,896,9387
2025-26,E83668,OB,568,3245
2025-26,E84002,OB,826,5935
2025-26,E84003,OB,1388,12085
2025-26,E84004,OB,844,6032
2025-26,E84005,OB,1020,5976
2025-26,E84006,OB,2341,13816
2025-26,E84007,OB,643,4727
2025-26,E84008,OB,1409,8428
2025-26,E84009,OB,1630,9612
2025-26,E84011,OB,308,1460
2025-26,E84012,OB,924,6971
2025-26,E84013,OB,1430,6513
2025-26,E84014,OB,1341,8188
2025-26,E84015,OB,1941,11837
2025-26,E84017,OB,1100,6359
2025-26,E84018,OB,961,6405
2025-26,E84020,OB,1105,5102
2025-26,E84021,OB,2635,13980
2025-26,E84022,OB,1123,5721
2025-26,E84024,OB,2291,17241
2025-26,E84025,OB,1289,16239
2025-26,E84028,OB,876,5006
2025-26,E84030,OB,702,3449
2025-26,E84031,OB,1856,7429
2025-26,E84032,OB,1199,5112
2025-26,E84033,OB,1064,5094
2025-26,E84036,OB,1552,6966
2025-26,E84039,OB,2615,14279
2025-26,E84040,OB,661,3677
2025-26,E84042,OB,920,5790
2025-26,E84044,OB,1144,9206
2025-26,E84048,OB,1185,6463
2025-26,E84049,OB,1043,5597
2025-26,E84051,OB,1026,5156
2025-26,E84053,OB,345,2668
2025-26,E84057,OB,1222,9917
2025-26,E84058,OB,3721,20428
2025-26,E84059,OB,469,3872
2025-26,E84061,OB,1186,9312
2025-26,E84062,OB,891,4426
2025-26,E84063,OB,965,7731
2025-26,E84066,OB,6981,114050
2025-26,E84067,OB,1368,7435
2025-26,E84068,OB,2141,11867
2025-26,E84069,OB,2758,14951
2025-26,E84070,OB,634,4612
2025-26,E84074,OB,1749,10003
2025-26,E84075,OB,1134,9218
2025-26,E84076,OB,869,5099
2025-26,E84078,OB,999,4558
2025-26,E84080,OB,782,6554
2025-26,E84083,OB,762,4894
2025-26,E84086,OB,682,5612
2025-26,E84601,OB,903,6178
2025-26,E84617,OB,582,6033
2025-26,E84620,OB,896,4899
2025-26,E84626,OB,600,3928
2025-26,E84635,OB,909,4305
2025-26,E84637,OB,584,3570
2025-26,E84638,OB,920,5068
2025-26,E84645,OB,1358,6950
2025-26,E84646,OB,658,5221
2025-26,E84647,OB,683,4070
2025-26,E84653,OB,793,5507
2025-26,E84656,OB,905,4631
2025-26,E84658,OB,694,4227
2025-26,E84663,OB,990,6515
2025-26,E84665,OB,1385,7020
2025-26,E84674,OB,441,4350
2025-26,E84676,OB,591,3111
2025-26,E84678,OB,495,3753
2025-26,E84680,OB,590,4089
2025-26,E84684,OB,680,3876
2025-26,E84685,OB,884,6240
2025-26,E84693,OB,934,8134
2025-26,E84699,OB,585,3213
2025-26,E84701,OB,576,3987
2025-26,E84702,OB,1892,11522
2025-26,E84704,OB,362,2031
2025-26,E84709,OB,2846,22331
2025-26,E85001,OB,1148,7482
2025-26,E85003,OB,1109,15849
2025-26,E85004,OB,666,5894
2025-26,E85005,OB,436,4290
2025-26,E85006,OB,751,3946
2025-26,E85007,OB,1057,10399
2025-26,E85008,OB,408,5346
2025-26,E85012,OB,698,4266
2025-26,E85013,OB,531,4667
2025-26,E85014,OB,424,6696
2025-26,E85015,OB,1427,7917
2025-26,E85016,OB,896,10340
2025-26,E85019,OB,1136,8925
2025-26,E85020,OB,1006,12961
2025-26,E85021,OB,884,5473
2025-26,E85023,OB,528,2694
2025-26,E85024,OB,640,4211
2025-26,E85025,OB,470,9638
2025-26,E85026,OB,1085,12733
2025-26,E85028,OB,673,7028
2025-26,E85029,OB,1528,12805
2025-26,E85030,OB,560,5944
2025-26,E85032,OB,422,3884
2025-26,E85033,OB,678,9619
2025-26,E85034,OB,573,4255
2025-26,E85035,OB,884,5817
2025-26,E85038,OB,279,4591
2025-26,E85040,OB,609,6649
2025-26,E85041,OB,467,4979
2025-26,E85042,OB,747,6664
2025-26,E85045,OB,345,2707
2025-26,E85046,OB,728,4836
2025-26,E85048,OB,788,5757
2025-26,E85049,OB,1261,6841
2025-26,E85050,OB,786,6246
2025-26,E85051,OB,546,3910
2025-26,E85052,OB,996,5828
2025-26,E85053,OB,321,2698
2025-26,E85054,OB,1166,9430
2025-26,E85055,OB,1003,9515
2025-26,E85056,OB,779,5590
2025-26,E85057,OB,808,8390
2025-26,E85058,OB,733,5769
2025-26,E85059,OB,1328,6518
2025-26,E85060,OB,855,5101
2025-26,E85061,OB,950,4974
2025-26,E85062,OB,1094,10054
2025-26,E85064,OB,914,5714
2025-26,E85066,OB,146,3189
2025-26,E85069,OB,665,4353
2025-26,E85071,OB,398,1894
2025-26,E85074,OB,225,5342
2025-26,E85075,OB,528,4047
2025-26,E85077,OB,306,2847
2025-26,E85083,OB,786,4984
2025-26,E85088,OB,761,5084
2025-26,E85090,OB,693,4597
2025-26,E85091,OB,310,2769
2025-26,E85096,OB,988,5117
2025-26,E85098,OB,589,4911
2025-26,E85099,OB,419,5594
2025-26,E85103,OB,387,2792
2025-26,E85107,OB,633,5984
2025-26,E85108,OB,559,3821
2025-26,E85109,OB,403,3196
2025-26,E85111,OB,564,4200
2025-26,E85112,OB,1046,7398
2025-26,E85113,OB,934,5477
2025-26,E85114,OB,1139,6101
2025-26,E85115,OB,468,3241
2025-26,E85116,OB,455,4632
2025-26,E85118,OB,347,6052
2025-26,E85119,OB,1774,11169
2025-26,E85120,OB,538,5849
2025-26,E85121,OB,1742,11925
2025-26,E85122,OB,886,11851
2025-26,E85123,OB,524,7083
2025-26,E85124,OB,4015,92347
2025-26,E85125,OB,250,5072
2025-26,E85126,OB,1061,8792
2025-26,E85127,OB,804,6748
2025-26,E85128,OB,782,10057
2025-26,E85129,OB,713,4784
2025-26,E85130,OB,417,3550
2025-26,E85600,OB,790,5744
2025-26,E85605,OB,895,6572
2025-26,E85623,OB,398,2433
2025-26,E85624,OB,854,5848
2025-26,E85628,OB,674,7776
2025-26,E85633,OB,985,7824
2025-26,E85635,OB,460,4427
2025-26,E85636,OB,714,12080
2025-26,E85640,OB,215,3035
2025-26,E85643,OB,717,5546
2025-26,E85649,OB,211,3743
2025-26,E85656,OB,924,4463
2025-26,E85657,OB,814,9435
2025-26,E85658,OB,416,3962
2025-26,E85659,OB,228,1897
2025-26,E85663,OB,1250,8268
2025-26,E85677,OB,656,6878
2025-26,E85680,OB,676,8491
2025-26,E85681,OB,1511,6961
2025-26,E85682,OB,783,4572
2025-26,E85683,OB,238,3362
2025-26,E85685,OB,588,10058
2025-26,E85687,OB,406,4796
2025-26,E85693,OB,1600,18323
2025-26,E85694,OB,473,4104
2025-26,E85696,OB,1172,6337
2025-26,E85697,OB,750,4848
2025-26,E85699,OB,886,5203
2025-26,E85707,OB,1054,6234
2025-26,E85708,OB,653,6187
2025-26,E85712,OB,1504,7858
2025-26,E85713,OB,1055,5180
2025-26,E85715,OB,886,5977
2025-26,E85716,OB,2903,12990
2025-26,E85718,OB,700,4038
2025-26,E85719,OB,355,7885
2025-26,E85721,OB,343,1765
2025-26,E85725,OB,646,6050
2025-26,E85726,OB,295,2737
2025-26,E85734,OB,597,4621
2025-26,E85735,OB,546,5437
2025-26,E85736,OB,1101,5803
2025-26,E85739,OB,1153,8101
2025-26,E85743,OB,420,2437
2025-26,E85744,OB,1122,7359
2025-26,E85745,OB,1210,6486
2025-26,E85746,OB,272,3033
2025-26,E85748,OB,444,5141
2025-26,E85750,OB,1033,5669
2025-26,E86001,OB,1265,9208
2025-26,E86004,OB,1526,8603
2025-26,E86005,OB,849,5468
2025-26,E86006,OB,662,6690
2025-26,E86007,OB,1578,7206
2025-26,E86009,OB,911,6953
2025-26,E86010,OB,2207,12412
2025-26,E86011,OB,719,4876
2025-26,E86012,OB,1070,9045
2025-26,E86014,OB,769,5651
2025-26,E86015,OB,2151,13664
2025-26,E86016,OB,987,4824
2025-26,E86017,OB,2511,17787
2025-26,E86018,OB,1449,6275
2025-26,E86019,OB,999,5573
2025-26,E86020,OB,743,3985
2025-26,E86022,OB,711,4862
2025-26,E86024,OB,421,3570
2025-26,E86026,OB,981,6392
2025-26,E86027,OB,961,5518
2025-26,E86028,OB,824,6607
2025-26,E86029,OB,1299,8093
2025-26,E86030,OB,961,10670
2025-26,E86033,OB,753,5211
2025-26,E86034,OB,304,2070
2025-26,E86036,OB,1121,7091
2025-26,E86038,OB,1165,5711
2025-26,E86041,OB,599,4255
2025-26,E86042,OB,1217,6023
2025-26,E86605,OB,269,2078
2025-26,E86609,OB,1341,8277
2025-26,E86610,OB,483,2600
2025-26,E86612,OB,947,4757
2025-26,E86615,OB,303,1981
2025-26,E86618,OB,886,5475
2025-26,E86619,OB,307,2426
2025-26,E86620,OB,412,3850
2025-26,E86625,OB,473,2198
2025-26,E86626,OB,539,4674
2025-26,E86629,OB,365,2780
2025-26,E86632,OB,736,4569
2025-26,E86637,OB,1123,5432
2025-26,E86640,OB,465,4555
2025-26,E87002,OB,843,14515
2025-26,E87003,OB,464,4399
2025-26,E87004,OB,658,9557
2025-26,E87005,OB,426,7632
2025-26,E87006,OB,381,4229
2025-26,E87008,OB,938,10287
2025-26,E87009,OB,284,3217
2025-26,E87010,OB,346,5281
2025-26,E87011,OB,926,6535
2025-26,E87013,OB,558,13556
2025-26,E87016,OB,512,11195
2025-26,E87021,OB,726,4492
2025-26,E87024,OB,980,4553
2025-26,E87026,OB,231,2035
2025-26,E87029,OB,450,7452
2025-26,E87034,OB,1083,12734
2025-26,E87037,OB,641,9906
2025-26,E87038,OB,556,4021
2025-26,E87043,OB,323,5556
2025-26,E87045,OB,297,4753
2025-26,E87046,OB,524,10485
2025-26,E87047,OB,348,6262
2025-26,E87048,OB,110,3109
2025-26,E87052,OB,452,2733
2025-26,E87061,OB,411,11477
2025-26,E87063,OB,719,13705
2025-26,E87065,OB,305,3290
2025-26,E87066,OB,382,7086
2025-26,E87067,OB,520,8964
2025-26,E87069,OB,97,2674
2025-26,E87070,OB,363,6363
2025-26,E87609,OB,943,19671
2025-26,E87637,OB,2118,17716
2025-26,E87648,OB,202,3956
2025-26,E87663,OB,548,3795
2025-26,E87665,OB,294,5604
2025-26,E87677,OB,418,18292
2025-26,E87681,OB,519,12434
2025-26,E87701,OB,353,7610
2025-26,E87702,OB,97,2501
2025-26,E87706,OB,464,3527
2025-26,E87711,OB,120,288
2025-26,E87714,OB,224,5460
2025-26,E87715,OB,258,6085
2025-26,E87720,OB,556,8082
2025-26,E87722,OB,241,6155
2025-26,E87733,OB,612,4100
2025-26,E87737,OB,281,8406
2025-26,E87738,OB,575,13077
2025-26,E87739,OB,764,8490
2025-26,E87740,OB,163,2116
2025-26,E87741,OB,308,2924
2025-26,E87742,OB,370,2543
2025-26,E87745,OB,460,8102
2025-26,E87746,OB,289,4268
2025-26,E87750,OB,353,3645
2025-26,E87751,OB,344,1743
2025-26,E87753,OB,480,9548
2025-26,E87754,OB,366,5399
2025-26,E87755,OB,469,2686
2025-26,E87762,OB,460,7548
2025-26,E87768,OB,776,22758
2025-26,E87772,OB,82,491
2025-26,F81001,OB,1253,10866
2025-26,F81003,OB,398,4786
2025-26,F81004,OB,1001,7600
2025-26,F81006,OB,573,3974
2025-26,F81007,OB,2070,15892
2025-26,F81009,OB,780,8830
2025-26,F81010,OB,1308,9527
2025-26,F81011,OB,807,6578
2025-26,F81012,OB,937,6204
2025-26,F81013,OB,823,10308
2025-26,F81014,OB,1136,9247
2025-26,F81015,OB,1194,10106
2025-26,F81017,OB,1352,7062
2025-26,F81019,OB,2769,14225
2025-26,F81020,OB,775,7038
2025-26,F81021,OB,1998,10045
2025-26,F81022,OB,1315,13226
2025-26,F81023,OB,935,10933
2025-26,F81025,OB,1055,8032
2025-26,F81026,OB,1284,7824
2025-26,F81027,OB,2585,15812
2025-26,F81028,OB,868,7446
2025-26,F81029,OB,906,6079
2025-26,F81030,OB,2049,13861
2025-26,F81031,OB,892,5783
2025-26,F81032,OB,269,2591
2025-26,F81034,OB,837,7920
2025-26,F81036,OB,1723,14495
2025-26,F81037,OB,1394,7047
2025-26,F81038,OB,1302,10560
2025-26,F81040,OB,396,4036
2025-26,F81041,OB,1532,11609
2025-26,F81042,OB,5596,33863
2025-26,F81043,OB,1551,14641
2025-26,F81044,OB,819,6120
2025-26,F81045,OB,452,5381
2025-26,F81046,OB,235,3748
2025-26,F81047,OB,1330,8666
2025-26,F81048,OB,965,8305
2025-26,F81049,OB,1211,10356
2025-26,F81051,OB,1012,6081
2025-26,F81052,OB,2885,13127
2025-26,F81053,OB,2015,16655
2025-26,F81055,OB,614,10622
2025-26,F81056,OB,1309,9371
2025-26,F81057,OB,1281,11973
2025-26,F81060,OB,511,3663
2025-26,F81061,OB,812,6520
2025-26,F81062,OB,657,6863
2025-26,F81065,OB,198,3481
2025-26,F81066,OB,714,5358
2025-26,F81067,OB,1759,11324
2025-26,F81068,OB,1727,13721
2025-26,F81069,OB,877,6843
2025-26,F81071,OB,1303,11554
2025-26,F81072,OB,577,6724
2025-26,F81075,OB,700,9438
2025-26,F81076,OB,420,3961
2025-26,F81078,OB,1079,8985
2025-26,F81080,OB,763,9780
2025-26,F81081,OB,2473,17394
2025-26,F81082,OB,324,3421
2025-26,F81083,OB,964,9571
2025-26,F81085,OB,1103,10607
2025-26,F81086,OB,704,6038
2025-26,F81087,OB,1409,11179
2025-26,F81088,OB,332,2112
2025-26,F81089,OB,751,8314
2025-26,F81090,OB,1337,9468
2025-26,F81091,OB,1132,7710
2025-26,F81092,OB,275,3711
2025-26,F81095,OB,2800,16673
2025-26,F81096,OB,1617,8827
2025-26,F81097,OB,1505,14148
2025-26,F81098,OB,603,6605
2025-26,F81099,OB,1120,10713
2025-26,F81100,OB,2554,18989
2025-26,F81101,OB,351,4586
2025-26,F81102,OB,551,5798
2025-26,F81104,OB,270,3560
2025-26,F81105,OB,2030,16436
2025-26,F81106,OB,1443,8334
2025-26,F81108,OB,2181,14784
2025-26,F81110,OB,1525,8839
2025-26,F81112,OB,1293,12580
2025-26,F81113,OB,1238,10763
2025-26,F81114,OB,1090,11220
2025-26,F81115,OB,3099,21891
2025-26,F81116,OB,1925,9051
2025-26,F81117,OB,770,8097
2025-26,F81118,OB,1274,11474
2025-26,F81119,OB,768,6767
2025-26,F81120,OB,1652,9761
2025-26,F81121,OB,1426,12446
2025-26,F81122,OB,2690,25406
2025-26,F81123,OB,2172,16818
2025-26,F81125,OB,1077,11769
2025-26,F81126,OB,1036,8282
2025-26,F81128,OB,951,11832
2025-26,F81130,OB,740,4972
2025-26,F81131,OB,880,7512
2025-26,F81132,OB,2246,13619
2025-26,F81133,OB,1329,10127
2025-26,F81134,OB,629,5836
2025-26,F81136,OB,944,11721
2025-26,F81137,OB,857,5888
2025-26,F81141,OB,829,14295
2025-26,F81142,OB,733,5364
2025-26,F81144,OB,2173,17251
2025-26,F81147,OB,378,4201
2025-26,F81149,OB,865,9252
2025-26,F81150,OB,1400,9800
2025-26,F81152,OB,1257,9301
2025-26,F81153,OB,1800,10611
2025-26,F81155,OB,625,4246
2025-26,F81156,OB,1303,7334
2025-26,F81158,OB,391,2920
2025-26,F81159,OB,851,5728
2025-26,F81163,OB,487,5708
2025-26,F81164,OB,797,7377
2025-26,F81165,OB,255,3670
2025-26,F81169,OB,757,6408
2025-26,F81170,OB,1349,11242
2025-26,F81173,OB,662,4694
2025-26,F81176,OB,422,2540
2025-26,F81177,OB,451,3283
2025-26,F81181,OB,2767,17682
2025-26,F81183,OB,1025,5036
2025-26,F81184,OB,464,3472
2025-26,F81186,OB,582,5230
2025-26,F81192,OB,1287,8193
2025-26,F81193,OB,543,5548
2025-26,F81197,OB,278,2072
2025-26,F81198,OB,212,2128
2025-26,F81205,OB,597,4588
2025-26,F81206,OB,700,4113
2025-26,F81207,OB,220,2160
2025-26,F81211,OB,604,3970
2025-26,F81212,OB,1336,7585
2025-26,F81213,OB,1421,6356
2025-26,F81215,OB,821,8083
2025-26,F81216,OB,420,3575
2025-26,F81219,OB,671,4240
2025-26,F81221,OB,725,4175
2025-26,F81222,OB,387,4012
2025-26,F81223,OB,306,2674
2025-26,F81606,OB,521,2479
2025-26,F81613,OB,886,6988
2025-26,F81618,OB,439,3596
2025-26,F81619,OB,325,3048
2025-26,F81623,OB,232,1817
2025-26,F81632,OB,580,4488
2025-26,F81633,OB,470,4230
2025-26,F81635,OB,172,1884
2025-26,F81636,OB,1761,13804
2025-26,F81640,OB,567,3348
2025-26,F81641,OB,723,5821
2025-26,F81645,OB,635,3356
2025-26,F81649,OB,467,3646
2025-26,F81652,OB,732,4168
2025-26,F81656,OB,306,2208
2025-26,F81665,OB,441,3973
2025-26,F81666,OB,274,2646
2025-26,F81669,OB,701,4983
2025-26,F81674,OB,917,9361
2025-26,F81675,OB,621,4458
2025-26,F81679,OB,788,6009
2025-26,F81681,OB,2833,13640
2025-26,F81683,OB,1300,8951
2025-26,F81690,OB,629,4950
2025-26,F81696,OB,171,2276
2025-26,F81697,OB,473,2325
2025-26,F81700,OB,478,3123
2025-26,F81704,OB,125,3078
2025-26,F81707,OB,475,4150
2025-26,F81708,OB,1018,8681
2025-26,F81711,OB,284,2692
2025-26,F81713,OB,240,2095
2025-26,F81716,OB,1022,7616
2025-26,F81725,OB,788,7684
2025-26,F81729,OB,443,2683
2025-26,F81730,OB,670,5876
2025-26,F81732,OB,567,5340
2025-26,F81737,OB,205,2560
2025-26,F81739,OB,1114,5482
2025-26,F81740,OB,720,5452
2025-26,F81741,OB,1644,9193
2025-26,F81744,OB,364,2212
2025-26,F81746,OB,318,2679
2025-26,F81749,OB,1717,11622
2025-26,F81751,OB,817,3367
2025-26,F81757,OB,885,5343
2025-26,F82001,OB,894,4165
2025-26,F82002,OB,581,6062
2025-26,F82003,OB,610,3767
2025-26,F82005,OB,1136,5098
2025-26,F82006,OB,1150,11115
2025-26,F82007,OB,859,8459
2025-26,F82008,OB,1746,10506
2025-26,F82009,OB,2372,16652
2025-26,F82010,OB,1063,6475
2025-26,F82011,OB,1353,7411
2025-26,F82013,OB,1524,14191
2025-26,F82014,OB,1250,5626
2025-26,F82015,OB,739,3852
2025-26,F82016,OB,614,4701
2025-26,F82017,OB,1081,6403
2025-26,F82018,OB,1412,8946
2025-26,F82019,OB,968,5032
2025-26,F82021,OB,1091,7685
2025-26,F82022,OB,1582,10477
2025-26,F82023,OB,414,2877
2025-26,F82025,OB,773,4318
2025-26,F82027,OB,286,1719
2025-26,F82028,OB,1325,7975
2025-26,F82030,OB,1650,11559
2025-26,F82031,OB,677,3328
2025-26,F82033,OB,296,2829
2025-26,F82034,OB,1190,7835
2025-26,F82038,OB,673,3616
2025-26,F82039,OB,699,3584
2025-26,F82040,OB,521,3495
2025-26,F82042,OB,2846,15098
2025-26,F82045,OB,449,2778
2025-26,F82051,OB,1412,7970
2025-26,F82055,OB,948,10249
2025-26,F82604,OB,836,4294
2025-26,F82607,OB,863,4942
2025-26,F82609,OB,563,3597
2025-26,F82610,OB,509,2301
2025-26,F82612,OB,1564,8706
2025-26,F82619,OB,448,3042
2025-26,F82624,OB,957,5033
2025-26,F82625,OB,1102,6123
2025-26,F82627,OB,628,5277
2025-26,F82630,OB,968,5991
2025-26,F82634,OB,941,4930
2025-26,F82638,OB,856,5660
2025-26,F82642,OB,1033,5258
2025-26,F82647,OB,840,4691
2025-26,F82648,OB,430,2869
2025-26,F82649,OB,740,3613
2025-26,F82650,OB,1202,7481
2025-26,F82660,OB,2933,14406
2025-26,F82661,OB,449,2832
2025-26,F82663,OB,286,3127
2025-26,F82670,OB,722,4118
2025-26,F82671,OB,498,2621
2025-26,F82674,OB,650,4572
2025-26,F82675,OB,467,2774
2025-26,F82677,OB,1282,6302
2025-26,F82678,OB,641,3660
2025-26,F82679,OB,753,4208
2025-26,F82680,OB,1857,7585
2025-26,F82686,OB,627,3789
2025-26,F83002,OB,848,9187
2025-26,F83003,OB,303,6520
2025-26,F83004,OB,906,30170
2025-26,F83005,OB,525,21304
2025-26,F83006,OB,1271,13035
2025-26,F83007,OB,317,3009
2025-26,F83008,OB,1171,10085
2025-26,F83010,OB,1076,18875
2025-26,F83011,OB,302,7310
2025-26,F83012,OB,1195,6346
2025-26,F83015,OB,1365,10940
2025-26,F83017,OB,1451,14999
2025-26,F83018,OB,801,6683
2025-26,F83019,OB,993,10822
2025-26,F83020,OB,762,9985
2025-26,F83021,OB,1124,14410
2025-26,F83022,OB,1363,14055
2025-26,F83023,OB,1952,19958
2025-26,F83032,OB,711,9970
2025-26,F83033,OB,569,5881
2025-26,F83034,OB,114,1386
2025-26,F83039,OB,385,3901
2025-26,F83042,OB,505,8012
2025-26,F83043,OB,343,16705
2025-26,F83044,OB,533,8585
2025-26,F83045,OB,592,7874
2025-26,F83048,OB,630,8215
2025-26,F83050,OB,260,3072
2025-26,F83052,OB,278,3189
2025-26,F83053,OB,735,6760
2025-26,F83055,OB,1205,19953
2025-26,F83056,OB,421,8002
2025-26,F83057,OB,430,7306
2025-26,F83058,OB,509,10042
2025-26,F83059,OB,2342,19670
2025-26,F83060,OB,565,5914
2025-26,F83061,OB,447,5011
2025-26,F83063,OB,1145,11812
2025-26,F83064,OB,829,8022
2025-26,F83615,OB,313,6289
2025-26,F83623,OB,529,10283
2025-26,F83624,OB,1172,15264
2025-26,F83632,OB,546,5622
2025-26,F83633,OB,221,4088
2025-26,F83635,OB,337,7060
2025-26,F83652,OB,800,9938
2025-26,F83658,OB,595,5270
2025-26,F83660,OB,632,7137
2025-26,F83664,OB,1238,11259
2025-26,F83665,OB,851,14195
2025-26,F83666,OB,573,5466
2025-26,F83671,OB,348,2575
2025-26,F83672,OB,334,15496
2025-26,F83673,OB,831,5279
2025-26,F83674,OB,795,7601
2025-26,F83678,OB,235,1777
2025-26,F83680,OB,395,4276
2025-26,F83681,OB,669,7274
2025-26,F83683,OB,444,4649
2025-26,F83686,OB,769,9414
2025-26,F84003,OB,1818,12504
2025-26,F84004,OB,2313,10398
2025-26,F84006,OB,2484,13261
2025-26,F84008,OB,1214,10152
2025-26,F84009,OB,1412,12384
2025-26,F84010,OB,1693,8140
2025-26,F84012,OB,978,7205
2025-26,F84013,OB,1312,10149
2025-26,F84014,OB,1065,6080
2025-26,F84015,OB,1069,4081
2025-26,F84016,OB,1159,9454
2025-26,F84017,OB,2803,16443
2025-26,F84018,OB,1542,9997
2025-26,F84021,OB,932,9441
2025-26,F84022,OB,796,7568
2025-26,F84025,OB,1257,9029
2025-26,F84030,OB,352,3204
2025-26,F84031,OB,1713,13224
2025-26,F84033,OB,1361,9498
2025-26,F84034,OB,1543,10234
2025-26,F84035,OB,1005,22827
2025-26,F84036,OB,870,7733
2025-26,F84038,OB,615,2935
2025-26,F84039,OB,2305,32019
2025-26,F84044,OB,779,6520
2025-26,F84047,OB,1623,8773
2025-26,F84050,OB,1519,9410
2025-26,F84051,OB,677,8787
2025-26,F84052,OB,2556,13485
2025-26,F84053,OB,926,5826
2025-26,F84054,OB,1335,9844
2025-26,F84055,OB,276,3232
2025-26,F84060,OB,585,4097
2025-26,F84062,OB,1927,11184
2025-26,F84063,OB,667,5419
2025-26,F84069,OB,1505,11229
2025-26,F84070,OB,1597,7850
2025-26,F84072,OB,755,11612
2025-26,F84074,OB,1497,8144
2025-26,F84077,OB,1242,7917
2025-26,F84079,OB,699,9348
2025-26,F84080,OB,1139,7166
2025-26,F84081,OB,1139,11601
2025-26,F84083,OB,832,8023
2025-26,F84086,OB,896,5221
2025-26,F84087,OB,1021,7523
2025-26,F84088,OB,1195,6394
2025-26,F84092,OB,1870,11374
2025-26,F84093,OB,2601,14044
2025-26,F84096,OB,1871,14843
2025-26,F84097,OB,1884,9614
2025-26,F84105,OB,1586,9212
2025-26,F84111,OB,1437,8701
2025-26,F84114,OB,1281,8870
2025-26,F84115,OB,569,7766
2025-26,F84117,OB,715,8250
2025-26,F84118,OB,1161,10628
2025-26,F84119,OB,1383,10600
2025-26,F84121,OB,2194,11869
2025-26,F84122,OB,1900,13667
2025-26,F84123,OB,1265,16246
2025-26,F84124,OB,616,4068
2025-26,F84601,OB,885,6089
2025-26,F84619,OB,515,4106
2025-26,F84620,OB,1166,6816
2025-26,F84621,OB,571,3971
2025-26,F84632,OB,123,866
2025-26,F84635,OB,848,8331
2025-26,F84636,OB,608,5562
2025-26,F84640,OB,541,9020
2025-26,F84641,OB,577,2477
2025-26,F84642,OB,1302,11405
2025-26,F84647,OB,1077,14456
2025-26,F84656,OB,825,8856
2025-26,F84658,OB,1695,7183
2025-26,F84660,OB,432,2765
2025-26,F84666,OB,669,4632
2025-26,F84668,OB,672,3878
2025-26,F84669,OB,1389,7288
2025-26,F84670,OB,1038,5072
2025-26,F84672,OB,1268,6694
2025-26,F84677,OB,1070,5600
2025-26,F84681,OB,1316,8088
2025-26,F84686,OB,710,4561
2025-26,F84692,OB,738,8331
2025-26,F84694,OB,416,4180
2025-26,F84696,OB,535,4934
2025-26,F84698,OB,1171,11842
2025-26,F84710,OB,1081,11312
2025-26,F84716,OB,501,4008
2025-26,F84717,OB,1855,9993
2025-26,F84718,OB,1105,11537
2025-26,F84719,OB,685,4971
2025-26,F84720,OB,691,3887
2025-26,F84724,OB,2135,13458
2025-26,F84729,OB,741,3940
2025-26,F84730,OB,1035,7791
2025-26,F84731,OB,192,2231
2025-26,F84733,OB,142,1093
2025-26,F84735,OB,1556,6516
2025-26,F84739,OB,963,4063
2025-26,F84740,OB,715,3208
2025-26,F84741,OB,423,1888
2025-26,F84747,OB,1765,21943
2025-26,F84749,OB,2025,20797
2025-26,F85002,OB,10632,72649
2025-26,F85004,OB,2245,9623
2025-26,F85007,OB,2333,13027
2025-26,F85008,OB,1487,9478
2025-26,F85010,OB,532,3431
2025-26,F85013,OB,1231,7338
2025-26,F85014,OB,709,13763
2025-26,F85016,OB,525,5647
2025-26,F85017,OB,1047,5431
2025-26,F85019,OB,2248,11752
2025-26,F85020,OB,981,8041
2025-26,F85023,OB,1564,8852
2025-26,F85025,OB,1627,11844
2025-26,F85028,OB,1272,5615
2025-26,F85029,OB,1076,9654
2025-26,F85030,OB,1825,10025
2025-26,F85031,OB,1418,10154
2025-26,F85032,OB,787,7509
2025-26,F85033,OB,1325,16865
2025-26,F85034,OB,1060,7314
2025-26,F85035,OB,636,9047
2025-26,F85039,OB,1001,5269
2025-26,F85044,OB,921,5324
2025-26,F85046,OB,723,9151
2025-26,F85058,OB,1052,4703
2025-26,F85060,OB,520,4415
2025-26,F85061,OB,217,2416
2025-26,F85063,OB,873,14224
2025-26,F85064,OB,606,6438
2025-26,F85065,OB,411,2680
2025-26,F85066,OB,1296,15119
2025-26,F85067,OB,530,3815
2025-26,F85069,OB,519,7679
2025-26,F85071,OB,1339,9261
2025-26,F85072,OB,842,7432
2025-26,F85615,OB,947,4627
2025-26,F85623,OB,692,3886
2025-26,F85625,OB,724,5551
2025-26,F85628,OB,1195,8493
2025-26,F85634,OB,1144,7220
2025-26,F85640,OB,505,5262
2025-26,F85642,OB,536,7316
2025-26,F85650,OB,691,4698
2025-26,F85663,OB,681,3701
2025-26,F85666,OB,653,3168
2025-26,F85669,OB,1613,19714
2025-26,F85675,OB,739,4550
2025-26,F85676,OB,883,4292
2025-26,F85678,OB,439,3221
2025-26,F85682,OB,1074,4865
2025-26,F85687,OB,781,6897
2025-26,F85688,OB,623,8166
2025-26,F85697,OB,298,1424
2025-26,F85700,OB,753,6237
2025-26,F85701,OB,1266,9604
2025-26,F85705,OB,1516,10561
2025-26,F86001,OB,1128,9892
2025-26,F86004,OB,1211,12061
2025-26,F86005,OB,776,6090
2025-26,F86006,OB,616,5163
2025-26,F86007,OB,1694,10580
2025-26,F86008,OB,1806,12198
2025-26,F86009,OB,762,5840
2025-26,F86010,OB,1535,13050
2025-26,F86011,OB,1351,7538
2025-26,F86012,OB,582,7859
2025-26,F86013,OB,611,4621
2025-26,F86018,OB,1187,7851
2025-26,F86020,OB,517,5321
2025-26,F86022,OB,1381,12078
2025-26,F86023,OB,612,8446
2025-26,F86025,OB,1679,14461
2025-26,F86026,OB,859,5831
2025-26,F86028,OB,931,8275
2025-26,F86030,OB,779,6408
2025-26,F86032,OB,511,7148
2025-26,F86034,OB,727,5738
2025-26,F86036,OB,1414,11532
2025-26,F86038,OB,1629,8496
2025-26,F86040,OB,527,4017
2025-26,F86042,OB,894,4421
2025-26,F86044,OB,806,8597
2025-26,F86045,OB,281,1613
2025-26,F86057,OB,924,6896
2025-26,F86058,OB,1249,11786
2025-26,F86060,OB,1814,11020
2025-26,F86062,OB,610,4949
2025-26,F86064,OB,354,3750
2025-26,F86066,OB,701,5785
2025-26,F86074,OB,1164,10953
2025-26,F86078,OB,479,5386
2025-26,F86081,OB,793,5622
2025-26,F86082,OB,1203,4902
2025-26,F86083,OB,653,5090
2025-26,F86085,OB,356,2854
2025-26,F86086,OB,624,4367
2025-26,F86087,OB,699,5685
2025-26,F86088,OB,638,4143
2025-26,F86607,OB,1761,15289
2025-26,F86612,OB,333,2464
2025-26,F86616,OB,965,6791
2025-26,F86621,OB,530,5437
2025-26,F86624,OB,382,2738
2025-26,F86625,OB,601,4626
2025-26,F86626,OB,768,6659
2025-26,F86627,OB,1902,11079
2025-26,F86637,OB,612,3897
2025-26,F86638,OB,445,3404
2025-26,F86641,OB,686,6526
2025-26,F86644,OB,823,6565
2025-26,F86650,OB,989,7655
2025-26,F86652,OB,949,5250
2025-26,F86657,OB,724,6275
2025-26,F86658,OB,452,4943
2025-26,F86664,OB,793,6454
2025-26,F86666,OB,2053,12257
2025-26,F86679,OB,784,5441
2025-26,F86689,OB,277,3197
2025-26,F86691,OB,1247,8902
2025-26,F86692,OB,1638,8554
2025-26,F86696,OB,600,6431
2025-26,F86698,OB,808,4766
2025-26,F86700,OB,388,2976
2025-26,F86701,OB,510,3058
2025-26,F86702,OB,564,3579
2025-26,F86705,OB,433,2794
2025-26,F86707,OB,553,5289
2025-26,F86708,OB,428,2255
2025-26,F86712,OB,375,2691
2025-26,F86731,OB,397,3908
2025-26,G81001,OB,688,7258
2025-26,G81002,OB,783,4947
2025-26,G81003,OB,1739,14677
2025-26,G81004,OB,1125,8464
2025-26,G81006,OB,629,5799
2025-26,G81008,OB,1290,12042
2025-26,G81011,OB,1479,15953
2025-26,G81012,OB,905,5455
2025-26,G81014,OB,858,6899
2025-26,G81016,OB,1495,9458
2025-26,G81017,OB,1605,9655
2025-26,G81018,OB,686,10452
2025-26,G81019,OB,905,9615
2025-26,G81021,OB,2847,23528
2025-26,G81022,OB,1946,11352
2025-26,G81023,OB,865,7001
2025-26,G81024,OB,551,9029
2025-26,G81028,OB,927,9978
2025-26,G81029,OB,1913,15383
2025-26,G81030,OB,593,6151
2025-26,G81031,OB,2722,16233
2025-26,G81032,OB,2305,22896
2025-26,G81034,OB,2303,26548
2025-26,G81036,OB,1015,7518
2025-26,G81037,OB,1003,7989
2025-26,G81038,OB,1301,14827
2025-26,G81039,OB,2459,17076
2025-26,G81040,OB,237,3301
2025-26,G81041,OB,1552,11064
2025-26,G81042,OB,671,11226
2025-26,G81043,OB,497,5781
2025-26,G81044,OB,390,6081
2025-26,G81046,OB,1247,9153
2025-26,G81047,OB,342,6166
2025-26,G81048,OB,950,7379
2025-26,G81049,OB,1044,5448
2025-26,G81050,OB,1089,10331
2025-26,G81051,OB,747,6324
2025-26,G81052,OB,414,3570
2025-26,G81054,OB,956,9113
2025-26,G81055,OB,942,7839
2025-26,G81057,OB,785,5268
2025-26,G81059,OB,1697,8786
2025-26,G81061,OB,518,4077
2025-26,G81065,OB,905,7100
2025-26,G81070,OB,1526,21420
2025-26,G81071,OB,371,15570
2025-26,G81073,OB,1113,6841
2025-26,G81074,OB,2248,15388
2025-26,G81075,OB,713,5359
2025-26,G81076,OB,808,10962
2025-26,G81077,OB,2542,13965
2025-26,G81082,OB,600,4848
2025-26,G81083,OB,423,5994
2025-26,G81085,OB,484,3275
2025-26,G81086,OB,818,6298
2025-26,G81087,OB,558,5910
2025-26,G81088,OB,1784,17971
2025-26,G81089,OB,431,2694
2025-26,G81095,OB,2414,20935
2025-26,G81096,OB,378,2398
2025-26,G81098,OB,1173,10962
2025-26,G81099,OB,1205,7765
2025-26,G81100,OB,2191,15681
2025-26,G81102,OB,1236,12736
2025-26,G81104,OB,1556,10478
2025-26,G81613,OB,453,4406
2025-26,G81614,OB,340,4520
2025-26,G81634,OB,546,4775
2025-26,G81638,OB,1934,21202
2025-26,G81641,OB,432,3053
2025-26,G81646,OB,149,2146
2025-26,G81656,OB,242,4727
2025-26,G81658,OB,2389,14264
2025-26,G81663,OB,250,3910
2025-26,G81669,OB,279,1818
2025-26,G81689,OB,155,1327
2025-26,G81694,OB,210,2650
2025-26,G82002,OB,1142,7423
2025-26,G82006,OB,1268,11696
2025-26,G82007,OB,775,5565
2025-26,G82013,OB,875,11348
2025-26,G82014,OB,2827,15560
2025-26,G82015,OB,1163,9413
2025-26,G82016,OB,626,8899
2025-26,G82018,OB,548,4633
2025-26,G82019,OB,1226,10633
2025-26,G82020,OB,1440,9953
2025-26,G82021,OB,1793,13237
2025-26,G82022,OB,877,7324
2025-26,G82023,OB,1044,5205
2025-26,G82024,OB,3185,20212
2025-26,G82025,OB,1378,15095
2025-26,G82026,OB,1196,6512
2025-26,G82027,OB,886,11533
2025-26,G82028,OB,3323,19462
2025-26,G82031,OB,1187,9005
2025-26,G82032,OB,2677,12078
2025-26,G82035,OB,1286,7503
2025-26,G82036,OB,994,9614
2025-26,G82037,OB,1514,13359
2025-26,G82038,OB,1372,8514
2025-26,G82039,OB,1841,15010
2025-26,G82041,OB,1198,11304
2025-26,G82042,OB,1769,14171
2025-26,G82044,OB,2666,16061
2025-26,G82046,OB,779,4757
2025-26,G82048,OB,1466,7656
2025-26,G82050,OB,3237,18889
2025-26,G82051,OB,1577,10220
2025-26,G82052,OB,1748,13312
2025-26,G82053,OB,714,4899
2025-26,G82055,OB,957,8011
2025-26,G82056,OB,1599,8695
2025-26,G82057,OB,1689,8643
2025-26,G82058,OB,985,5835
2025-26,G82059,OB,1754,14543
2025-26,G82060,OB,1678,16593
2025-26,G82062,OB,163,1798
2025-26,G82063,OB,1662,10874
2025-26,G82066,OB,2952,19642
2025-26,G82067,OB,996,7730
2025-26,G82069,OB,1326,9428
2025-26,G82071,OB,4346,37663
2025-26,G82073,OB,1208,8360
2025-26,G82074,OB,1100,12874
2025-26,G82076,OB,1746,13053
2025-26,G82077,OB,1480,9865
2025-26,G82079,OB,1688,8270
2025-26,G82080,OB,3639,28819
2025-26,G82082,OB,1138,13154
2025-26,G82083,OB,1733,11618
2025-26,G82085,OB,1369,9454
2025-26,G82086,OB,1375,8025
2025-26,G82087,OB,2351,14256
2025-26,G82089,OB,1028,7380
2025-26,G82090,OB,2313,14992
2025-26,G82091,OB,1261,8212
2025-26,G82092,OB,567,6779
2025-26,G82093,OB,1170,8159
2025-26,G82094,OB,1511,9256
2025-26,G82095,OB,1334,9827
2025-26,G82097,OB,1426,12552
2025-26,G82098,OB,1098,6881
2025-26,G82099,OB,3881,26101
2025-26,G82100,OB,1675,11996
2025-26,G82105,OB,1701,14838
2025-26,G82106,OB,837,5658
2025-26,G82107,OB,1103,7838
2025-26,G82108,OB,1035,5354
2025-26,G82110,OB,276,5535
2025-26,G82111,OB,1535,9562
2025-26,G82113,OB,776,6260
2025-26,G82114,OB,1185,13069
2025-26,G82115,OB,989,8704
2025-26,G82117,OB,853,7356
2025-26,G82118,OB,1223,10976
2025-26,G82119,OB,3120,20223
2025-26,G82120,OB,782,12289
2025-26,G82121,OB,1463,10384
2025-26,G82122,OB,3371,27510
2025-26,G82125,OB,874,9208
2025-26,G82126,OB,1895,12700
2025-26,G82129,OB,576,3884
2025-26,G82135,OB,1734,16301
2025-26,G82137,OB,920,7580
2025-26,G82138,OB,430,3855
2025-26,G82139,OB,921,6821
2025-26,G82140,OB,785,11648
2025-26,G82141,OB,895,5733
2025-26,G82142,OB,822,8698
2025-26,G82143,OB,1147,5821
2025-26,G82147,OB,749,5047
2025-26,G82150,OB,761,5404
2025-26,G82152,OB,527,5312
2025-26,G82154,OB,698,4959
2025-26,G82155,OB,694,5144
2025-26,G82158,OB,432,4326
2025-26,G82160,OB,1791,10507
2025-26,G82161,OB,3533,24603
2025-26,G82162,OB,730,4454
2025-26,G82164,OB,1674,10420
2025-26,G82165,OB,1610,8060
2025-26,G82170,OB,318,3168
2025-26,G82180,OB,629,3818
2025-26,G82184,OB,316,1134
2025-26,G82185,OB,1139,7067
2025-26,G82186,OB,1166,6544
2025-26,G82200,OB,1255,8630
2025-26,G82203,OB,1192,7890
2025-26,G82205,OB,565,6346
2025-26,G82211,OB,1151,6699
2025-26,G82212,OB,917,6546
2025-26,G82215,OB,919,6119
2025-26,G82217,OB,435,2747
2025-26,G82218,OB,1690,10109
2025-26,G82219,OB,546,3970
2025-26,G82224,OB,228,3164
2025-26,G82226,OB,672,4509
2025-26,G82227,OB,746,5111
2025-26,G82228,OB,1948,19528
2025-26,G82229,OB,659,5884
2025-26,G82231,OB,719,5619
2025-26,G82232,OB,1196,7745
2025-26,G82233,OB,916,6803
2025-26,G82234,OB,557,4716
2025-26,G82235,OB,521,4462
2025-26,G82600,OB,280,1841
2025-26,G82604,OB,2076,11936
2025-26,G82631,OB,1119,5840
2025-26,G82634,OB,1708,9313
2025-26,G82635,OB,184,1789
2025-26,G82641,OB,1054,5087
2025-26,G82647,OB,2288,16812
2025-26,G82648,OB,656,3070
2025-26,G82650,OB,1043,7921
2025-26,G82652,OB,489,2647
2025-26,G82658,OB,563,4068
2025-26,G82665,OB,721,4725
2025-26,G82666,OB,1542,10864
2025-26,G82679,OB,816,5480
2025-26,G82682,OB,829,5673
2025-26,G82684,OB,510,3710
2025-26,G82687,OB,1533,7619
2025-26,G82691,OB,479,2704
2025-26,G82693,OB,2332,13932
2025-26,G82696,OB,452,2237
2025-26,G82697,OB,1257,7478
2025-26,G82698,OB,408,3408
2025-26,G82700,OB,2067,8055
2025-26,G82702,OB,959,5946
2025-26,G82708,OB,438,3245
2025-26,G82711,OB,275,3266
2025-26,G82719,OB,2014,12853
2025-26,G82721,OB,462,2708
2025-26,G82729,OB,1431,7898
2025-26,G82730,OB,1703,9856
2025-26,G82733,OB,294,3092
2025-26,G82737,OB,1046,8512
2025-26,G82741,OB,3465,22592
2025-26,G82744,OB,4867,29481
2025-26,G82753,OB,936,6206
2025-26,G82754,OB,414,2916
2025-26,G82763,OB,434,2305
2025-26,G82768,OB,535,6376
2025-26,G82780,OB,1895,12795
2025-26,G82790,OB,386,5026
2025-26,G82796,OB,701,6147
2025-26,G82799,OB,1873,11199
2025-26,G82802,OB,694,6037
2025-26,G82808,OB,1501,7459
2025-26,G82809,OB,1103,12948
2025-26,G82888,OB,237,4662
2025-26,G83001,OB,1278,9681
2025-26,G83002,OB,1213,7514
2025-26,G83004,OB,1474,10830
2025-26,G83006,OB,1543,12739
2025-26,G83009,OB,1417,8998
2025-26,G83010,OB,2002,11470
2025-26,G83012,OB,2645,12254
2025-26,G83013,OB,903,6557
2025-26,G83015,OB,553,4618
2025-26,G83016,OB,1480,9861
2025-26,G83018,OB,2349,14890
2025-26,G83019,OB,2029,12156
2025-26,G83021,OB,1422,14452
2025-26,G83024,OB,297,3814
2025-26,G83025,OB,1501,9173
2025-26,G83026,OB,1240,6238
2025-26,G83027,OB,2347,16608
2025-26,G83028,OB,1653,11629
2025-26,G83029,OB,604,5949
2025-26,G83030,OB,889,5064
2025-26,G83031,OB,947,5614
2025-26,G83033,OB,703,4503
2025-26,G83039,OB,1398,8164
2025-26,G83044,OB,1469,10118
2025-26,G83046,OB,705,5058
2025-26,G83049,OB,1585,10050
2025-26,G83052,OB,2365,13763
2025-26,G83053,OB,2333,16282
2025-26,G83057,OB,953,9199
2025-26,G83058,OB,998,10283
2025-26,G83060,OB,1022,5713
2025-26,G83062,OB,1749,8525
2025-26,G83065,OB,978,12283
2025-26,G83066,OB,2503,24675
2025-26,G83067,OB,5865,24955
2025-26,G83628,OB,1239,8174
2025-26,G83630,OB,2066,9364
2025-26,G83631,OB,631,3936
2025-26,G83633,OB,362,4227
2025-26,G83635,OB,790,3696
2025-26,G83641,OB,519,3070
2025-26,G83642,OB,1378,7770
2025-26,G83647,OB,1247,6726
2025-26,G83651,OB,673,5420
2025-26,G83654,OB,995,4570
2025-26,G83673,OB,760,5548
2025-26,G83680,OB,2818,21337
2025-26,G84001,OB,1200,10550
2025-26,G84002,OB,977,10436
2025-26,G84003,OB,1439,9321
2025-26,G84004,OB,1154,7839
2025-26,G84005,OB,792,4202
2025-26,G84006,OB,746,7985
2025-26,G84007,OB,1062,6358
2025-26,G84008,OB,380,5233
2025-26,G84009,OB,410,3445
2025-26,G84010,OB,1969,18796
2025-26,G84011,OB,803,6713
2025-26,G84013,OB,625,3315
2025-26,G84015,OB,971,8851
2025-26,G84016,OB,865,10635
2025-26,G84017,OB,764,7181
2025-26,G84018,OB,1003,6330
2025-26,G84019,OB,1682,8587
2025-26,G84020,OB,864,7302
2025-26,G84023,OB,1283,8028
2025-26,G84024,OB,1075,7437
2025-26,G84025,OB,1221,7289
2025-26,G84027,OB,3004,25031
2025-26,G84028,OB,940,5766
2025-26,G84029,OB,661,3080
2025-26,G84030,OB,704,5484
2025-26,G84032,OB,1368,11532
2025-26,G84033,OB,737,6636
2025-26,G84035,OB,476,6613
2025-26,G84039,OB,379,2927
2025-26,G84040,OB,801,7980
2025-26,G84041,OB,385,3137
2025-26,G84604,OB,722,6877
2025-26,G84607,OB,574,4322
2025-26,G84609,OB,307,2802
2025-26,G84621,OB,373,3185
2025-26,G84624,OB,461,2082
2025-26,G84625,OB,876,6024
2025-26,G84627,OB,359,5688
2025-26,G84629,OB,580,5069
2025-26,G84630,OB,306,2259
2025-26,G85001,OB,865,8274
2025-26,G85002,OB,1387,19032
2025-26,G85004,OB,3770,27732
2025-26,G85006,OB,1572,7237
2025-26,G85011,OB,1046,17415
2025-26,G85013,OB,1452,7873
2025-26,G85014,OB,945,9841
2025-26,G85015,OB,970,7485
2025-26,G85016,OB,1319,12413
2025-26,G85019,OB,124,1217
2025-26,G85020,OB,1460,13803
2025-26,G85021,OB,592,4158
2025-26,G85022,OB,1498,13048
2025-26,G85023,OB,1856,11486
2025-26,G85024,OB,1644,11602
2025-26,G85025,OB,928,11296
2025-26,G85026,OB,589,3553
2025-26,G85028,OB,1603,10997
2025-26,G85029,OB,1365,15215
2025-26,G85030,OB,638,4906
2025-26,G85031,OB,489,5758
2025-26,G85032,OB,1557,9320
2025-26,G85034,OB,8281,64143
2025-26,G85038,OB,5126,41828
2025-26,G85039,OB,1901,15310
2025-26,G85040,OB,1367,11856
2025-26,G85041,OB,1072,6656
2025-26,G85042,OB,880,5627
2025-26,G85044,OB,487,4671
2025-26,G85045,OB,780,6932
2025-26,G85046,OB,425,9719
2025-26,G85047,OB,1125,8837
2025-26,G85051,OB,354,7171
2025-26,G85052,OB,1494,8550
2025-26,G85053,OB,1854,20622
2025-26,G85054,OB,749,6133
2025-26,G85057,OB,1627,9880
2025-26,G85061,OB,1235,7799
2025-26,G85073,OB,736,6373
2025-26,G85076,OB,1232,7896
2025-26,G85083,OB,1968,11214
2025-26,G85084,OB,1640,13941
2025-26,G85085,OB,1167,11381
2025-26,G85086,OB,793,9856
2025-26,G85087,OB,2130,14722
2025-26,G85091,OB,583,5126
2025-26,G85096,OB,1151,8694
2025-26,G85100,OB,940,7647
2025-26,G85102,OB,612,8748
2025-26,G85104,OB,1321,7926
2025-26,G85105,OB,715,5372
2025-26,G85109,OB,1355,18435
2025-26,G85114,OB,1461,10182
2025-26,G85119,OB,764,5437
2025-26,G85120,OB,883,5287
2025-26,G85121,OB,1060,8032
2025-26,G85123,OB,987,8770
2025-26,G85125,OB,914,4936
2025-26,G85127,OB,714,5472
2025-26,G85129,OB,589,6445
2025-26,G85130,OB,739,8532
2025-26,G85132,OB,1147,12536
2025-26,G85134,OB,1325,7296
2025-26,G85135,OB,1451,9757
2025-26,G85136,OB,1052,13995
2025-26,G85137,OB,613,6928
2025-26,G85138,OB,1454,12725
2025-26,G85623,OB,1127,9042
2025-26,G85632,OB,1016,7621
2025-26,G85633,OB,2625,15962
2025-26,G85642,OB,826,8679
2025-26,G85644,OB,448,5062
2025-26,G85647,OB,657,6105
2025-26,G85651,OB,483,5566
2025-26,G85662,OB,755,6451
2025-26,G85673,OB,765,5698
2025-26,G85674,OB,392,6322
2025-26,G85681,OB,584,3772
2025-26,G85685,OB,860,7556
2025-26,G85690,OB,658,6030
2025-26,G85695,OB,729,6154
2025-26,G85696,OB,1669,13718
2025-26,G85698,OB,1538,13979
2025-26,G85705,OB,429,6590
2025-26,G85706,OB,355,4666
2025-26,G85708,OB,591,8898
2025-26,G85711,OB,1063,9862
2025-26,G85715,OB,1644,9498
2025-26,G85716,OB,849,4763
2025-26,G85721,OB,1201,5465
2025-26,G85722,OB,1661,8850
2025-26,G85724,OB,1360,16516
2025-26,G85726,OB,1089,6142
2025-26,G85727,OB,805,5626
2025-26,G85736,OB,567,3676
2025-26,H81002,OB,882,6794
2025-26,H81003,OB,1828,15163
2025-26,H81004,OB,1317,10232
2025-26,H81005,OB,592,5204
2025-26,H81006,OB,640,7055
2025-26,H81009,OB,2427,13269
2025-26,H81010,OB,2184,20702
2025-26,H81011,OB,629,6662
2025-26,H81013,OB,3029,22711
2025-26,H81015,OB,816,8146
2025-26,H81016,OB,1108,8512
2025-26,H81017,OB,1720,16099
2025-26,H81019,OB,1641,11463
2025-26,H81020,OB,1044,10222
2025-26,H81021,OB,1058,12838
2025-26,H81022,OB,451,4251
2025-26,H81023,OB,1012,9153
2025-26,H81024,OB,1073,10236
2025-26,H81025,OB,1250,9473
2025-26,H81026,OB,952,9312
2025-26,H81027,OB,1466,12534
2025-26,H81028,OB,641,9545
2025-26,H81029,OB,1048,10710
2025-26,H81030,OB,2983,22349
2025-26,H81031,OB,527,8900
2025-26,H81032,OB,1733,13416
2025-26,H81033,OB,2324,18032
2025-26,H81034,OB,594,7176
2025-26,H81035,OB,860,9109
2025-26,H81036,OB,789,8072
2025-26,H81038,OB,161,2875
2025-26,H81039,OB,448,5164
2025-26,H81040,OB,1030,7407
2025-26,H81041,OB,1213,8339
2025-26,H81042,OB,2179,13240
2025-26,H81043,OB,649,8438
2025-26,H81044,OB,463,3891
2025-26,H81045,OB,1124,8381
2025-26,H81046,OB,626,5593
2025-26,H81047,OB,929,9980
2025-26,H81048,OB,567,7953
2025-26,H81050,OB,1026,9520
2025-26,H81051,OB,1199,11025
2025-26,H81052,OB,1728,14384
2025-26,H81053,OB,1188,7234
2025-26,H81055,OB,672,7018
2025-26,H81056,OB,1294,13520
2025-26,H81057,OB,1016,6256
2025-26,H81058,OB,689,8271
2025-26,H81061,OB,1651,12119
2025-26,H81062,OB,1851,15197
2025-26,H81064,OB,1553,11223
2025-26,H81065,OB,904,7635
2025-26,H81066,OB,1964,11880
2025-26,H81067,OB,966,10190
2025-26,H81068,OB,861,10109
2025-26,H81069,OB,2367,18021
2025-26,H81070,OB,1095,9747
2025-26,H81071,OB,2127,8865
2025-26,H81072,OB,848,11193
2025-26,H81073,OB,1178,19575
2025-26,H81074,OB,658,5099
2025-26,H81075,OB,1172,9048
2025-26,H81076,OB,1102,10276
2025-26,H81077,OB,541,6532
2025-26,H81078,OB,1219,12778
2025-26,H81080,OB,964,8622
2025-26,H81081,OB,959,7627
2025-26,H81082,OB,1090,7874
2025-26,H81084,OB,504,8610
2025-26,H81085,OB,950,9204
2025-26,H81086,OB,292,3811
2025-26,H81087,OB,1871,11970
2025-26,H81088,OB,1307,11898
2025-26,H81089,OB,1686,17026
2025-26,H81090,OB,1598,14544
2025-26,H81091,OB,1247,11248
2025-26,H81094,OB,945,8410
2025-26,H81095,OB,384,2822
2025-26,H81099,OB,626,10788
2025-26,H81103,OB,535,6721
2025-26,H81104,OB,947,6677
2025-26,H81107,OB,267,6167
2025-26,H81109,OB,413,6127
2025-26,H81110,OB,434,5129
2025-26,H81111,OB,565,4911
2025-26,H81113,OB,867,6739
2025-26,H81116,OB,624,4797
2025-26,H81119,OB,2215,17225
2025-26,H81122,OB,890,7149
2025-26,H81123,OB,473,2583
2025-26,H81126,OB,737,6453
2025-26,H81128,OB,498,7067
2025-26,H81129,OB,478,3628
2025-26,H81130,OB,1243,12645
2025-26,H81131,OB,250,3453
2025-26,H81133,OB,2010,24539
2025-26,H81134,OB,1417,10718
2025-26,H81615,OB,1340,11191
2025-26,H81618,OB,650,4921
2025-26,H81632,OB,402,2408
2025-26,H81638,OB,5067,30098
2025-26,H81641,OB,512,3112
2025-26,H81642,OB,354,3471
2025-26,H81643,OB,439,3060
2025-26,H81644,OB,1106,6868
2025-26,H81656,OB,554,5710
2025-26,H81658,OB,668,5176
2025-26,H81663,OB,368,2738
2025-26,H81672,OB,344,4738
2025-26,H82003,OB,1112,8794
2025-26,H82004,OB,430,4199
2025-26,H82005,OB,1006,9765
2025-26,H82006,OB,569,5060
2025-26,H82007,OB,2047,10706
2025-26,H82009,OB,2330,13498
2025-26,H82011,OB,1383,12742
2025-26,H82012,OB,1613,11866
2025-26,H82013,OB,1423,11324
2025-26,H82014,OB,1667,11110
2025-26,H82016,OB,1831,10519
2025-26,H82017,OB,1838,16020
2025-26,H82020,OB,920,8037
2025-26,H82021,OB,493,5695
2025-26,H82022,OB,1089,9684
2025-26,H82023,OB,3568,29167
2025-26,H82025,OB,2360,13398
2025-26,H82026,OB,1933,15188
2025-26,H82027,OB,289,3155
2025-26,H82028,OB,1227,11647
2025-26,H82030,OB,1191,11297
2025-26,H82031,OB,758,5767
2025-26,H82032,OB,951,10944
2025-26,H82033,OB,479,5691
2025-26,H82034,OB,2419,23238
2025-26,H82035,OB,705,8677
2025-26,H82036,OB,656,7434
2025-26,H82037,OB,2201,10895
2025-26,H82038,OB,2109,10797
2025-26,H82039,OB,1445,9101
2025-26,H82040,OB,2684,22963
2025-26,H82041,OB,2009,11503
2025-26,H82042,OB,1714,11755
2025-26,H82043,OB,1424,9732
2025-26,H82044,OB,701,8516
2025-26,H82045,OB,2341,17223
2025-26,H82046,OB,1029,9464
2025-26,H82047,OB,1658,10211
2025-26,H82048,OB,1594,10223
2025-26,H82049,OB,1311,8517
2025-26,H82050,OB,1328,8395
2025-26,H82051,OB,973,10485
2025-26,H82052,OB,1489,13336
2025-26,H82053,OB,868,5747
2025-26,H82055,OB,1682,11075
2025-26,H82056,OB,1297,11765
2025-26,H82057,OB,1326,17785
2025-26,H82058,OB,2553,14681
2025-26,H82059,OB,1599,10296
2025-26,H82060,OB,967,8379
2025-26,H82061,OB,1198,7664
2025-26,H82063,OB,2048,14120
2025-26,H82064,OB,1470,9002
2025-26,H82065,OB,2585,12489
2025-26,H82066,OB,2329,12956
2025-26,H82067,OB,1456,6638
2025-26,H82070,OB,1536,11188
2025-26,H82072,OB,1455,10803
2025-26,H82076,OB,497,3422
2025-26,H82077,OB,2076,11101
2025-26,H82078,OB,1138,8320
2025-26,H82084,OB,970,6402
2025-26,H82087,OB,325,3527
2025-26,H82088,OB,760,4755
2025-26,H82089,OB,1156,9212
2025-26,H82091,OB,1253,6909
2025-26,H82092,OB,1182,8828
2025-26,H82095,OB,1098,8784
2025-26,H82096,OB,766,4444
2025-26,H82098,OB,1295,7871
2025-26,H82099,OB,1334,6931
2025-26,H82100,OB,479,6613
2025-26,H82615,OB,1146,7557
2025-26,H82640,OB,1538,13393
2025-26,H83001,OB,1792,12062
2025-26,H83004,OB,1289,9494
2025-26,H83005,OB,1557,11846
2025-26,H83006,OB,1270,8930
2025-26,H83007,OB,1409,8044
2025-26,H83008,OB,404,3198
2025-26,H83009,OB,1881,8556
2025-26,H83010,OB,759,5477
2025-26,H83011,OB,822,6231
2025-26,H83012,OB,906,7085
2025-26,H83013,OB,1489,14874
2025-26,H83014,OB,704,5699
2025-26,H83015,OB,1505,10780
2025-26,H83016,OB,2286,19449
2025-26,H83017,OB,2615,10685
2025-26,H83018,OB,1560,13926
2025-26,H83019,OB,628,6274
2025-26,H83020,OB,1084,8021
2025-26,H83021,OB,805,4669
2025-26,H83022,OB,895,4768
2025-26,H83023,OB,984,5210
2025-26,H83024,OB,1662,13919
2025-26,H83028,OB,1042,7684
2025-26,H83029,OB,489,4053
2025-26,H83030,OB,598,2434
2025-26,H83031,OB,550,2891
2025-26,H83033,OB,893,3523
2025-26,H83034,OB,1184,5495
2025-26,H83037,OB,587,6149
2025-26,H83039,OB,793,6757
2025-26,H83042,OB,1076,7208
2025-26,H83043,OB,676,6169
2025-26,H83044,OB,2360,20529
2025-26,H83049,OB,342,2130
2025-26,H83051,OB,1813,15987
2025-26,H83052,OB,301,2280
2025-26,H83053,OB,2023,11497
2025-26,H83608,OB,1342,9060
2025-26,H83609,OB,675,3961
2025-26,H83611,OB,675,4601
2025-26,H83624,OB,1304,6851
2025-26,H83627,OB,762,6323
2025-26,H83631,OB,1169,8848
2025-26,H84002,OB,242,10052
2025-26,H84005,OB,904,11611
2025-26,H84006,OB,533,13902
2025-26,H84007,OB,429,6064
2025-26,H84010,OB,715,7736
2025-26,H84012,OB,864,11724
2025-26,H84014,OB,117,2090
2025-26,H84015,OB,912,7124
2025-26,H84016,OB,1632,13300
2025-26,H84017,OB,603,9834
2025-26,H84018,OB,591,5652
2025-26,H84020,OB,991,20113
2025-26,H84023,OB,297,10910
2025-26,H84025,OB,736,5736
2025-26,H84027,OB,1297,13741
2025-26,H84030,OB,1144,10564
2025-26,H84031,OB,623,4529
2025-26,H84032,OB,343,7378
2025-26,H84033,OB,432,5192
2025-26,H84034,OB,903,6849
2025-26,H84039,OB,684,9376
2025-26,H84040,OB,761,9124
2025-26,H84041,OB,227,5632
2025-26,H84042,OB,1112,10789
2025-26,H84044,OB,859,6494
2025-26,H84048,OB,379,6796
2025-26,H84050,OB,715,5871
2025-26,H84051,OB,612,5917
2025-26,H84053,OB,474,5341
2025-26,H84054,OB,363,2900
2025-26,H84055,OB,477,8913
2025-26,H84057,OB,218,2840
2025-26,H84059,OB,216,4171
2025-26,H84060,OB,357,5905
2025-26,H84061,OB,1852,22537
2025-26,H84062,OB,769,6868
2025-26,H84618,OB,720,4173
2025-26,H84619,OB,505,8760
2025-26,H84623,OB,415,6841
2025-26,H84625,OB,291,4155
2025-26,H84630,OB,378,2743
2025-26,H84635,OB,1548,12620
2025-26,H84639,OB,200,4573
2025-26,H85001,OB,1130,16590
2025-26,H85002,OB,827,10286
2025-26,H85003,OB,559,6048
2025-26,H85006,OB,510,5174
2025-26,H85007,OB,781,8645
2025-26,H85008,OB,623,5480
2025-26,H85009,OB,811,11954
2025-26,H85011,OB,845,8185
2025-26,H85012,OB,1488,20622
2025-26,H85018,OB,814,6938
2025-26,H85020,OB,1598,25789
2025-26,H85021,OB,771,4896
2025-26,H85022,OB,401,3861
2025-26,H85023,OB,579,3915
2025-26,H85024,OB,1009,6833
2025-26,H85025,OB,1417,12861
2025-26,H85026,OB,706,11719
2025-26,H85027,OB,335,11001
2025-26,H85028,OB,478,8859
2025-26,H85029,OB,1848,12180
2025-26,H85030,OB,1501,10560
2025-26,H85031,OB,1135,9134
2025-26,H85033,OB,1099,7865
2025-26,H85037,OB,1478,11557
2025-26,H85038,OB,1414,8834
2025-26,H85041,OB,909,12249
2025-26,H85045,OB,1188,11503
2025-26,H85047,OB,936,10839
2025-26,H85048,OB,1014,13224
2025-26,H85049,OB,288,5553
2025-26,H85051,OB,972,14692
2025-26,H85052,OB,413,3580
2025-26,H85053,OB,555,4358
2025-26,H85055,OB,598,5991
2025-26,H85057,OB,365,6223
2025-26,H85061,OB,1380,20041
2025-26,H85063,OB,834,9901
2025-26,H85065,OB,387,3522
2025-26,H85066,OB,1039,16575
2025-26,H85067,OB,308,2325
2025-26,H85069,OB,839,12850
2025-26,H85070,OB,1163,7801
2025-26,H85075,OB,284,4576
2025-26,H85076,OB,1290,8246
2025-26,H85077,OB,581,5359
2025-26,H85078,OB,399,3502
2025-26,H85082,OB,411,3857
2025-26,H85087,OB,1374,8637
2025-26,H85088,OB,233,2178
2025-26,H85090,OB,1066,8831
2025-26,H85092,OB,446,4824
2025-26,H85095,OB,1777,11998
2025-26,H85100,OB,431,6160
2025-26,H85101,OB,600,7184
2025-26,H85103,OB,932,5648
2025-26,H85105,OB,874,10841
2025-26,H85110,OB,537,4318
2025-26,H85111,OB,1300,12079
2025-26,H85112,OB,230,4710
2025-26,H85113,OB,523,3678
2025-26,H85114,OB,440,10352
2025-26,H85115,OB,1363,10063
2025-26,H85116,OB,751,9065
2025-26,H85618,OB,661,7047
2025-26,H85634,OB,474,6414
2025-26,H85637,OB,76,1018
2025-26,H85649,OB,929,8860
2025-26,H85653,OB,1764,14997
2025-26,H85656,OB,421,4495
2025-26,H85659,OB,623,10494
2025-26,H85662,OB,277,4456
2025-26,H85664,OB,76,1792
2025-26,H85680,OB,1040,8304
2025-26,H85682,OB,1351,9088
2025-26,H85683,OB,698,3381
2025-26,H85686,OB,944,9035
2025-26,H85691,OB,13,80
2025-26,H85693,OB,1285,7764
2025-26,J81002,OB,937,7626
2025-26,J81006,OB,5240,31838
2025-26,J81009,OB,2266,10237
2025-26,J81010,OB,987,9280
2025-26,J81011,OB,894,6951
2025-26,J81012,OB,6089,48294
2025-26,J81013,OB,1210,9739
2025-26,J81014,OB,2048,18259
2025-26,J81016,OB,661,7302
2025-26,J81017,OB,421,3692
2025-26,J81018,OB,971,9597
2025-26,J81019,OB,3368,19225
2025-26,J81020,OB,551,3203
2025-26,J81021,OB,1930,21811
2025-26,J81022,OB,578,4742
2025-26,J81025,OB,576,4913
2025-26,J81027,OB,3168,23086
2025-26,J81028,OB,1214,13207
2025-26,J81029,OB,689,4570
2025-26,J81030,OB,609,6542
2025-26,J81033,OB,2111,20651
2025-26,J81034,OB,1592,14175
2025-26,J81035,OB,580,4119
2025-26,J81036,OB,1277,7485
2025-26,J81039,OB,1077,7946
2025-26,J81041,OB,2400,17089
2025-26,J81042,OB,785,7292
2025-26,J81045,OB,1173,8651
2025-26,J81046,OB,1164,11018
2025-26,J81047,OB,1210,9862
2025-26,J81049,OB,786,8568
2025-26,J81051,OB,1175,10151
2025-26,J81053,OB,290,3597
2025-26,J81056,OB,1638,13322
2025-26,J81057,OB,498,4886
2025-26,J81058,OB,1498,11342
2025-26,J81059,OB,883,7258
2025-26,J81061,OB,683,6649
2025-26,J81062,OB,920,9158
2025-26,J81064,OB,633,4415
2025-26,J81066,OB,1115,9050
2025-26,J81067,OB,631,4905
2025-26,J81068,OB,829,5519
2025-26,J81070,OB,973,9275
2025-26,J81072,OB,1247,14497
2025-26,J81073,OB,2172,14286
2025-26,J81074,OB,424,4369
2025-26,J81075,OB,955,7320
2025-26,J81076,OB,2729,20805
2025-26,J81077,OB,809,6896
2025-26,J81078,OB,1489,10537
2025-26,J81081,OB,1941,11121
2025-26,J81082,OB,812,6800
2025-26,J81086,OB,971,6216
2025-26,J81087,OB,934,8420
2025-26,J81609,OB,1074,8409
2025-26,J81612,OB,377,2806
2025-26,J81616,OB,574,3661
2025-26,J81620,OB,3749,22236
2025-26,J81621,OB,955,7251
2025-26,J81625,OB,1173,11605
2025-26,J81626,OB,668,4419
2025-26,J81631,OB,235,1691
2025-26,J81633,OB,713,5508
2025-26,J81634,OB,954,11770
2025-26,J81646,OB,594,5502
2025-26,J81647,OB,938,7630
2025-26,J81648,OB,579,4610
2025-26,J82001,OB,804,7829
2025-26,J82002,OB,1942,11566
2025-26,J82005,OB,406,3903
2025-26,J82007,OB,2942,29091
2025-26,J82009,OB,1746,12941
2025-26,J82010,OB,2905,15269
2025-26,J82012,OB,1849,9453
2025-26,J82015,OB,1495,7873
2025-26,J82016,OB,883,7444
2025-26,J82017,OB,1962,10648
2025-26,J82018,OB,2199,15004
2025-26,J82019,OB,1712,12137
2025-26,J82020,OB,1588,11293
2025-26,J82021,OB,1127,7415
2025-26,J82024,OB,2116,17587
2025-26,J82025,OB,1821,12529
2025-26,J82026,OB,1810,13986
2025-26,J82028,OB,2842,23503
2025-26,J82033,OB,1095,7630
2025-26,J82034,OB,1576,11593
2025-26,J82035,OB,1236,13811
2025-26,J82036,OB,193,2263
2025-26,J82039,OB,1270,9332
2025-26,J82040,OB,2731,14136
2025-26,J82042,OB,2243,13384
2025-26,J82049,OB,3902,24127
2025-26,J82050,OB,1463,18954
2025-26,J82051,OB,4771,29361
2025-26,J82053,OB,1716,8860
2025-26,J82054,OB,1016,7846
2025-26,J82055,OB,1178,9358
2025-26,J82056,OB,2722,18007
2025-26,J82058,OB,2055,15461
2025-26,J82059,OB,784,5783
2025-26,J82060,OB,1504,9970
2025-26,J82061,OB,1005,10686
2025-26,J82062,OB,1664,12257
2025-26,J82064,OB,1721,11361
2025-26,J82066,OB,2768,17386
2025-26,J82067,OB,2840,15615
2025-26,J82069,OB,6315,42090
2025-26,J82071,OB,1616,10820
2025-26,J82072,OB,1178,9129
2025-26,J82073,OB,1283,7892
2025-26,J82074,OB,1133,13215
2025-26,J82075,OB,679,5974
2025-26,J82076,OB,2784,17661
2025-26,J82079,OB,856,6315
2025-26,J82080,OB,1655,36482
2025-26,J82081,OB,3870,30987
2025-26,J82082,OB,1678,9781
2025-26,J82083,OB,6755,38622
2025-26,J82084,OB,800,5046
2025-26,J82085,OB,4197,28877
2025-26,J82087,OB,884,6230
2025-26,J82088,OB,1832,11148
2025-26,J82092,OB,1072,6523
2025-26,J82094,OB,2797,16056
2025-26,J82098,OB,3515,30050
2025-26,J82099,OB,1305,11819
2025-26,J82101,OB,2028,15736
2025-26,J82102,OB,3080,19449
2025-26,J82103,OB,1486,10225
2025-26,J82104,OB,1682,10724
2025-26,J82106,OB,654,5692
2025-26,J82110,OB,2552,22387
2025-26,J82112,OB,2765,18871
2025-26,J82115,OB,653,4586
2025-26,J82116,OB,750,8141
2025-26,J82119,OB,1266,8841
2025-26,J82120,OB,1441,8739
2025-26,J82121,OB,1215,7811
2025-26,J82122,OB,954,8540
2025-26,J82124,OB,1082,8342
2025-26,J82125,OB,1169,6357
2025-26,J82126,OB,445,3687
2025-26,J82128,OB,1167,6869
2025-26,J82129,OB,518,6344
2025-26,J82130,OB,2085,19447
2025-26,J82131,OB,1118,10272
2025-26,J82132,OB,1215,11495
2025-26,J82134,OB,3338,19539
2025-26,J82136,OB,1388,9499
2025-26,J82138,OB,1977,14468
2025-26,J82139,OB,1545,13375
2025-26,J82142,OB,1804,9238
2025-26,J82143,OB,1187,13298
2025-26,J82144,OB,2710,21660
2025-26,J82145,OB,1303,13959
2025-26,J82146,OB,551,4953
2025-26,J82147,OB,1054,6374
2025-26,J82149,OB,2257,13055
2025-26,J82150,OB,1044,9817
2025-26,J82151,OB,608,4685
2025-26,J82152,OB,1501,6798
2025-26,J82154,OB,3420,28494
2025-26,J82155,OB,14169,48861
2025-26,J82156,OB,926,6764
2025-26,J82157,OB,1959,13925
2025-26,J82161,OB,1147,8553
2025-26,J82163,OB,2034,13862
2025-26,J82169,OB,964,6784
2025-26,J82174,OB,1273,11657
2025-26,J82178,OB,2774,10417
2025-26,J82181,OB,1438,7253
2025-26,J82184,OB,592,3548
2025-26,J82194,OB,1481,11166
2025-26,J82196,OB,2548,12095
2025-26,J82198,OB,774,4771
2025-26,J82199,OB,1169,16368
2025-26,J82201,OB,767,6548
2025-26,J82207,OB,1260,9444
2025-26,J82208,OB,1276,6050
2025-26,J82210,OB,1087,8222
2025-26,J82213,OB,794,4741
2025-26,J82214,OB,909,7972
2025-26,J82215,OB,1697,11109
2025-26,J82216,OB,1422,11037
2025-26,J82217,OB,46,483
2025-26,J82218,OB,1840,13895
2025-26,J82605,OB,610,4246
2025-26,J82622,OB,6273,38246
2025-26,J82625,OB,463,3988
2025-26,J82628,OB,615,4633
2025-26,J82630,OB,642,4724
2025-26,J82639,OB,2410,15812
2025-26,J82640,OB,677,5897
2025-26,J82646,OB,2402,12949
2025-26,J82669,OB,1292,6796
2025-26,J83001,OB,1645,11030
2025-26,J83002,OB,5931,38555
2025-26,J83003,OB,1727,10671
2025-26,J83004,OB,735,6546
2025-26,J83005,OB,1452,8494
2025-26,J83006,OB,815,8979
2025-26,J83007,OB,1434,12381
2025-26,J83008,OB,2442,15181
2025-26,J83009,OB,2124,12108
2025-26,J83010,OB,826,9266
2025-26,J83011,OB,2472,11809
2025-26,J83013,OB,853,6319
2025-26,J83014,OB,1634,12358
2025-26,J83016,OB,3041,25727
2025-26,J83018,OB,2418,14931
2025-26,J83019,OB,1784,10475
2025-26,J83021,OB,2642,19310
2025-26,J83022,OB,988,7443
2025-26,J83023,OB,1359,7104
2025-26,J83024,OB,1224,6819
2025-26,J83026,OB,2201,19639
2025-26,J83027,OB,1630,9619
2025-26,J83029,OB,1142,7058
2025-26,J83030,OB,2368,15224
2025-26,J83033,OB,2841,16880
2025-26,J83034,OB,739,5569
2025-26,J83035,OB,2324,11227
2025-26,J83036,OB,1503,8218
2025-26,J83037,OB,1346,13474
2025-26,J83038,OB,3087,22632
2025-26,J83039,OB,2116,11030
2025-26,J83040,OB,2889,20061
2025-26,J83041,OB,2108,13614
2025-26,J83042,OB,2117,16319
2025-26,J83043,OB,474,5573
2025-26,J83045,OB,741,8583
2025-26,J83046,OB,2581,12645
2025-26,J83047,OB,1488,6607
2025-26,J83048,OB,1040,5536
2025-26,J83049,OB,1211,10093
2025-26,J83050,OB,1888,11988
2025-26,J83052,OB,1751,12640
2025-26,J83053,OB,715,6173
2025-26,J83055,OB,1575,8052
2025-26,J83056,OB,622,4545
2025-26,J83057,OB,2894,15796
2025-26,J83058,OB,551,3673
2025-26,J83059,OB,1269,7622
2025-26,J83060,OB,411,4285
2025-26,J83064,OB,966,9552
2025-26,J83601,OB,327,3500
2025-26,J83603,OB,288,4045
2025-26,J83609,OB,331,2832
2025-26,J83615,OB,374,2866
2025-26,J83618,OB,327,2791
2025-26,J83619,OB,507,2868
2025-26,J83625,OB,841,6903
2025-26,J83629,OB,254,2067
2025-26,J83630,OB,184,2145
2025-26,J83633,OB,1362,8461
2025-26,J83645,OB,486,3448
2025-26,J83646,OB,687,6203
2025-26,J84003,OB,944,7110
2025-26,J84004,OB,1244,7274
2025-26,J84005,OB,977,7218
2025-26,J84007,OB,795,5778
2025-26,J84008,OB,894,4569
2025-26,J84011,OB,2852,19842
2025-26,J84012,OB,1889,11945
2025-26,J84013,OB,2920,23113
2025-26,J84015,OB,1963,12835
2025-26,J84016,OB,954,5657
2025-26,J84017,OB,1005,7180
2025-26,J84019,OB,1298,9753
2025-26,K81001,OB,2094,12035
2025-26,K81002,OB,1785,11943
2025-26,K81003,OB,827,11828
2025-26,K81004,OB,2278,11531
2025-26,K81007,OB,599,4447
2025-26,K81010,OB,612,5918
2025-26,K81012,OB,850,9790
2025-26,K81014,OB,1578,16005
2025-26,K81015,OB,359,2786
2025-26,K81017,OB,1958,11767
2025-26,K81018,OB,855,8124
2025-26,K81019,OB,539,4625
2025-26,K81020,OB,1617,15098
2025-26,K81021,OB,1161,8163
2025-26,K81022,OB,2235,21859
2025-26,K81024,OB,2940,17413
2025-26,K81025,OB,1144,15424
2025-26,K81026,OB,702,6556
2025-26,K81027,OB,574,8939
2025-26,K81028,OB,550,7064
2025-26,K81030,OB,4212,32675
2025-26,K81034,OB,1373,8915
2025-26,K81036,OB,1017,9598
2025-26,K81040,OB,2414,15642
2025-26,K81041,OB,1148,9283
2025-26,K81042,OB,737,6420
2025-26,K81043,OB,2660,14363
2025-26,K81045,OB,1647,13147
2025-26,K81046,OB,740,6921
2025-26,K81047,OB,3235,24441
2025-26,K81048,OB,853,7117
2025-26,K81050,OB,1200,8787
2025-26,K81051,OB,1013,10569
2025-26,K81052,OB,819,5228
2025-26,K81055,OB,496,6223
2025-26,K81056,OB,825,5318
2025-26,K81057,OB,785,5930
2025-26,K81060,OB,852,9799
2025-26,K81062,OB,2875,21509
2025-26,K81063,OB,1863,17969
2025-26,K81066,OB,805,9017
2025-26,K81068,OB,808,7504
2025-26,K81069,OB,1105,11746
2025-26,K81070,OB,953,9655
2025-26,K81073,OB,2350,14549
2025-26,K81074,OB,751,12849
2025-26,K81075,OB,4518,28733
2025-26,K81076,OB,1027,7874
2025-26,K81077,OB,1196,8702
2025-26,K81078,OB,1583,10526
2025-26,K81080,OB,721,7810
2025-26,K81081,OB,155,2056
2025-26,K81082,OB,1034,8090
2025-26,K81083,OB,1970,13264
2025-26,K81084,OB,624,6218
2025-26,K81085,OB,1151,7902
2025-26,K81086,OB,2182,9128
2025-26,K81087,OB,911,5669
2025-26,K81092,OB,1352,11588
2025-26,K81094,OB,601,3505
2025-26,K81097,OB,496,4551
2025-26,K81100,OB,400,5224
2025-26,K81102,OB,1443,7891
2025-26,K81103,OB,595,6837
2025-26,K81605,OB,2255,26230
2025-26,K81607,OB,546,2478
2025-26,K81608,OB,512,3753
2025-26,K81610,OB,4255,24755
2025-26,K81616,OB,790,4315
2025-26,K81630,OB,1695,10384
2025-26,K81633,OB,956,8615
2025-26,K81636,OB,775,6659
2025-26,K81644,OB,1237,12113
2025-26,K81645,OB,974,5435
2025-26,K81651,OB,2190,14068
2025-26,K81655,OB,818,5590
2025-26,K81656,OB,718,5427
2025-26,K81657,OB,718,4722
2025-26,K82001,OB,661,8556
2025-26,K82003,OB,1436,11946
2025-26,K82004,OB,980,10925
2025-26,K82006,OB,785,7383
2025-26,K82007,OB,3491,24833
2025-26,K82008,OB,804,8385
2025-26,K82009,OB,4832,32832
2025-26,K82010,OB,965,7552
2025-26,K82011,OB,708,8215
2025-26,K82012,OB,758,5663
2025-26,K82013,OB,1286,11690
2025-26,K82014,OB,507,4723
2025-26,K82015,OB,1053,7793
2025-26,K82016,OB,3111,23153
2025-26,K82017,OB,1438,10974
2025-26,K82019,OB,1319,12639
2025-26,K82020,OB,500,5265
2025-26,K82021,OB,1253,12537
2025-26,K82022,OB,1062,7915
2025-26,K82023,OB,2827,30345
2025-26,K82024,OB,841,8690
2025-26,K82025,OB,771,8949
2025-26,K82026,OB,2473,16194
2025-26,K82027,OB,626,4827
2025-26,K82028,OB,647,7779
2025-26,K82030,OB,1403,8605
2025-26,K82031,OB,664,4912
2025-26,K82032,OB,1053,9638
2025-26,K82033,OB,1719,14970
2025-26,K82035,OB,251,2998
2025-26,K82036,OB,1051,9200
2025-26,K82037,OB,1292,10782
2025-26,K82038,OB,2409,18731
2025-26,K82039,OB,1311,12784
2025-26,K82040,OB,1351,10556
2025-26,K82044,OB,803,7476
2025-26,K82045,OB,672,5554
2025-26,K82046,OB,1187,15033
2025-26,K82047,OB,1639,18248
2025-26,K82048,OB,1019,5568
2025-26,K82049,OB,775,9923
2025-26,K82051,OB,599,8897
2025-26,K82053,OB,1028,8836
2025-26,K82054,OB,945,8088
2025-26,K82055,OB,1075,8403
2025-26,K82057,OB,808,7384
2025-26,K82058,OB,585,4447
2025-26,K82059,OB,944,6764
2025-26,K82061,OB,368,3918
2025-26,K82064,OB,763,6113
2025-26,K82065,OB,1952,16971
2025-26,K82066,OB,1334,11145
2025-26,K82068,OB,682,4456
2025-26,K82070,OB,1815,16093
2025-26,K82073,OB,2775,26009
2025-26,K82078,OB,699,8388
2025-26,K82079,OB,994,7176
2025-26,K82603,OB,1194,9142
2025-26,K82610,OB,918,6387
2025-26,K82615,OB,1162,11548
2025-26,K82617,OB,606,6606
2025-26,K82618,OB,193,2753
2025-26,K82621,OB,270,3545
2025-26,K82631,OB,1302,12094
2025-26,K82633,OB,1160,11940
2025-26,K83002,OB,5980,36376
2025-26,K83003,OB,1027,7762
2025-26,K83005,OB,1845,11233
2025-26,K83006,OB,1149,7667
2025-26,K83007,OB,2099,10985
2025-26,K83008,OB,1270,8692
2025-26,K83009,OB,1186,12015
2025-26,K83010,OB,2310,14988
2025-26,K83011,OB,1655,9898
2025-26,K83012,OB,1297,9578
2025-26,K83013,OB,2295,12030
2025-26,K83014,OB,2194,14149
2025-26,K83015,OB,1543,10445
2025-26,K83017,OB,1223,8712
2025-26,K83018,OB,1234,9685
2025-26,K83019,OB,616,5426
2025-26,K83021,OB,2756,17610
2025-26,K83022,OB,1516,9363
2025-26,K83023,OB,1220,8178
2025-26,K83024,OB,1013,7112
2025-26,K83025,OB,1401,13211
2025-26,K83026,OB,2376,15691
2025-26,K83027,OB,932,8334
2025-26,K83028,OB,1482,9247
2025-26,K83029,OB,1424,10401
2025-26,K83030,OB,1186,7454
2025-26,K83031,OB,686,6758
2025-26,K83032,OB,2084,17583
2025-26,K83035,OB,731,5377
2025-26,K83036,OB,2552,13195
2025-26,K83037,OB,1783,10903
2025-26,K83039,OB,929,10001
2025-26,K83040,OB,1093,8509
2025-26,K83041,OB,2028,18438
2025-26,K83042,OB,1807,11887
2025-26,K83043,OB,1780,11610
2025-26,K83044,OB,1338,11159
2025-26,K83047,OB,3885,22395
2025-26,K83048,OB,437,4458
2025-26,K83049,OB,1784,13207
2025-26,K83050,OB,504,5757
2025-26,K83051,OB,3889,22742
2025-26,K83052,OB,1754,17958
2025-26,K83053,OB,548,5367
2025-26,K83055,OB,706,6206
2025-26,K83056,OB,436,3437
2025-26,K83059,OB,4423,24162
2025-26,K83064,OB,1609,13359
2025-26,K83065,OB,1033,5642
2025-26,K83066,OB,1477,12122
2025-26,K83068,OB,802,5301
2025-26,K83069,OB,489,2520
2025-26,K83070,OB,1328,8558
2025-26,K83076,OB,905,6773
2025-26,K83077,OB,941,7548
2025-26,K83080,OB,699,4383
2025-26,K83081,OB,185,1499
2025-26,K83601,OB,601,6730
2025-26,K83610,OB,1131,11484
2025-26,K83616,OB,879,5101
2025-26,K83618,OB,842,9187
2025-26,K83620,OB,882,7394
2025-26,K83621,OB,860,11493
2025-26,K83622,OB,1943,11858
2025-26,K84001,OB,491,8596
2025-26,K84002,OB,2107,15521
2025-26,K84003,OB,706,5757
2025-26,K84004,OB,1573,10549
2025-26,K84006,OB,1809,13201
2025-26,K84007,OB,949,6914
2025-26,K84008,OB,730,6521
2025-26,K84009,OB,1624,21845
2025-26,K84010,OB,1413,7293
2025-26,K84011,OB,1163,15684
2025-26,K84012,OB,1045,6653
2025-26,K84013,OB,2275,25307
2025-26,K84014,OB,1157,9335
2025-26,K84015,OB,233,3337
2025-26,K84016,OB,1284,20454
2025-26,K84017,OB,1992,17287
2025-26,K84019,OB,1996,12792
2025-26,K84020,OB,817,8020
2025-26,K84021,OB,391,8162
2025-26,K84023,OB,900,5120
2025-26,K84024,OB,1051,7163
2025-26,K84026,OB,847,10518
2025-26,K84027,OB,2234,12389
2025-26,K84028,OB,4392,33053
2025-26,K84030,OB,1669,12617
2025-26,K84031,OB,1471,9709
2025-26,K84032,OB,1021,7293
2025-26,K84033,OB,1967,15937
2025-26,K84034,OB,220,2727
2025-26,K84035,OB,556,9124
2025-26,K84036,OB,571,4770
2025-26,K84037,OB,1819,15257
2025-26,K84038,OB,1819,12840
2025-26,K84041,OB,1450,11843
2025-26,K84042,OB,528,7972
2025-26,K84043,OB,2265,14441
2025-26,K84044,OB,2496,21525
2025-26,K84045,OB,886,6147
2025-26,K84046,OB,463,5112
2025-26,K84047,OB,949,6536
2025-26,K84050,OB,1506,11182
2025-26,K84051,OB,2480,15506
2025-26,K84052,OB,1963,16326
2025-26,K84054,OB,1720,15554
2025-26,K84055,OB,1275,9706
2025-26,K84056,OB,628,4242
2025-26,K84058,OB,602,6588
2025-26,K84059,OB,1625,9931
2025-26,K84060,OB,393,5254
2025-26,K84062,OB,1410,7796
2025-26,K84063,OB,879,9729
2025-26,K84065,OB,132,2700
2025-26,K84066,OB,66,486
2025-26,K84071,OB,747,8433
2025-26,K84072,OB,1828,9564
2025-26,K84075,OB,1361,9180
2025-26,K84078,OB,360,11074
2025-26,K84079,OB,991,6828
2025-26,K84080,OB,581,11878
2025-26,K84082,OB,1145,10247
2025-26,K84605,OB,253,5820
2025-26,K84610,OB,542,4266
2025-26,K84613,OB,2598,16704
2025-26,K84618,OB,1223,6837
2025-26,K84624,OB,1344,8439
2025-26,L81004,OB,1699,14207
2025-26,L81007,OB,3630,32975
2025-26,L81008,OB,1674,9004
2025-26,L81009,OB,1540,8473
2025-26,L81010,OB,1396,6608
2025-26,L81012,OB,1351,15996
2025-26,L81013,OB,1065,10244
2025-26,L81014,OB,976,11602
2025-26,L81015,OB,2243,15162
2025-26,L81016,OB,1305,7937
2025-26,L81017,OB,765,9795
2025-26,L81018,OB,1122,7440
2025-26,L81019,OB,2065,14435
2025-26,L81020,OB,625,7462
2025-26,L81021,OB,1185,9230
2025-26,L81022,OB,1724,14583
2025-26,L81023,OB,1434,12565
2025-26,L81024,OB,2340,12289
2025-26,L81025,OB,2507,15200
2025-26,L81026,OB,3310,22411
2025-26,L81027,OB,853,7244
2025-26,L81029,OB,892,7790
2025-26,L81030,OB,649,5431
2025-26,L81031,OB,2369,12973
2025-26,L81033,OB,1501,12056
2025-26,L81034,OB,3276,28364
2025-26,L81037,OB,2496,18260
2025-26,L81038,OB,1475,10846
2025-26,L81039,OB,2570,21921
2025-26,L81040,OB,1631,13783
2025-26,L81041,OB,880,5264
2025-26,L81042,OB,1380,10008
2025-26,L81044,OB,1514,10172
2025-26,L81045,OB,2072,15816
2025-26,L81046,OB,693,6443
2025-26,L81047,OB,1942,12113
2025-26,L81050,OB,874,6173
2025-26,L81051,OB,4117,20708
2025-26,L81053,OB,1076,6665
2025-26,L81054,OB,1639,9285
2025-26,L81055,OB,1653,10535
2025-26,L81058,OB,1461,7627
2025-26,L81059,OB,1102,7026
2025-26,L81061,OB,914,8820
2025-26,L81062,OB,3020,19672
2025-26,L81063,OB,1813,10278
2025-26,L81065,OB,1221,10986
2025-26,L81066,OB,1397,8227
2025-26,L81068,OB,847,10502
2025-26,L81069,OB,1102,6509
2025-26,L81070,OB,664,7424
2025-26,L81071,OB,819,12649
2025-26,L81072,OB,1086,8544
2025-26,L81073,OB,940,6649
2025-26,L81075,OB,2227,29208
2025-26,L81078,OB,1113,18000
2025-26,L81079,OB,2102,17261
2025-26,L81081,OB,671,17016
2025-26,L81082,OB,1057,11932
2025-26,L81083,OB,902,6430
2025-26,L81084,OB,1308,9097
2025-26,L81085,OB,584,5466
2025-26,L81086,OB,5067,37211
2025-26,L81087,OB,1641,10270
2025-26,L81089,OB,1269,9771
2025-26,L81090,OB,697,14893
2025-26,L81091,OB,649,14520
2025-26,L81095,OB,2134,10878
2025-26,L81098,OB,1608,9829
2025-26,L81103,OB,875,7190
2025-26,L81106,OB,516,4584
2025-26,L81118,OB,3909,30975
2025-26,L81120,OB,912,7245
2025-26,L81122,OB,721,4593
2025-26,L81123,OB,781,4760
2025-26,L81125,OB,809,8376
2025-26,L81127,OB,1017,8292
2025-26,L81130,OB,1699,10423
2025-26,L81131,OB,670,9072
2025-26,L81132,OB,605,3931
2025-26,L81133,OB,236,17543
2025-26,L81600,OB,1036,9443
2025-26,L81617,OB,265,13296
2025-26,L81632,OB,855,8137
2025-26,L81642,OB,842,5100
2025-26,L81643,OB,2619,13801
2025-26,L81644,OB,759,7041
2025-26,L81669,OB,4228,30416
2025-26,L81670,OB,931,4073
2025-26,L82001,OB,2002,15567
2025-26,L82003,OB,896,7286
2025-26,L82004,OB,769,6741
2025-26,L82006,OB,1845,17932
2025-26,L82007,OB,592,5475
2025-26,L82008,OB,1516,8862
2025-26,L82010,OB,2927,19242
2025-26,L82011,OB,982,5153
2025-26,L82012,OB,1718,14431
2025-26,L82013,OB,987,6633
2025-26,L82015,OB,949,5847
2025-26,L82016,OB,2292,14370
2025-26,L82017,OB,234,1957
2025-26,L82018,OB,2074,11357
2025-26,L82022,OB,1004,8558
2025-26,L82023,OB,1822,13146
2025-26,L82025,OB,692,4183
2025-26,L82026,OB,1002,5537
2025-26,L82028,OB,1469,14510
2025-26,L82029,OB,1342,13584
2025-26,L82030,OB,2140,15198
2025-26,L82035,OB,1173,7195
2025-26,L82036,OB,1510,10015
2025-26,L82038,OB,1203,10212
2025-26,L82039,OB,478,4602
2025-26,L82041,OB,3655,23222
2025-26,L82042,OB,2389,13710
2025-26,L82043,OB,394,4049
2025-26,L82044,OB,1299,7299
2025-26,L82045,OB,1201,7921
2025-26,L82046,OB,2032,9978
2025-26,L82047,OB,1208,6626
2025-26,L82048,OB,354,3313
2025-26,L82049,OB,756,8812
2025-26,L82050,OB,928,7322
2025-26,L82051,OB,2724,10559
2025-26,L82052,OB,1258,8734
2025-26,L82054,OB,842,7559
2025-26,L82056,OB,1070,7151
2025-26,L82057,OB,447,2484
2025-26,L82058,OB,356,4186
2025-26,L82059,OB,865,4668
2025-26,L82061,OB,789,5222
2025-26,L82066,OB,1091,5952
2025-26,L82068,OB,1129,7576
2025-26,L82070,OB,655,5613
2025-26,L82620,OB,838,5169
2025-26,L82622,OB,800,6266
2025-26,L83002,OB,2346,14773
2025-26,L83003,OB,1090,9448
2025-26,L83004,OB,1556,9410
2025-26,L83005,OB,2467,13267
2025-26,L83006,OB,5114,26353
2025-26,L83007,OB,1112,7866
2025-26,L83008,OB,4844,23918
2025-26,L83010,OB,1079,5912
2025-26,L83011,OB,876,7201
2025-26,L83012,OB,306,2728
2025-26,L83013,OB,2160,12595
2025-26,L83014,OB,2346,17059
2025-26,L83015,OB,1357,6321
2025-26,L83016,OB,2711,36868
2025-26,L83019,OB,1363,8157
2025-26,L83020,OB,1423,10639
2025-26,L83021,OB,1092,8498
2025-26,L83023,OB,472,4849
2025-26,L83024,OB,834,7217
2025-26,L83025,OB,1271,6556
2025-26,L83026,OB,779,4348
2025-26,L83027,OB,812,6074
2025-26,L83028,OB,1693,9025
2025-26,L83029,OB,1091,6914
2025-26,L83030,OB,1646,8459
2025-26,L83031,OB,1288,10239
2025-26,L83034,OB,1269,8129
2025-26,L83035,OB,2122,13639
2025-26,L83036,OB,735,9763
2025-26,L83038,OB,1597,11649
2025-26,L83039,OB,974,4325
2025-26,L83040,OB,1962,13945
2025-26,L83041,OB,1021,7416
2025-26,L83042,OB,943,8144
2025-26,L83043,OB,1455,12103
2025-26,L83044,OB,1044,6981
2025-26,L83045,OB,1851,12463
2025-26,L83046,OB,1229,7818
2025-26,L83048,OB,1185,8782
2025-26,L83049,OB,217,2872
2025-26,L83050,OB,1822,11304
2025-26,L83051,OB,1663,8537
2025-26,L83052,OB,1737,10659
2025-26,L83054,OB,709,4934
2025-26,L83055,OB,1836,13523
2025-26,L83056,OB,3212,21703
2025-26,L83057,OB,1155,6693
2025-26,L83058,OB,701,6412
2025-26,L83059,OB,1246,8381
2025-26,L83064,OB,1583,10302
2025-26,L83066,OB,1446,14795
2025-26,L83067,OB,1916,13169
2025-26,L83069,OB,2096,12716
2025-26,L83070,OB,606,4259
2025-26,L83071,OB,906,6599
2025-26,L83072,OB,1484,9723
2025-26,L83073,OB,2180,15730
2025-26,L83075,OB,777,5076
2025-26,L83076,OB,1472,9420
2025-26,L83077,OB,861,6605
2025-26,L83079,OB,1090,7250
2025-26,L83081,OB,512,5233
2025-26,L83082,OB,216,2831
2025-26,L83083,OB,1986,12324
2025-26,L83084,OB,914,6611
2025-26,L83085,OB,1746,15208
2025-26,L83086,OB,559,4375
2025-26,L83087,OB,1439,12523
2025-26,L83088,OB,510,4495
2025-26,L83089,OB,1917,11157
2025-26,L83092,OB,1858,13022
2025-26,L83094,OB,1121,7373
2025-26,L83095,OB,2190,13083
2025-26,L83096,OB,1726,15210
2025-26,L83097,OB,1209,10303
2025-26,L83098,OB,667,4551
2025-26,L83099,OB,669,4620
2025-26,L83100,OB,5739,34950
2025-26,L83101,OB,1339,12800
2025-26,L83102,OB,500,6437
2025-26,L83103,OB,2015,13509
2025-26,L83105,OB,660,5576
2025-26,L83106,OB,1364,8153
2025-26,L83111,OB,1969,13414
2025-26,L83112,OB,710,5504
2025-26,L83113,OB,1119,5721
2025-26,L83115,OB,490,3731
2025-26,L83116,OB,588,4456
2025-26,L83118,OB,2492,14415
2025-26,L83120,OB,2976,18981
2025-26,L83127,OB,1994,12941
2025-26,L83128,OB,516,6196
2025-26,L83129,OB,478,2565
2025-26,L83131,OB,3195,21054
2025-26,L83134,OB,199,3403
2025-26,L83136,OB,659,5183
2025-26,L83137,OB,2050,10512
2025-26,L83143,OB,519,3654
2025-26,L83146,OB,509,4165
2025-26,L83147,OB,2240,12091
2025-26,L83148,OB,482,3194
2025-26,L83607,OB,816,4531
2025-26,L83616,OB,240,1989
2025-26,L83624,OB,1408,6044
2025-26,L83628,OB,704,5680
2025-26,L83639,OB,366,2443
2025-26,L83646,OB,1304,7373
2025-26,L83648,OB,1822,19862
2025-26,L83651,OB,495,3622
2025-26,L83655,OB,737,5875
2025-26,L83663,OB,395,2525
2025-26,L83666,OB,397,3063
2025-26,L83673,OB,80,732
2025-26,L84003,OB,794,9675
2025-26,L84004,OB,744,6592
2025-26,L84005,OB,431,7139
2025-26,L84006,OB,668,5675
2025-26,L84007,OB,1086,10053
2025-26,L84008,OB,1163,9931
2025-26,L84009,OB,2570,15443
2025-26,L84010,OB,1159,9146
2025-26,L84011,OB,1148,6675
2025-26,L84012,OB,2318,20203
2025-26,L84014,OB,1252,7483
2025-26,L84015,OB,497,8675
2025-26,L84016,OB,440,5642
2025-26,L84018,OB,1380,10603
2025-26,L84021,OB,1370,7461
2025-26,L84022,OB,747,6217
2025-26,L84023,OB,2060,10895
2025-26,L84024,OB,597,3444
2025-26,L84025,OB,419,3920
2025-26,L84026,OB,4474,26066
2025-26,L84027,OB,1997,14828
2025-26,L84028,OB,1906,9735
2025-26,L84029,OB,2484,14072
2025-26,L84030,OB,992,14548
2025-26,L84031,OB,694,4918
2025-26,L84033,OB,2160,15539
2025-26,L84034,OB,1557,9616
2025-26,L84036,OB,1149,8680
2025-26,L84037,OB,1263,9872
2025-26,L84038,OB,965,9284
2025-26,L84039,OB,615,7413
2025-26,L84040,OB,894,10174
2025-26,L84041,OB,966,10278
2025-26,L84043,OB,518,4157
2025-26,L84045,OB,745,5984
2025-26,L84046,OB,889,4736
2025-26,L84047,OB,1723,13093
2025-26,L84048,OB,631,8315
2025-26,L84049,OB,713,6971
2025-26,L84050,OB,4740,30684
2025-26,L84051,OB,1313,8001
2025-26,L84052,OB,1219,8292
2025-26,L84053,OB,606,6265
2025-26,L84054,OB,1924,11348
2025-26,L84058,OB,1075,7646
2025-26,L84059,OB,587,6642
2025-26,L84060,OB,1481,9135
2025-26,L84063,OB,393,4164
2025-26,L84065,OB,970,7443
2025-26,L84067,OB,1379,7829
2025-26,L84068,OB,664,4946
2025-26,L84072,OB,498,4345
2025-26,L84075,OB,1067,7613
2025-26,L84077,OB,1742,11899
2025-26,L84080,OB,1662,9272
2025-26,L84081,OB,630,3532
2025-26,L84084,OB,1341,8769
2025-26,L84085,OB,750,3106
2025-26,L84606,OB,1261,9993
2025-26,L84613,OB,332,2983
2025-26,L84617,OB,1016,6063
2025-26,L85001,OB,1584,14176
2025-26,L85002,OB,1363,9867
2025-26,L85003,OB,557,3416
2025-26,L85004,OB,1622,10456
2025-26,L85006,OB,1302,8163
2025-26,L85007,OB,1135,8584
2025-26,L85008,OB,3250,23576
2025-26,L85009,OB,1638,9091
2025-26,L85011,OB,880,6960
2025-26,L85012,OB,2712,18352
2025-26,L85013,OB,611,3534
2025-26,L85014,OB,1764,10753
2025-26,L85015,OB,1919,12909
2025-26,L85016,OB,4147,23873
2025-26,L85017,OB,1209,8523
2025-26,L85018,OB,586,4253
2025-26,L85019,OB,1276,9470
2025-26,L85020,OB,1143,9318
2025-26,L85021,OB,1277,11987
2025-26,L85022,OB,1819,10846
2025-26,L85023,OB,1943,13849
2025-26,L85024,OB,1293,9389
2025-26,L85025,OB,1658,10896
2025-26,L85026,OB,747,5016
2025-26,L85027,OB,1252,7036
2025-26,L85029,OB,1406,10778
2025-26,L85030,OB,3247,14912
2025-26,L85031,OB,848,6241
2025-26,L85032,OB,372,4045
2025-26,L85033,OB,2099,11816
2025-26,L85034,OB,867,7049
2025-26,L85035,OB,1818,13806
2025-26,L85036,OB,460,5048
2025-26,L85037,OB,436,3543
2025-26,L85038,OB,769,5798
2025-26,L85039,OB,1768,10807
2025-26,L85040,OB,520,5776
2025-26,L85042,OB,2004,12530
2025-26,L85043,OB,1627,8947
2025-26,L85044,OB,749,5225
2025-26,L85046,OB,804,4912
2025-26,L85047,OB,588,5066
2025-26,L85051,OB,857,5791
2025-26,L85052,OB,1110,6416
2025-26,L85053,OB,862,5305
2025-26,L85054,OB,1343,7568
2025-26,L85055,OB,936,7667
2025-26,L85056,OB,782,5876
2025-26,L85061,OB,526,3312
2025-26,L85062,OB,1045,5062
2025-26,L85064,OB,1962,12820
2025-26,L85065,OB,1366,7320
2025-26,L85066,OB,885,6327
2025-26,L85601,OB,459,3072
2025-26,L85607,OB,586,4164
2025-26,L85609,OB,683,4217
2025-26,L85611,OB,306,2486
2025-26,L85624,OB,851,4419
2025-26,M81001,OB,2177,13887
2025-26,M81002,OB,1476,11555
2025-26,M81004,OB,2391,12967
2025-26,M81005,OB,2370,10981
2025-26,M81006,OB,2505,18041
2025-26,M81007,OB,475,4763
2025-26,M81008,OB,2683,16713
2025-26,M81009,OB,638,4734
2025-26,M81010,OB,2209,11733
2025-26,M81011,OB,592,6147
2025-26,M81012,OB,2139,11635
2025-26,M81015,OB,1498,7781
2025-26,M81016,OB,2996,16106
2025-26,M81017,OB,1320,9508
2025-26,M81018,OB,751,5577
2025-26,M81019,OB,2878,13343
2025-26,M81020,OB,1445,9445
2025-26,M81021,OB,1452,10668
2025-26,M81022,OB,2273,14588
2025-26,M81024,OB,591,4333
2025-26,M81025,OB,552,4164
2025-26,M81026,OB,5557,37501
2025-26,M81027,OB,958,7853
2025-26,M81029,OB,956,7062
2025-26,M81032,OB,1640,10361
2025-26,M81033,OB,832,6319
2025-26,M81034,OB,770,7280
2025-26,M81035,OB,1518,11404
2025-26,M81037,OB,1352,9756
2025-26,M81038,OB,1833,10558
2025-26,M81039,OB,1134,10014
2025-26,M81040,OB,3979,18173
2025-26,M81041,OB,1200,9049
2025-26,M81042,OB,1210,8193
2025-26,M81043,OB,893,7575
2025-26,M81044,OB,1115,9802
2025-26,M81045,OB,641,4282
2025-26,M81046,OB,1791,10180
2025-26,M81047,OB,1512,8554
2025-26,M81048,OB,1545,8272
2025-26,M81049,OB,1194,9173
2025-26,M81054,OB,832,6081
2025-26,M81055,OB,823,4614
2025-26,M81056,OB,1995,10307
2025-26,M81057,OB,2447,13177
2025-26,M81058,OB,1680,8464
2025-26,M81061,OB,1212,7509
2025-26,M81063,OB,1577,11335
2025-26,M81064,OB,883,6593
2025-26,M81066,OB,1040,6881
2025-26,M81067,OB,869,4559
2025-26,M81068,OB,1782,12861
2025-26,M81069,OB,1250,7852
2025-26,M81070,OB,1349,9059
2025-26,M81072,OB,711,5863
2025-26,M81074,OB,1551,9247
2025-26,M81075,OB,1786,10639
2025-26,M81076,OB,224,2603
2025-26,M81077,OB,589,4142
2025-26,M81078,OB,510,5470
2025-26,M81081,OB,909,4755
2025-26,M81082,OB,2262,12264
2025-26,M81083,OB,455,4259
2025-26,M81084,OB,683,4600
2025-26,M81090,OB,439,2962
2025-26,M81091,OB,1671,11565
2025-26,M81092,OB,670,4566
2025-26,M81093,OB,1620,8365
2025-26,M81094,OB,1243,7602
2025-26,M81600,OB,600,3366
2025-26,M81604,OB,905,5620
2025-26,M81605,OB,422,4583
2025-26,M81608,OB,547,3423
2025-26,M81616,OB,412,2732
2025-26,M81617,OB,517,4158
2025-26,M81627,OB,849,6814
2025-26,M81629,OB,1171,8074
2025-26,M82002,OB,955,8107
2025-26,M82003,OB,2947,19016
2025-26,M82004,OB,2118,16181
2025-26,M82005,OB,1521,8049
2025-26,M82006,OB,1377,9632
2025-26,M82007,OB,2148,12242
2025-26,M82008,OB,808,6273
2025-26,M82009,OB,1625,9184
2025-26,M82010,OB,1995,14307
2025-26,M82011,OB,533,3702
2025-26,M82012,OB,2166,10759
2025-26,M82013,OB,201,2344
2025-26,M82014,OB,1014,8091
2025-26,M82016,OB,1164,8493
2025-26,M82017,OB,581,3845
2025-26,M82018,OB,719,5877
2025-26,M82019,OB,853,7081
2025-26,M82020,OB,556,3592
2025-26,M82021,OB,1071,7182
2025-26,M82022,OB,1189,11386
2025-26,M82023,OB,694,6227
2025-26,M82024,OB,536,3287
2025-26,M82025,OB,2988,17642
2025-26,M82026,OB,1684,10823
2025-26,M82028,OB,2220,12255
2025-26,M82030,OB,1161,8578
2025-26,M82032,OB,2096,13085
2025-26,M82033,OB,355,4775
2025-26,M82034,OB,757,6848
2025-26,M82035,OB,1885,10092
2025-26,M82038,OB,1191,10986
2025-26,M82039,OB,1133,12381
2025-26,M82040,OB,868,5268
2025-26,M82041,OB,1119,6032
2025-26,M82042,OB,595,4707
2025-26,M82043,OB,1111,6363
2025-26,M82046,OB,544,3241
2025-26,M82047,OB,1412,9082
2025-26,M82048,OB,806,5567
2025-26,M82051,OB,672,3851
2025-26,M82056,OB,1854,13572
2025-26,M82057,OB,518,5951
2025-26,M82058,OB,628,3560
2025-26,M82059,OB,2642,13921
2025-26,M82060,OB,1092,7526
2025-26,M82601,OB,295,2047
2025-26,M82606,OB,840,4657
2025-26,M82616,OB,1110,6755
2025-26,M82620,OB,342,2596
2025-26,M83001,OB,1971,9657
2025-26,M83004,OB,1646,7873
2025-26,M83005,OB,896,4438
2025-26,M83006,OB,2974,25463
2025-26,M83007,OB,930,6560
2025-26,M83009,OB,1137,8899
2025-26,M83010,OB,1592,7838
2025-26,M83011,OB,790,6676
2025-26,M83012,OB,799,6780
2025-26,M83013,OB,553,4033
2025-26,M83014,OB,1336,7807
2025-26,M83015,OB,1219,7472
2025-26,M83016,OB,843,6092
2025-26,M83017,OB,686,4302
2025-26,M83018,OB,978,7246
2025-26,M83020,OB,1402,7859
2025-26,M83021,OB,1652,8011
2025-26,M83022,OB,1158,6725
2025-26,M83023,OB,1302,7725
2025-26,M83024,OB,1649,9251
2025-26,M83025,OB,674,5068
2025-26,M83026,OB,1688,12461
2025-26,M83027,OB,1665,8818
2025-26,M83028,OB,1723,8636
2025-26,M83030,OB,1884,11049
2025-26,M83031,OB,686,5221
2025-26,M83032,OB,1967,11538
2025-26,M83033,OB,898,5704
2025-26,M83034,OB,1475,9645
2025-26,M83035,OB,787,6266
2025-26,M83036,OB,972,6982
2025-26,M83037,OB,992,6963
2025-26,M83038,OB,1210,8318
2025-26,M83042,OB,1072,8125
2025-26,M83044,OB,1911,10568
2025-26,M83045,OB,1353,8812
2025-26,M83046,OB,1927,8110
2025-26,M83047,OB,1057,5417
2025-26,M83048,OB,817,7940
2025-26,M83049,OB,963,7259
2025-26,M83050,OB,1031,8142
2025-26,M83051,OB,2238,10107
2025-26,M83052,OB,2098,17747
2025-26,M83054,OB,1415,8705
2025-26,M83056,OB,1522,9117
2025-26,M83057,OB,1767,8319
2025-26,M83059,OB,431,3202
2025-26,M83061,OB,1267,6580
2025-26,M83062,OB,2090,10505
2025-26,M83063,OB,603,3032
2025-26,M83065,OB,785,5912
2025-26,M83066,OB,944,6229
2025-26,M83067,OB,700,6585
2025-26,M83068,OB,1786,11332
2025-26,M83069,OB,2015,12996
2025-26,M83070,OB,1051,7057
2025-26,M83071,OB,1677,9598
2025-26,M83072,OB,1790,9595
2025-26,M83073,OB,621,7252
2025-26,M83074,OB,1902,11764
2025-26,M83075,OB,3161,15661
2025-26,M83076,OB,1019,7302
2025-26,M83079,OB,1133,7852
2025-26,M83084,OB,869,5469
2025-26,M83088,OB,2186,12399
2025-26,M83089,OB,1792,8847
2025-26,M83090,OB,853,4419
2025-26,M83092,OB,1229,7256
2025-26,M83093,OB,939,5351
2025-26,M83094,OB,1816,11479
2025-26,M83096,OB,698,4382
2025-26,M83097,OB,1014,7389
2025-26,M83100,OB,728,3377
2025-26,M83102,OB,1249,5547
2025-26,M83103,OB,681,3993
2025-26,M83107,OB,759,5375
2025-26,M83108,OB,1157,6435
2025-26,M83109,OB,518,3211
2025-26,M83110,OB,1966,13557
2025-26,M83111,OB,318,1994
2025-26,M83113,OB,171,1257
2025-26,M83117,OB,1017,6545
2025-26,M83121,OB,554,4968
2025-26,M83122,OB,405,2583
2025-26,M83123,OB,1261,7967
2025-26,M83125,OB,233,2985
2025-26,M83126,OB,1518,7293
2025-26,M83127,OB,713,4983
2025-26,M83129,OB,1373,8605
2025-26,M83130,OB,602,3475
2025-26,M83132,OB,522,4631
2025-26,M83138,OB,750,5599
2025-26,M83139,OB,774,4082
2025-26,M83140,OB,571,3896
2025-26,M83141,OB,881,7584
2025-26,M83143,OB,816,4117
2025-26,M83146,OB,1397,9789
2025-26,M83148,OB,2342,11403
2025-26,M83601,OB,531,4938
2025-26,M83608,OB,758,4421
2025-26,M83616,OB,640,4276
2025-26,M83617,OB,3472,19623
2025-26,M83619,OB,393,2988
2025-26,M83624,OB,655,3331
2025-26,M83625,OB,1481,9117
2025-26,M83627,OB,993,5916
2025-26,M83632,OB,608,4376
2025-26,M83637,OB,653,3843
2025-26,M83638,OB,2034,11303
2025-26,M83640,OB,232,2316
2025-26,M83641,OB,219,1603
2025-26,M83650,OB,2061,10106
2025-26,M83661,OB,1148,5277
2025-26,M83668,OB,494,4263
2025-26,M83670,OB,313,6278
2025-26,M83680,OB,824,5842
2025-26,M83681,OB,1310,8349
2025-26,M83682,OB,782,4651
2025-26,M83691,OB,6,73
2025-26,M83693,OB,776,5389
2025-26,M83697,OB,382,2870
2025-26,M83698,OB,356,2651
2025-26,M83701,OB,614,3672
2025-26,M83703,OB,774,4644
2025-26,M83709,OB,727,4929
2025-26,M83711,OB,526,3487
2025-26,M83713,OB,598,4305
2025-26,M83715,OB,555,3978
2025-26,M83717,OB,319,2802
2025-26,M83718,OB,532,3077
2025-26,M83719,OB,559,3522
2025-26,M83723,OB,3958,18360
2025-26,M83725,OB,519,2987
2025-26,M83727,OB,439,3511
2025-26,M83738,OB,1098,5831
2025-26,M84001,OB,2996,10790
2025-26,M84002,OB,681,6752
2025-26,M84003,OB,1458,7645
2025-26,M84004,OB,1739,16408
2025-26,M84005,OB,671,4015
2025-26,M84006,OB,1411,8708
2025-26,M84007,OB,1925,10774
2025-26,M84008,OB,924,6151
2025-26,M84009,OB,346,4383
2025-26,M84010,OB,853,8503
2025-26,M84011,OB,3135,17328
2025-26,M84012,OB,1773,13458
2025-26,M84013,OB,992,10645
2025-26,M84014,OB,607,8123
2025-26,M84015,OB,1173,11592
2025-26,M84016,OB,672,3793
2025-26,M84017,OB,840,12055
2025-26,M84018,OB,1476,11898
2025-26,M84019,OB,1989,13743
2025-26,M84020,OB,1538,11434
2025-26,M84021,OB,1406,14037
2025-26,M84022,OB,1054,6770
2025-26,M84023,OB,2397,15826
2025-26,M84024,OB,484,5655
2025-26,M84025,OB,1064,9964
2025-26,M84026,OB,840,5884
2025-26,M84028,OB,1897,15504
2025-26,M84029,OB,864,6475
2025-26,M84030,OB,1264,10930
2025-26,M84031,OB,743,5972
2025-26,M84032,OB,999,11864
2025-26,M84034,OB,94,788
2025-26,M84035,OB,1153,9467
2025-26,M84036,OB,1002,12883
2025-26,M84037,OB,1444,9520
2025-26,M84040,OB,710,8854
2025-26,M84041,OB,962,5839
2025-26,M84042,OB,1111,8471
2025-26,M84043,OB,1968,17552
2025-26,M84044,OB,469,4712
2025-26,M84046,OB,439,6544
2025-26,M84047,OB,342,4485
2025-26,M84049,OB,676,5078
2025-26,M84050,OB,655,6443
2025-26,M84051,OB,1754,10570
2025-26,M84055,OB,326,1884
2025-26,M84059,OB,752,3065
2025-26,M84060,OB,615,5616
2025-26,M84061,OB,650,5549
2025-26,M84062,OB,669,6058
2025-26,M84063,OB,625,5738
2025-26,M84064,OB,517,5461
2025-26,M84065,OB,611,6426
2025-26,M84066,OB,709,5543
2025-26,M84067,OB,640,6206
2025-26,M84069,OB,534,5465
2025-26,M84070,OB,985,9303
2025-26,M84609,OB,614,3715
2025-26,M84612,OB,911,7114
2025-26,M84615,OB,1285,6812
2025-26,M84616,OB,266,3599
2025-26,M84618,OB,474,3214
2025-26,M84620,OB,175,2461
2025-26,M84621,OB,328,2215
2025-26,M84627,OB,416,3107
2025-26,M84629,OB,2084,9494
2025-26,M85001,OB,520,3638
2025-26,M85005,OB,931,5268
2025-26,M85006,OB,1205,8002
2025-26,M85007,OB,2097,13086
2025-26,M85009,OB,789,5018
2025-26,M85011,OB,732,5565
2025-26,M85013,OB,618,3267
2025-26,M85014,OB,606,3459
2025-26,M85016,OB,694,3946
2025-26,M85018,OB,1719,8399
2025-26,M85019,OB,2364,14034
2025-26,M85020,OB,2237,14947
2025-26,M85021,OB,446,3629
2025-26,M85023,OB,1071,6784
2025-26,M85024,OB,870,5136
2025-26,M85025,OB,1452,14719
2025-26,M85026,OB,1757,12269
2025-26,M85027,OB,932,6163
2025-26,M85028,OB,1539,19375
2025-26,M85029,OB,2627,16234
2025-26,M85030,OB,2405,13516
2025-26,M85031,OB,1477,8124
2025-26,M85033,OB,1626,13771
2025-26,M85034,OB,2215,11450
2025-26,M85035,OB,628,4140
2025-26,M85037,OB,944,7507
2025-26,M85041,OB,928,13349
2025-26,M85042,OB,645,4137
2025-26,M85043,OB,712,3272
2025-26,M85046,OB,5390,42531
2025-26,M85047,OB,746,4816
2025-26,M85048,OB,1357,8907
2025-26,M85051,OB,710,5961
2025-26,M85053,OB,709,4955
2025-26,M85055,OB,480,5461
2025-26,M85056,OB,709,5622
2025-26,M85058,OB,1283,12270
2025-26,M85060,OB,1852,12672
2025-26,M85061,OB,1550,9084
2025-26,M85062,OB,525,3720
2025-26,M85063,OB,4372,44502
2025-26,M85065,OB,1418,11320
2025-26,M85066,OB,585,5409
2025-26,M85070,OB,1386,10261
2025-26,M85071,OB,1086,6364
2025-26,M85074,OB,844,6553
2025-26,M85076,OB,1062,8513
2025-26,M85077,OB,838,7577
2025-26,M85078,OB,1881,8421
2025-26,M85079,OB,2183,8300
2025-26,M85081,OB,1356,6955
2025-26,M85082,OB,1092,4359
2025-26,M85084,OB,912,5063
2025-26,M85086,OB,1723,8069
2025-26,M85087,OB,1302,8369
2025-26,M85088,OB,1808,14019
2025-26,M85094,OB,294,1887
2025-26,M85097,OB,294,1734
2025-26,M85098,OB,720,4284
2025-26,M85105,OB,593,4111
2025-26,M85107,OB,482,2812
2025-26,M85108,OB,869,4540
2025-26,M85110,OB,620,7372
2025-26,M85113,OB,768,4620
2025-26,M85115,OB,402,2415
2025-26,M85116,OB,1299,6003
2025-26,M85117,OB,699,4511
2025-26,M85118,OB,402,2355
2025-26,M85123,OB,1074,6514
2025-26,M85124,OB,1009,10431
2025-26,M85128,OB,646,3874
2025-26,M85136,OB,1541,7694
2025-26,M85139,OB,548,4154
2025-26,M85141,OB,568,2373
2025-26,M85143,OB,821,5663
2025-26,M85145,OB,862,7816
2025-26,M85146,OB,815,4872
2025-26,M85149,OB,737,4363
2025-26,M85153,OB,639,3108
2025-26,M85154,OB,544,3310
2025-26,M85155,OB,750,4949
2025-26,M85156,OB,894,7783
2025-26,M85158,OB,241,1657
2025-26,M85164,OB,1452,10049
2025-26,M85167,OB,518,14497
2025-26,M85170,OB,758,4017
2025-26,M85171,OB,285,2219
2025-26,M85172,OB,1539,10612
2025-26,M85174,OB,489,3405
2025-26,M85175,OB,668,8604
2025-26,M85176,OB,775,4150
2025-26,M85177,OB,824,4762
2025-26,M85178,OB,4685,32467
2025-26,M85179,OB,746,3997
2025-26,M85600,OB,2058,12352
2025-26,M85624,OB,656,4983
2025-26,M85634,OB,1369,7737
2025-26,M85642,OB,703,4618
2025-26,M85669,OB,787,5519
2025-26,M85670,OB,245,2647
2025-26,M85676,OB,974,4734
2025-26,M85679,OB,962,3964
2025-26,M85680,OB,375,1865
2025-26,M85684,OB,503,3364
2025-26,M85686,OB,342,1159
2025-26,M85693,OB,251,1873
2025-26,M85694,OB,612,2871
2025-26,M85697,OB,882,3746
2025-26,M85699,OB,774,3933
2025-26,M85701,OB,645,3628
2025-26,M85706,OB,2065,10438
2025-26,M85711,OB,664,3304
2025-26,M85713,OB,834,4218
2025-26,M85715,OB,1440,8309
2025-26,M85716,OB,758,4122
2025-26,M85717,OB,381,3090
2025-26,M85721,OB,1328,9072
2025-26,M85722,OB,472,3680
2025-26,M85730,OB,685,4310
2025-26,M85732,OB,342,1975
2025-26,M85733,OB,944,5573
2025-26,M85735,OB,1292,4662
2025-26,M85736,OB,603,3922
2025-26,M85739,OB,833,3949
2025-26,M85746,OB,604,3841
2025-26,M85749,OB,388,2158
2025-26,M85756,OB,426,2054
2025-26,M85757,OB,694,3171
2025-26,M85759,OB,638,5221
2025-26,M85766,OB,669,3206
2025-26,M85770,OB,311,1680
2025-26,M85774,OB,758,5226
2025-26,M85778,OB,1002,17015
2025-26,M85779,OB,597,2204
2025-26,M85781,OB,724,2873
2025-26,M85783,OB,928,4011
2025-26,M85792,OB,303,2685
2025-26,M85794,OB,619,3226
2025-26,M85797,OB,1007,11041
2025-26,M85803,OB,2678,7117
2025-26,M86001,OB,932,5386
2025-26,M86002,OB,940,6491
2025-26,M86003,OB,1296,13124
2025-26,M86004,OB,1225,18415
2025-26,M86005,OB,465,4853
2025-26,M86006,OB,1200,8382
2025-26,M86007,OB,419,4851
2025-26,M86008,OB,1521,8014
2025-26,M86009,OB,2004,22760
2025-26,M86010,OB,1396,10260
2025-26,M86012,OB,996,8613
2025-26,M86014,OB,3123,16533
2025-26,M86015,OB,1433,10776
2025-26,M86016,OB,2546,16578
2025-26,M86017,OB,1851,8485
2025-26,M86018,OB,1262,9127
2025-26,M86019,OB,562,3343
2025-26,M86020,OB,949,5617
2025-26,M86021,OB,1013,5718
2025-26,M86027,OB,965,11896
2025-26,M86028,OB,551,2660
2025-26,M86029,OB,1819,16752
2025-26,M86030,OB,455,4355
2025-26,M86032,OB,833,9482
2025-26,M86033,OB,548,3581
2025-26,M86034,OB,867,7820
2025-26,M86035,OB,889,6191
2025-26,M86037,OB,281,2866
2025-26,M86038,OB,278,2221
2025-26,M86039,OB,405,3927
2025-26,M86040,OB,495,2839
2025-26,M86041,OB,1102,7858
2025-26,M86044,OB,587,3721
2025-26,M86045,OB,918,5736
2025-26,M86046,OB,695,4217
2025-26,M86048,OB,931,6140
2025-26,M86605,OB,320,2422
2025-26,M86610,OB,1282,7410
2025-26,M86612,OB,434,3113
2025-26,M86617,OB,507,3739
2025-26,M86622,OB,223,2756
2025-26,M86624,OB,3101,9838
2025-26,M86627,OB,900,4777
2025-26,M86633,OB,940,4172
2025-26,M86638,OB,1186,5472
2025-26,M87001,OB,607,5407
2025-26,M87003,OB,2509,15655
2025-26,M87005,OB,2299,10705
2025-26,M87006,OB,1550,7036
2025-26,M87007,OB,2097,9953
2025-26,M87008,OB,1426,7086
2025-26,M87009,OB,2422,13249
2025-26,M87010,OB,1392,7071
2025-26,M87011,OB,3755,22299
2025-26,M87012,OB,1452,5401
2025-26,M87013,OB,1219,8850
2025-26,M87014,OB,987,6476
2025-26,M87015,OB,1354,6450
2025-26,M87016,OB,1177,5725
2025-26,M87017,OB,1377,6495
2025-26,M87018,OB,1178,6185
2025-26,M87019,OB,921,4511
2025-26,M87020,OB,1640,7317
2025-26,M87021,OB,1845,7666
2025-26,M87023,OB,1450,8142
2025-26,M87024,OB,4098,18225
2025-26,M87025,OB,884,3658
2025-26,M87026,OB,1083,4569
2025-26,M87027,OB,815,3513
2025-26,M87028,OB,1650,7466
2025-26,M87030,OB,714,3763
2025-26,M87034,OB,1018,4418
2025-26,M87036,OB,557,2740
2025-26,M87037,OB,1393,6754
2025-26,M87041,OB,1356,5065
2025-26,M87601,OB,1015,4958
2025-26,M87602,OB,1427,8019
2025-26,M87605,OB,666,3337
2025-26,M87612,OB,408,1942
2025-26,M87617,OB,1126,4490
2025-26,M87618,OB,443,2457
2025-26,M87620,OB,959,5168
2025-26,M87623,OB,539,2335
2025-26,M87628,OB,452,2938
2025-26,M87638,OB,618,3057
2025-26,M88001,OB,1296,7865
2025-26,M88002,OB,842,6900
2025-26,M88003,OB,1220,9351
2025-26,M88004,OB,5383,30578
2025-26,M88006,OB,1626,8904
2025-26,M88007,OB,1556,7669
2025-26,M88008,OB,769,3970
2025-26,M88009,OB,821,7203
2025-26,M88010,OB,1378,6562
2025-26,M88013,OB,1855,10603
2025-26,M88014,OB,740,5298
2025-26,M88015,OB,815,8235
2025-26,M88016,OB,416,2891
2025-26,M88018,OB,3404,17043
2025-26,M88019,OB,260,2219
2025-26,M88020,OB,1153,10142
2025-26,M88021,OB,958,8853
2025-26,M88022,OB,379,2905
2025-26,M88023,OB,683,5029
2025-26,M88026,OB,1334,6340
2025-26,M88030,OB,767,4903
2025-26,M88035,OB,425,2625
2025-26,M88038,OB,2045,10886
2025-26,M88040,OB,1027,5196
2025-26,M88041,OB,389,2781
2025-26,M88042,OB,591,5077
2025-26,M88043,OB,1209,6465
2025-26,M88600,OB,571,3501
2025-26,M88610,OB,519,3557
2025-26,M88612,OB,406,2966
2025-26,M88616,OB,1632,12899
2025-26,M88618,OB,303,1671
2025-26,M88619,OB,1289,8785
2025-26,M88620,OB,625,2708
2025-26,M88625,OB,543,2544
2025-26,M88626,OB,482,2902
2025-26,M88628,OB,340,2851
2025-26,M88630,OB,812,4055
2025-26,M88633,OB,741,5814
2025-26,M88635,OB,263,1674
2025-26,M88639,OB,506,2774
2025-26,M88640,OB,577,3385
2025-26,M88643,OB,850,4262
2025-26,M88645,OB,1252,6943
2025-26,M88646,OB,247,2199
2025-26,M88647,OB,783,4627
2025-26,M89001,OB,452,2944
2025-26,M89002,OB,852,4873
2025-26,M89003,OB,3405,31308
2025-26,M89005,OB,590,7017
2025-26,M89007,OB,470,5431
2025-26,M89008,OB,1042,10398
2025-26,M89009,OB,1339,8818
2025-26,M89010,OB,472,8809
2025-26,M89012,OB,2174,8660
2025-26,M89013,OB,369,4557
2025-26,M89015,OB,1192,9769
2025-26,M89016,OB,1002,10273
2025-26,M89017,OB,7068,44727
2025-26,M89019,OB,1085,8921
2025-26,M89021,OB,610,3998
2025-26,M89024,OB,484,3161
2025-26,M89026,OB,1989,8330
2025-26,M89027,OB,872,6359
2025-26,M89030,OB,275,5004
2025-26,M89608,OB,332,3114
2025-26,M91003,OB,704,5539
2025-26,M91004,OB,1403,7066
2025-26,M91006,OB,623,3373
2025-26,M91007,OB,1654,7043
2025-26,M91008,OB,1366,7093
2025-26,M91009,OB,941,4607
2025-26,M91010,OB,1251,7269
2025-26,M91013,OB,1564,8383
2025-26,M91014,OB,433,2381
2025-26,M91015,OB,2852,17327
2025-26,M91016,OB,996,5487
2025-26,M91017,OB,1473,8468
2025-26,M91018,OB,743,4062
2025-26,M91019,OB,2846,11683
2025-26,M91021,OB,1212,6066
2025-26,M91024,OB,365,2178
2025-26,M91026,OB,548,4057
2025-26,M91028,OB,1865,9921
2025-26,M91029,OB,1107,4272
2025-26,M91032,OB,460,3808
2025-26,M91033,OB,612,5181
2025-26,M91034,OB,857,4148
2025-26,M91036,OB,730,2812
2025-26,M91602,OB,464,1740
2025-26,M91609,OB,415,1764
2025-26,M91611,OB,478,2254
2025-26,M91612,OB,486,2689
2025-26,M91613,OB,1379,7109
2025-26,M91614,OB,1982,7134
2025-26,M91616,OB,1320,6205
2025-26,M91619,OB,849,4690
2025-26,M91621,OB,623,3708
2025-26,M91623,OB,283,1554
2025-26,M91624,OB,643,2831
2025-26,M91626,OB,702,3605
2025-26,M91628,OB,561,2508
2025-26,M91629,OB,825,5073
2025-26,M91637,OB,499,3328
2025-26,M91639,OB,413,1395
2025-26,M91640,OB,506,2931
2025-26,M91641,OB,604,2951
2025-26,M91642,OB,180,1330
2025-26,M91647,OB,951,4195
2025-26,M91650,OB,1187,7329
2025-26,M91654,OB,573,2663
2025-26,M91659,OB,622,2542
2025-26,M92001,OB,610,2703
2025-26,M92004,OB,421,2311
2025-26,M92006,OB,694,3778
2025-26,M92008,OB,1537,10438
2025-26,M92009,OB,2309,10300
2025-26,M92010,OB,1842,9214
2025-26,M92011,OB,5618,29720
2025-26,M92012,OB,1994,9104
2025-26,M92013,OB,848,5521
2025-26,M92015,OB,687,2850
2025-26,M92016,OB,3541,17849
2025-26,M92019,OB,1029,4674
2025-26,M92022,OB,517,3081
2025-26,M92026,OB,812,3978
2025-26,M92028,OB,1137,7037
2025-26,M92029,OB,1080,4914
2025-26,M92039,OB,951,5409
2025-26,M92040,OB,1728,9233
2025-26,M92041,OB,446,3588
2025-26,M92043,OB,1015,5658
2025-26,M92607,OB,3263,13555
2025-26,M92609,OB,1217,4835
2025-26,M92612,OB,5599,29320
2025-26,M92627,OB,1247,3376
2025-26,M92629,OB,658,3143
2025-26,M92630,OB,861,4478
2025-26,M92649,OB,559,3428
2025-26,M92654,OB,1048,5073
2025-26,N81001,OB,758,4336
2025-26,N81002,OB,584,9913
2025-26,N81005,OB,1509,8079
2025-26,N81006,OB,411,4536
2025-26,N81007,OB,1346,8280
2025-26,N81008,OB,1489,9657
2025-26,N81009,OB,888,6145
2025-26,N81010,OB,1180,7152
2025-26,N81011,OB,2311,11637
2025-26,N81012,OB,1876,9853
2025-26,N81013,OB,607,5582
2025-26,N81014,OB,656,7571
2025-26,N81016,OB,3265,24380
2025-26,N81018,OB,733,6855
2025-26,N81019,OB,2574,12009
2025-26,N81020,OB,1869,10461
2025-26,N81022,OB,2761,28158
2025-26,N81024,OB,911,8433
2025-26,N81025,OB,1601,9098
2025-26,N81027,OB,1710,12177
2025-26,N81028,OB,1332,7175
2025-26,N81029,OB,1019,10181
2025-26,N81030,OB,2049,14003
2025-26,N81031,OB,594,5206
2025-26,N81032,OB,3525,23101
2025-26,N81033,OB,511,7196
2025-26,N81034,OB,1462,10809
2025-26,N81035,OB,1853,9989
2025-26,N81036,OB,1135,7104
2025-26,N81037,OB,1580,6594
2025-26,N81038,OB,1138,6439
2025-26,N81039,OB,1681,9550
2025-26,N81040,OB,847,5378
2025-26,N81041,OB,1281,7106
2025-26,N81043,OB,574,5188
2025-26,N81044,OB,1679,8751
2025-26,N81045,OB,1940,11238
2025-26,N81046,OB,712,7974
2025-26,N81047,OB,1687,10028
2025-26,N81048,OB,1666,10317
2025-26,N81049,OB,1782,19286
2025-26,N81050,OB,3631,15945
2025-26,N81051,OB,914,5684
2025-26,N81052,OB,1285,10638
2025-26,N81053,OB,2293,13358
2025-26,N81054,OB,1335,7097
2025-26,N81055,OB,882,5781
2025-26,N81056,OB,1846,7666
2025-26,N81057,OB,1788,10395
2025-26,N81059,OB,1319,10384
2025-26,N81060,OB,1125,7591
2025-26,N81061,OB,1326,8427
2025-26,N81062,OB,1685,12349
2025-26,N81063,OB,2191,9517
2025-26,N81064,OB,908,5450
2025-26,N81065,OB,985,6447
2025-26,N81066,OB,2124,11756
2025-26,N81067,OB,1156,7307
2025-26,N81068,OB,2019,12405
2025-26,N81069,OB,410,4020
2025-26,N81070,OB,1472,8257
2025-26,N81071,OB,655,3723
2025-26,N81072,OB,1300,6316
2025-26,N81074,OB,956,4210
2025-26,N81075,OB,1304,13714
2025-26,N81077,OB,1249,10688
2025-26,N81079,OB,997,8172
2025-26,N81080,OB,977,7439
2025-26,N81081,OB,1233,8598
2025-26,N81082,OB,1913,12569
2025-26,N81083,OB,496,3959
2025-26,N81084,OB,2780,17930
2025-26,N81085,OB,1283,8539
2025-26,N81086,OB,733,12939
2025-26,N81087,OB,2368,19747
2025-26,N81088,OB,1139,10567
2025-26,N81089,OB,1089,6509
2025-26,N81090,OB,707,4436
2025-26,N81092,OB,2689,12160
2025-26,N81093,OB,3402,12988
2025-26,N81096,OB,1680,6940
2025-26,N81097,OB,732,4019
2025-26,N81100,OB,859,6426
2025-26,N81101,OB,849,6615
2025-26,N81102,OB,639,3977
2025-26,N81107,OB,367,2870
2025-26,N81108,OB,559,8643
2025-26,N81109,OB,846,5469
2025-26,N81111,OB,830,5948
2025-26,N81113,OB,1141,5972
2025-26,N81114,OB,1299,8889
2025-26,N81115,OB,1030,6249
2025-26,N81117,OB,1188,4543
2025-26,N81118,OB,868,7062
2025-26,N81119,OB,682,4029
2025-26,N81120,OB,671,5068
2025-26,N81121,OB,979,5844
2025-26,N81122,OB,1454,8448
2025-26,N81123,OB,1167,5622
2025-26,N81125,OB,1075,6527
2025-26,N81127,OB,1294,7107
2025-26,N81607,OB,644,2932
2025-26,N81614,OB,551,4664
2025-26,N81619,OB,519,2908
2025-26,N81623,OB,356,7646
2025-26,N81624,OB,851,7045
2025-26,N81626,OB,746,3589
2025-26,N81628,OB,1916,9856
2025-26,N81632,OB,583,4726
2025-26,N81637,OB,358,2360
2025-26,N81642,OB,494,3867
2025-26,N81645,OB,156,1752
2025-26,N81651,OB,348,2852
2025-26,N81655,OB,65,433
2025-26,N82001,OB,898,4774
2025-26,N82002,OB,602,4033
2025-26,N82003,OB,741,3315
2025-26,N82004,OB,497,2668
2025-26,N82009,OB,890,6936
2025-26,N82011,OB,1313,8751
2025-26,N82014,OB,799,5390
2025-26,N82018,OB,1626,9896
2025-26,N82019,OB,691,3939
2025-26,N82022,OB,844,8039
2025-26,N82024,OB,1456,10036
2025-26,N82026,OB,701,5392
2025-26,N82033,OB,954,4749
2025-26,N82034,OB,822,4886
2025-26,N82035,OB,1034,6898
2025-26,N82036,OB,597,2642
2025-26,N82037,OB,1492,9494
2025-26,N82039,OB,330,3191
2025-26,N82041,OB,1454,10007
2025-26,N82046,OB,1205,8671
2025-26,N82048,OB,1310,6011
2025-26,N82049,OB,936,4999
2025-26,N82050,OB,318,2052
2025-26,N82052,OB,715,4477
2025-26,N82053,OB,2315,12558
2025-26,N82054,OB,822,5910
2025-26,N82058,OB,832,4507
2025-26,N82059,OB,551,5163
2025-26,N82062,OB,706,5695
2025-26,N82065,OB,486,3147
2025-26,N82066,OB,753,7496
2025-26,N82067,OB,519,4515
2025-26,N82070,OB,1342,8032
2025-26,N82073,OB,695,5567
2025-26,N82074,OB,1153,7420
2025-26,N82076,OB,1151,8616
2025-26,N82077,OB,550,2117
2025-26,N82078,OB,545,2286
2025-26,N82079,OB,421,5188
2025-26,N82081,OB,747,4967
2025-26,N82082,OB,752,8898
2025-26,N82083,OB,1494,8154
2025-26,N82084,OB,752,5383
2025-26,N82086,OB,383,2964
2025-26,N82087,OB,358,1889
2025-26,N82089,OB,381,2562
2025-26,N82090,OB,1457,8027
2025-26,N82091,OB,377,1730
2025-26,N82092,OB,1174,6875
2025-26,N82093,OB,562,3422
2025-26,N82094,OB,1192,6849
2025-26,N82095,OB,748,3955
2025-26,N82097,OB,1516,6633
2025-26,N82099,OB,1118,6488
2025-26,N82101,OB,440,2218
2025-26,N82103,OB,1123,7298
2025-26,N82104,OB,701,3456
2025-26,N82106,OB,534,3102
2025-26,N82107,OB,143,1695
2025-26,N82108,OB,779,6536
2025-26,N82109,OB,887,4238
2025-26,N82110,OB,1200,6249
2025-26,N82113,OB,889,6279
2025-26,N82115,OB,1130,7333
2025-26,N82116,OB,1063,6510
2025-26,N82117,OB,3281,59275
2025-26,N82617,OB,861,10304
2025-26,N82633,OB,485,2993
2025-26,N82641,OB,991,4750
2025-26,N82645,OB,950,7361
2025-26,N82646,OB,1197,6956
2025-26,N82648,OB,295,2196
2025-26,N82650,OB,585,3746
2025-26,N82651,OB,669,3312
2025-26,N82655,OB,436,1871
2025-26,N82662,OB,987,5927
2025-26,N82663,OB,492,3513
2025-26,N82664,OB,305,2381
2025-26,N82668,OB,438,2740
2025-26,N82669,OB,492,2741
2025-26,N82671,OB,254,2302
2025-26,N82676,OB,668,3258
2025-26,N82678,OB,352,2537
2025-26,N83001,OB,2211,11605
2025-26,N83002,OB,1644,9498
2025-26,N83003,OB,809,5821
2025-26,N83005,OB,1122,7004
2025-26,N83006,OB,389,2733
2025-26,N83007,OB,563,2687
2025-26,N83008,OB,1524,6493
2025-26,N83009,OB,1954,9528
2025-26,N83010,OB,696,5755
2025-26,N83012,OB,1819,8505
2025-26,N83013,OB,639,3816
2025-26,N83014,OB,1755,8107
2025-26,N83017,OB,988,5357
2025-26,N83018,OB,1315,6771
2025-26,N83019,OB,1071,6553
2025-26,N83020,OB,2788,13961
2025-26,N83021,OB,1152,6309
2025-26,N83023,OB,1593,9275
2025-26,N83024,OB,1209,6289
2025-26,N83025,OB,1990,11055
2025-26,N83026,OB,457,2162
2025-26,N83027,OB,635,5383
2025-26,N83028,OB,2337,13595
2025-26,N83030,OB,741,4211
2025-26,N83031,OB,1132,5717
2025-26,N83032,OB,2219,9520
2025-26,N83033,OB,783,4413
2025-26,N83035,OB,843,5794
2025-26,N83041,OB,532,4002
2025-26,N83043,OB,461,3134
2025-26,N83045,OB,1086,7919
2025-26,N83047,OB,718,4420
2025-26,N83049,OB,571,3606
2025-26,N83050,OB,492,3953
2025-26,N83053,OB,1123,7558
2025-26,N83054,OB,586,3443
2025-26,N83601,OB,1335,6099
2025-26,N83603,OB,1084,6302
2025-26,N83605,OB,906,4902
2025-26,N83608,OB,2114,12023
2025-26,N83609,OB,745,3799
2025-26,N83610,OB,282,1879
2025-26,N83614,OB,620,5056
2025-26,N83619,OB,836,4341
2025-26,N83620,OB,455,3025
2025-26,N83621,OB,413,2269
2025-26,N83622,OB,388,1989
2025-26,N83633,OB,608,3070
2025-26,N83637,OB,424,2631
2025-26,N84001,OB,1360,7514
2025-26,N84002,OB,280,1993
2025-26,N84003,OB,1133,8489
2025-26,N84004,OB,1016,6059
2025-26,N84005,OB,1752,10163
2025-26,N84006,OB,1472,9914
2025-26,N84007,OB,776,5016
2025-26,N84008,OB,1186,8060
2025-26,N84010,OB,534,4607
2025-26,N84011,OB,673,5425
2025-26,N84012,OB,1521,9781
2025-26,N84013,OB,1590,8982
2025-26,N84014,OB,627,3137
2025-26,N84015,OB,798,4663
2025-26,N84016,OB,953,4493
2025-26,N84017,OB,1347,8011
2025-26,N84018,OB,1387,12251
2025-26,N84019,OB,1098,5146
2025-26,N84020,OB,1465,8630
2025-26,N84021,OB,2050,13414
2025-26,N84023,OB,1075,6330
2025-26,N84024,OB,951,8235
2025-26,N84025,OB,1469,8364
2025-26,N84027,OB,627,4451
2025-26,N84028,OB,999,5861
2025-26,N84029,OB,909,4539
2025-26,N84034,OB,1104,6326
2025-26,N84035,OB,1184,2997
2025-26,N84038,OB,1013,4962
2025-26,N84041,OB,593,4932
2025-26,N84605,OB,2517,6483
2025-26,N84613,OB,792,3827
2025-26,N84614,OB,651,2786
2025-26,N84615,OB,445,2828
2025-26,N84617,OB,684,4057
2025-26,N84621,OB,2267,6288
2025-26,N84625,OB,929,4811
2025-26,N84626,OB,359,1404
2025-26,N85002,OB,1733,15903
2025-26,N85005,OB,1266,9190
2025-26,N85006,OB,1347,7819
2025-26,N85007,OB,1893,17645
2025-26,N85008,OB,1626,11439
2025-26,N85012,OB,1028,7609
2025-26,N85013,OB,985,6406
2025-26,N85015,OB,703,6485
2025-26,N85016,OB,1343,6890
2025-26,N85017,OB,1064,4476
2025-26,N85018,OB,812,5059
2025-26,N85019,OB,1234,6989
2025-26,N85020,OB,2320,12436
2025-26,N85021,OB,337,2632
2025-26,N85022,OB,604,3596
2025-26,N85023,OB,767,4633
2025-26,N85024,OB,1584,7460
2025-26,N85025,OB,702,4796
2025-26,N85027,OB,1376,7087
2025-26,N85028,OB,2172,10826
2025-26,N85031,OB,398,2965
2025-26,N85032,OB,812,5489
2025-26,N85037,OB,742,4505
2025-26,N85038,OB,505,3342
2025-26,N85044,OB,3193,16623
2025-26,N85046,OB,656,4145
2025-26,N85047,OB,819,5606
2025-26,N85048,OB,780,4306
2025-26,N85051,OB,2704,14148
2025-26,N85052,OB,567,4048
2025-26,N85054,OB,555,4163
2025-26,N85057,OB,295,1627
2025-26,N85059,OB,977,6889
2025-26,N85616,OB,657,3647
2025-26,N85617,OB,503,4028
2025-26,N85620,OB,951,5406
2025-26,N85625,OB,2182,12953
2025-26,N85629,OB,714,3682
2025-26,N85633,OB,714,3938
2025-26,N85634,OB,299,1448
2025-26,N85640,OB,408,2076
2025-26,N85643,OB,523,3228
2025-26,N85648,OB,573,3350
2025-26,P81002,OB,6377,54380
2025-26,P81003,OB,1166,7174
2025-26,P81005,OB,1623,9396
2025-26,P81006,OB,2385,17162
2025-26,P81008,OB,1013,5923
2025-26,P81010,OB,575,4660
2025-26,P81013,OB,1708,12882
2025-26,P81014,OB,1009,8204
2025-26,P81015,OB,1655,10927
2025-26,P81016,OB,1724,9837
2025-26,P81017,OB,1574,12251
2025-26,P81018,OB,880,6596
2025-26,P81020,OB,2820,19414
2025-26,P81022,OB,1254,9016
2025-26,P81025,OB,1420,10183
2025-26,P81027,OB,2329,12062
2025-26,P81029,OB,2826,20283
2025-26,P81031,OB,846,5726
2025-26,P81032,OB,2010,11131
2025-26,P81033,OB,1109,6639
2025-26,P81035,OB,1258,6048
2025-26,P81036,OB,2276,14857
2025-26,P81037,OB,1869,10958
2025-26,P81038,OB,1387,7907
2025-26,P81039,OB,815,4197
2025-26,P81040,OB,1345,8667
2025-26,P81041,OB,1038,8164
2025-26,P81042,OB,2149,11637
2025-26,P81043,OB,852,5472
2025-26,P81044,OB,2261,13498
2025-26,P81045,OB,465,3909
2025-26,P81046,OB,696,5471
2025-26,P81047,OB,2609,12740
2025-26,P81051,OB,2566,11916
2025-26,P81053,OB,1302,6592
2025-26,P81054,OB,1358,7583
2025-26,P81055,OB,1444,12110
2025-26,P81057,OB,2221,11585
2025-26,P81058,OB,1430,7848
2025-26,P81059,OB,937,6481
2025-26,P81061,OB,637,3587
2025-26,P81062,OB,1156,6280
2025-26,P81063,OB,1843,9137
2025-26,P81065,OB,1988,12107
2025-26,P81066,OB,1062,6477
2025-26,P81067,OB,1841,10172
2025-26,P81069,OB,1300,9617
2025-26,P81070,OB,1194,6284
2025-26,P81071,OB,1097,5424
2025-26,P81072,OB,2288,11401
2025-26,P81073,OB,2238,11235
2025-26,P81074,OB,1990,11131
2025-26,P81076,OB,1589,8729
2025-26,P81077,OB,1642,9313
2025-26,P81078,OB,1331,9820
2025-26,P81079,OB,1931,10803
2025-26,P81081,OB,915,5092
2025-26,P81082,OB,1707,9148
2025-26,P81083,OB,1040,7105
2025-26,P81084,OB,919,6921
2025-26,P81086,OB,1432,7503
2025-26,P81087,OB,2023,10064
2025-26,P81088,OB,878,5484
2025-26,P81089,OB,2102,10255
2025-26,P81092,OB,1396,6653
2025-26,P81095,OB,1702,6419
2025-26,P81096,OB,838,5847
2025-26,P81099,OB,1341,8700
2025-26,P81100,OB,1934,12658
2025-26,P81103,OB,1933,9078
2025-26,P81107,OB,1088,6632
2025-26,P81112,OB,2547,13822
2025-26,P81113,OB,953,6688
2025-26,P81115,OB,2247,13163
2025-26,P81117,OB,794,4601
2025-26,P81118,OB,1045,7824
2025-26,P81119,OB,1006,8719
2025-26,P81123,OB,1428,9312
2025-26,P81125,OB,1066,7873
2025-26,P81127,OB,1051,7584
2025-26,P81128,OB,1094,8016
2025-26,P81129,OB,1512,9862
2025-26,P81130,OB,1635,10980
2025-26,P81132,OB,1409,7539
2025-26,P81133,OB,1289,7568
2025-26,P81136,OB,557,2401
2025-26,P81137,OB,1156,5490
2025-26,P81138,OB,481,2759
2025-26,P81140,OB,1636,12307
2025-26,P81143,OB,1445,9508
2025-26,P81147,OB,670,3974
2025-26,P81149,OB,1343,7761
2025-26,P81150,OB,1606,10285
2025-26,P81154,OB,802,6683
2025-26,P81155,OB,892,4818
2025-26,P81157,OB,1736,9673
2025-26,P81159,OB,1948,10094
2025-26,P81160,OB,2184,12539
2025-26,P81165,OB,291,2212
2025-26,P81166,OB,325,1950
2025-26,P81167,OB,937,4365
2025-26,P81169,OB,962,5589
2025-26,P81170,OB,1489,7617
2025-26,P81171,OB,621,3837
2025-26,P81172,OB,1573,9649
2025-26,P81179,OB,1049,5408
2025-26,P81180,OB,416,2685
2025-26,P81181,OB,748,4368
2025-26,P81182,OB,853,4933
2025-26,P81184,OB,1387,6916
2025-26,P81185,OB,1207,8729
2025-26,P81186,OB,548,3797
2025-26,P81191,OB,1471,8549
2025-26,P81196,OB,4232,27444
2025-26,P81197,OB,712,3905
2025-26,P81201,OB,756,4761
2025-26,P81208,OB,2713,14032
2025-26,P81212,OB,1062,4922
2025-26,P81213,OB,1518,17060
2025-26,P81214,OB,523,3522
2025-26,P81218,OB,794,4886
2025-26,P81620,OB,141,1262
2025-26,P81622,OB,1581,8352
2025-26,P81633,OB,499,3320
2025-26,P81646,OB,523,3493
2025-26,P81647,OB,416,3464
2025-26,P81655,OB,1203,8668
2025-26,P81664,OB,1822,13973
2025-26,P81668,OB,1077,5053
2025-26,P81674,OB,870,4791
2025-26,P81681,OB,1923,11316
2025-26,P81683,OB,859,5435
2025-26,P81685,OB,652,3394
2025-26,P81686,OB,282,2023
2025-26,P81687,OB,290,1775
2025-26,P81692,OB,180,1728
2025-26,P81694,OB,351,3869
2025-26,P81695,OB,584,5297
2025-26,P81699,OB,308,2047
2025-26,P81701,OB,438,2435
2025-26,P81704,OB,1490,8232
2025-26,P81707,OB,830,3848
2025-26,P81709,OB,877,4470
2025-26,P81710,OB,1465,8459
2025-26,P81711,OB,0,2
2025-26,P81714,OB,907,4651
2025-26,P81721,OB,280,2025
2025-26,P81724,OB,386,1915
2025-26,P81726,OB,202,1459
2025-26,P81730,OB,1000,7507
2025-26,P81731,OB,197,1887
2025-26,P81732,OB,609,3764
2025-26,P81734,OB,2496,14532
2025-26,P81735,OB,384,2341
2025-26,P81736,OB,577,2875
2025-26,P81740,OB,1681,9168
2025-26,P81741,OB,273,1925
2025-26,P81742,OB,536,2325
2025-26,P81748,OB,838,6168
2025-26,P81755,OB,1255,6752
2025-26,P81757,OB,531,3120
2025-26,P81770,OB,989,6035
2025-26,P81771,OB,1186,7173
2025-26,P81780,OB,616,4033
2025-26,P82001,OB,1840,7894
2025-26,P82002,OB,777,5681
2025-26,P82003,OB,1156,12029
2025-26,P82004,OB,1515,7158
2025-26,P82005,OB,935,5826
2025-26,P82006,OB,1616,9020
2025-26,P82007,OB,2083,10480
2025-26,P82008,OB,2037,11150
2025-26,P82009,OB,1231,6025
2025-26,P82010,OB,1037,5873
2025-26,P82011,OB,907,5528
2025-26,P82012,OB,1048,5203
2025-26,P82013,OB,513,2967
2025-26,P82014,OB,811,5303
2025-26,P82015,OB,2303,16386
2025-26,P82016,OB,1579,9823
2025-26,P82018,OB,1060,5618
2025-26,P82020,OB,524,3612
2025-26,P82021,OB,892,5361
2025-26,P82022,OB,780,4171
2025-26,P82023,OB,1035,7083
2025-26,P82025,OB,455,3417
2025-26,P82029,OB,535,2756
2025-26,P82030,OB,453,2933
2025-26,P82031,OB,1336,8455
2025-26,P82033,OB,364,1609
2025-26,P82034,OB,446,3443
2025-26,P82036,OB,369,2360
2025-26,P82037,OB,882,3839
2025-26,P82607,OB,839,4678
2025-26,P82609,OB,685,4366
2025-26,P82613,OB,747,4180
2025-26,P82616,OB,520,2577
2025-26,P82624,OB,649,2516
2025-26,P82625,OB,300,1629
2025-26,P82626,OB,685,3790
2025-26,P82627,OB,487,3257
2025-26,P82629,OB,411,1576
2025-26,P82633,OB,395,1823
2025-26,P82634,OB,664,2967
2025-26,P82640,OB,619,3630
2025-26,P82643,OB,832,6033
2025-26,P82652,OB,662,3294
2025-26,P82660,OB,622,2586
2025-26,P83001,OB,1478,11180
2025-26,P83004,OB,753,6214
2025-26,P83005,OB,504,3781
2025-26,P83006,OB,757,6563
2025-26,P83007,OB,1391,8777
2025-26,P83009,OB,703,6252
2025-26,P83010,OB,582,2838
2025-26,P83011,OB,1055,5930
2025-26,P83012,OB,7252,38539
2025-26,P83015,OB,1143,6141
2025-26,P83017,OB,603,5537
2025-26,P83021,OB,1248,7685
2025-26,P83024,OB,709,3571
2025-26,P83025,OB,879,5809
2025-26,P83027,OB,215,1535
2025-26,P83603,OB,1407,7460
2025-26,P83605,OB,682,5846
2025-26,P83608,OB,491,5202
2025-26,P83609,OB,467,3137
2025-26,P83611,OB,387,3328
2025-26,P83612,OB,630,4422
2025-26,P83620,OB,581,4574
2025-26,P83621,OB,298,2173
2025-26,P83623,OB,546,3746
2025-26,P84004,OB,1265,6574
2025-26,P84005,OB,519,15147
2025-26,P84009,OB,1614,8678
2025-26,P84010,OB,876,8269
2025-26,P84012,OB,1028,6959
2025-26,P84014,OB,464,3889
2025-26,P84016,OB,1025,6944
2025-26,P84017,OB,1185,9672
2025-26,P84018,OB,193,3361
2025-26,P84019,OB,1539,7991
2025-26,P84020,OB,1322,7303
2025-26,P84021,OB,1099,6787
2025-26,P84022,OB,920,4763
2025-26,P84023,OB,978,8734
2025-26,P84024,OB,1084,6182
2025-26,P84025,OB,957,5595
2025-26,P84026,OB,1273,7299
2025-26,P84027,OB,1094,6312
2025-26,P84028,OB,1351,7788
2025-26,P84029,OB,1513,7868
2025-26,P84030,OB,1814,9968
2025-26,P84032,OB,798,4420
2025-26,P84033,OB,556,3433
2025-26,P84034,OB,1124,13177
2025-26,P84035,OB,1300,14599
2025-26,P84037,OB,750,4415
2025-26,P84038,OB,1321,10833
2025-26,P84039,OB,1849,12820
2025-26,P84040,OB,1140,5470
2025-26,P84041,OB,982,5716
2025-26,P84042,OB,940,7958
2025-26,P84043,OB,1254,7197
2025-26,P84045,OB,792,4407
2025-26,P84046,OB,2290,15605
2025-26,P84047,OB,750,4594
2025-26,P84048,OB,1029,5413
2025-26,P84049,OB,1601,8699
2025-26,P84050,OB,1054,5753
2025-26,P84051,OB,770,4316
2025-26,P84052,OB,1289,5775
2025-26,P84053,OB,1167,6067
2025-26,P84054,OB,763,4966
2025-26,P84056,OB,470,3278
2025-26,P84059,OB,1284,6758
2025-26,P84061,OB,856,4818
2025-26,P84064,OB,1153,11929
2025-26,P84065,OB,542,3071
2025-26,P84066,OB,1010,6043
2025-26,P84067,OB,1401,7142
2025-26,P84068,OB,1895,18010
2025-26,P84070,OB,1259,6235
2025-26,P84071,OB,366,3832
2025-26,P84072,OB,2095,30399
2025-26,P84074,OB,1062,8128
2025-26,P84605,OB,317,1492
2025-26,P84611,OB,554,6453
2025-26,P84626,OB,677,4534
2025-26,P84630,OB,1697,22548
2025-26,P84635,OB,682,3759
2025-26,P84637,OB,601,2212
2025-26,P84639,OB,381,2473
2025-26,P84644,OB,981,5056
2025-26,P84645,OB,613,4746
2025-26,P84650,OB,869,4961
2025-26,P84651,OB,819,4478
2025-26,P84663,OB,619,4275
2025-26,P84665,OB,300,4560
2025-26,P84669,OB,1504,15780
2025-26,P84672,OB,342,2895
2025-26,P84673,OB,1054,12996
2025-26,P84678,OB,1020,13253
2025-26,P84679,OB,339,1658
2025-26,P84683,OB,776,14488
2025-26,P84684,OB,984,4979
2025-26,P84689,OB,1667,10984
2025-26,P84690,OB,261,2041
2025-26,P85002,OB,1162,5272
2025-26,P85003,OB,736,4199
2025-26,P85004,OB,842,4825
2025-26,P85005,OB,1404,7744
2025-26,P85007,OB,581,2924
2025-26,P85010,OB,2476,11108
2025-26,P85011,OB,2068,9710
2025-26,P85012,OB,901,4151
2025-26,P85013,OB,3825,17045
2025-26,P85014,OB,1084,4990
2025-26,P85015,OB,1304,5226
2025-26,P85016,OB,1471,11639
2025-26,P85017,OB,1531,7579
2025-26,P85018,OB,725,3292
2025-26,P85019,OB,1013,5509
2025-26,P85020,OB,851,5611
2025-26,P85021,OB,1772,7046
2025-26,P85022,OB,740,3926
2025-26,P85026,OB,1835,12656
2025-26,P85601,OB,452,2253
2025-26,P85605,OB,1545,5398
2025-26,P85606,OB,1090,5285
2025-26,P85608,OB,516,1948
2025-26,P85610,OB,963,6177
2025-26,P85612,OB,444,2913
2025-26,P85614,OB,752,3987
2025-26,P85615,OB,1698,8383
2025-26,P85622,OB,1534,7312
2025-26,P86001,OB,1483,6662
2025-26,P86002,OB,383,1460
2025-26,P86003,OB,1245,8608
2025-26,P86004,OB,1325,7152
2025-26,P86005,OB,922,4840
2025-26,P86006,OB,1927,13094
2025-26,P86007,OB,2053,10571
2025-26,P86008,OB,1246,7647
2025-26,P86009,OB,1786,8235
2025-26,P86010,OB,1244,6522
2025-26,P86011,OB,1373,6680
2025-26,P86012,OB,1335,6620
2025-26,P86013,OB,784,4768
2025-26,P86014,OB,862,5597
2025-26,P86015,OB,745,4728
2025-26,P86016,OB,1282,6680
2025-26,P86017,OB,1002,3317
2025-26,P86018,OB,1079,6943
2025-26,P86019,OB,1254,7899
2025-26,P86021,OB,517,3083
2025-26,P86022,OB,1393,7097
2025-26,P86023,OB,1373,7494
2025-26,P86026,OB,1128,5804
2025-26,P86602,OB,517,2715
2025-26,P86606,OB,781,3220
2025-26,P86608,OB,585,3453
2025-26,P86609,OB,417,1810
2025-26,P86614,OB,875,3322
2025-26,P86619,OB,882,4580
2025-26,P86620,OB,424,2135
2025-26,P86624,OB,609,3551
2025-26,P87002,OB,1641,9268
2025-26,P87004,OB,1643,13840
2025-26,P87008,OB,1319,7068
2025-26,P87015,OB,1074,7480
2025-26,P87016,OB,2031,11272
2025-26,P87017,OB,750,3981
2025-26,P87019,OB,2071,10041
2025-26,P87020,OB,2471,12651
2025-26,P87022,OB,342,1875
2025-26,P87024,OB,2043,8968
2025-26,P87025,OB,1411,7874
2025-26,P87026,OB,1808,12124
2025-26,P87027,OB,1682,16830
2025-26,P87028,OB,1816,7655
2025-26,P87032,OB,791,5175
2025-26,P87035,OB,1397,9870
2025-26,P87040,OB,1221,6789
2025-26,P87610,OB,2244,9822
2025-26,P87613,OB,773,3590
2025-26,P87620,OB,997,7451
2025-26,P87624,OB,545,4023
2025-26,P87625,OB,489,2037
2025-26,P87627,OB,492,2712
2025-26,P87630,OB,651,2434
2025-26,P87634,OB,1403,9629
2025-26,P87639,OB,530,3366
2025-26,P87648,OB,505,4146
2025-26,P87649,OB,947,4929
2025-26,P87654,OB,1319,8838
2025-26,P87657,OB,807,3483
2025-26,P87658,OB,366,2868
2025-26,P87661,OB,375,1672
2025-26,P88002,OB,489,5256
2025-26,P88003,OB,1324,8145
2025-26,P88005,OB,1590,9278
2025-26,P88006,OB,1421,9261
2025-26,P88007,OB,1075,11587
2025-26,P88008,OB,735,6876
2025-26,P88009,OB,260,2523
2025-26,P88011,OB,1525,8588
2025-26,P88012,OB,738,6497
2025-26,P88013,OB,1404,10136
2025-26,P88014,OB,758,3909
2025-26,P88015,OB,1326,10072
2025-26,P88016,OB,1665,10920
2025-26,P88017,OB,760,5468
2025-26,P88018,OB,1382,8002
2025-26,P88019,OB,865,4231
2025-26,P88020,OB,1741,9438
2025-26,P88021,OB,739,5636
2025-26,P88023,OB,703,5757
2025-26,P88024,OB,934,8048
2025-26,P88025,OB,1345,8369
2025-26,P88026,OB,5041,42994
2025-26,P88031,OB,708,4736
2025-26,P88041,OB,490,6697
2025-26,P88042,OB,962,5375
2025-26,P88043,OB,1665,7072
2025-26,P88044,OB,975,4860
2025-26,P88606,OB,815,4512
2025-26,P88615,OB,460,2842
2025-26,P88623,OB,729,6385
2025-26,P88625,OB,1072,6371
2025-26,P88632,OB,2555,14269
2025-26,P89002,OB,3221,15978
2025-26,P89003,OB,1117,7808
2025-26,P89004,OB,1063,5204
2025-26,P89005,OB,1022,6525
2025-26,P89006,OB,1450,9218
2025-26,P89007,OB,1288,6515
2025-26,P89008,OB,1676,13717
2025-26,P89010,OB,975,6270
2025-26,P89011,OB,654,3885
2025-26,P89012,OB,957,5481
2025-26,P89013,OB,669,3697
2025-26,P89014,OB,2044,9910
2025-26,P89015,OB,3059,17090
2025-26,P89016,OB,1075,6417
2025-26,P89018,OB,1336,6770
2025-26,P89020,OB,741,5767
2025-26,P89021,OB,1394,8830
2025-26,P89022,OB,336,2620
2025-26,P89023,OB,874,4914
2025-26,P89025,OB,452,2301
2025-26,P89026,OB,825,5101
2025-26,P89029,OB,1244,6345
2025-26,P89030,OB,452,3177
2025-26,P89602,OB,485,3056
2025-26,P89609,OB,652,3825
2025-26,P89612,OB,296,1815
2025-26,P89613,OB,476,2809
2025-26,P89618,OB,328,2526
2025-26,P91003,OB,526,6171
2025-26,P91004,OB,428,6550
2025-26,P91006,OB,1492,10574
2025-26,P91007,OB,525,4923
2025-26,P91008,OB,403,4947
2025-26,P91009,OB,1446,8843
2025-26,P91011,OB,410,4241
2025-26,P91012,OB,1003,6131
2025-26,P91013,OB,1639,8822
2025-26,P91014,OB,1856,12647
2025-26,P91016,OB,747,7046
2025-26,P91017,OB,862,6748
2025-26,P91018,OB,1294,11568
2025-26,P91019,OB,646,2910
2025-26,P91020,OB,1437,6987
2025-26,P91021,OB,1838,12149
2025-26,P91026,OB,903,4984
2025-26,P91029,OB,1311,9447
2025-26,P91035,OB,1410,10553
2025-26,P91603,OB,648,6052
2025-26,P91604,OB,968,12927
2025-26,P91617,OB,178,1790
2025-26,P91623,OB,808,6156
2025-26,P91627,OB,866,6735
2025-26,P91629,OB,1918,11993
2025-26,P91631,OB,265,2790
2025-26,P92001,OB,887,4647
2025-26,P92002,OB,765,4263
2025-26,P92003,OB,1525,7770
2025-26,P92004,OB,852,5791
2025-26,P92005,OB,797,3515
2025-26,P92006,OB,1052,4950
2025-26,P92007,OB,1083,4947
2025-26,P92008,OB,1520,7049
2025-26,P92010,OB,1906,9330
2025-26,P92011,OB,1172,6530
2025-26,P92012,OB,856,3660
2025-26,P92014,OB,1292,10598
2025-26,P92015,OB,1193,5124
2025-26,P92016,OB,2823,15691
2025-26,P92017,OB,1930,11198
2025-26,P92019,OB,1662,7924
2025-26,P92020,OB,804,4011
2025-26,P92021,OB,1124,4886
2025-26,P92023,OB,1346,7140
2025-26,P92024,OB,691,4134
2025-26,P92026,OB,1129,5862
2025-26,P92028,OB,654,3776
2025-26,P92029,OB,741,3411
2025-26,P92030,OB,546,3520
2025-26,P92031,OB,692,3706
2025-26,P92033,OB,697,3885
2025-26,P92034,OB,1065,4621
2025-26,P92038,OB,506,2523
2025-26,P92041,OB,1066,6818
2025-26,P92042,OB,1438,7337
2025-26,P92602,OB,354,1867
2025-26,P92605,OB,765,6330
2025-26,P92607,OB,1244,6331
2025-26,P92615,OB,786,3908
2025-26,P92620,OB,1123,6204
2025-26,P92621,OB,697,3582
2025-26,P92626,OB,1199,5223
2025-26,P92630,OB,396,2436
2025-26,P92633,OB,486,2922
2025-26,P92634,OB,760,3967
2025-26,P92635,OB,287,1603
2025-26,P92637,OB,494,3266
2025-26,P92639,OB,474,2429
2025-26,P92642,OB,729,4356
2025-26,P92646,OB,344,2854
2025-26,P92647,OB,1026,5253
2025-26,P92648,OB,911,4712
2025-26,P92651,OB,929,4538
2025-26,Y00020,OB,977,7900
2025-26,Y00026,OB,213,2221
2025-26,Y00033,OB,639,5074
2025-26,Y00050,OB,783,5422
2025-26,Y00056,OB,83,682
2025-26,Y00057,OB,1988,11898
2025-26,Y00060,OB,76,557
2025-26,Y00078,OB,582,4319
2025-26,Y00080,OB,928,6182
2025-26,Y00090,OB,1055,6501
2025-26,Y00137,OB,4205,24790
2025-26,Y00140,OB,367,1727
2025-26,Y00155,OB,739,8087
2025-26,Y00159,OB,3415,23615
2025-26,Y00184,OB,675,7329
2025-26,Y00185,OB,1378,9050
2025-26,Y00186,OB,174,1175
2025-26,Y00200,OB,231,3814
2025-26,Y00206,OB,933,7537
2025-26,Y00228,OB,335,1844
2025-26,Y00252,OB,301,2448
2025-26,Y00265,OB,2503,11651
2025-26,Y00278,OB,624,2832
2025-26,Y00286,OB,559,2800
2025-26,Y00293,OB,977,7594
2025-26,Y00297,OB,636,3943
2025-26,Y00312,OB,562,3348
2025-26,Y00316,OB,474,4684
2025-26,Y00344,OB,75,1262
2025-26,Y00347,OB,702,4451
2025-26,Y00351,OB,1697,9480
2025-26,Y00352,OB,2440,17897
2025-26,Y00399,OB,360,3323
2025-26,Y00403,OB,424,6634
2025-26,Y00411,OB,1458,8999
2025-26,Y00412,OB,822,4307
2025-26,Y00437,OB,1175,7880
2025-26,Y00445,OB,2824,14208
2025-26,Y00446,OB,535,2655
2025-26,Y00469,OB,1280,9278
2025-26,Y00471,OB,873,6509
2025-26,Y00475,OB,617,4321
2025-26,Y00486,OB,623,5591
2025-26,Y00492,OB,1128,6344
2025-26,Y00507,OB,303,3380
2025-26,Y00560,OB,1774,13248
2025-26,Y00568,OB,313,3974
2025-26,Y00612,OB,601,3584
2025-26,Y00726,OB,860,4233
2025-26,Y00758,OB,184,1858
2025-26,Y00774,OB,556,4262
2025-26,Y00902,OB,411,2807
2025-26,Y00918,OB,1048,5163
2025-26,Y00969,OB,1056,9809
2025-26,Y00996,OB,335,3433
2025-26,Y00999,OB,1111,8450
2025-26,Y01008,OB,8028,43428
2025-26,Y01011,OB,740,8509
2025-26,Y01050,OB,675,6338
2025-26,Y01051,OB,919,7157
2025-26,Y01057,OB,95,1070
2025-26,Y01066,OB,755,6818
2025-26,Y01068,OB,571,3500
2025-26,Y01090,OB,807,6960
2025-26,Y01108,OB,392,3193
2025-26,Y01118,OB,464,2726
2025-26,Y01127,OB,676,5539
2025-26,Y01132,OB,939,10378
2025-26,Y01163,OB,225,3255
2025-26,Y01206,OB,350,7910
2025-26,Y01221,OB,488,2792
2025-26,Y01280,OB,362,1786
2025-26,Y01281,OB,579,3986
2025-26,Y01291,OB,1494,8084
2025-26,Y01652,OB,1045,5175
2025-26,Y01655,OB,439,7989
2025-26,Y01690,OB,1016,5846
2025-26,Y01695,OB,471,3166
2025-26,Y01719,OB,1359,6328
2025-26,Y01756,OB,1188,5073
2025-26,Y01794,OB,2613,11735
2025-26,Y01795,OB,1601,6684
2025-26,Y01812,OB,1790,8844
2025-26,Y01839,OB,982,5881
2025-26,Y01922,OB,1252,10193
2025-26,Y01929,OB,4412,39311
2025-26,Y01948,OB,225,1970
2025-26,Y01964,OB,3945,20678
2025-26,Y02002,OB,1088,20748
2025-26,Y02117,OB,1729,11514
2025-26,Y02177,OB,583,5211
2025-26,Y02212,OB,434,2065
2025-26,Y02274,OB,499,2737
2025-26,Y02319,OB,832,5460
2025-26,Y02321,OB,731,4156
2025-26,Y02322,OB,1157,7299
2025-26,Y02325,OB,586,3617
2025-26,Y02332,OB,1515,13158
2025-26,Y02342,OB,1357,7571
2025-26,Y02354,OB,1373,7228
2025-26,Y02378,OB,760,5094
2025-26,Y02423,OB,3347,37999
2025-26,Y02463,OB,998,10096
2025-26,Y02466,OB,1545,8996
2025-26,Y02469,OB,858,7176
2025-26,Y02476,OB,1152,12430
2025-26,Y02494,OB,509,6871
2025-26,Y02510,OB,915,5358
2025-26,Y02517,OB,1405,14401
2025-26,Y02519,OB,1294,7514
2025-26,Y02520,OB,743,3689
2025-26,Y02521,OB,1560,7229
2025-26,Y02567,OB,597,3950
2025-26,Y02571,OB,694,6392
2025-26,Y02575,OB,2541,15625
2025-26,Y02578,OB,592,11653
2025-26,Y02586,OB,507,3689
2025-26,Y02589,OB,624,8761
2025-26,Y02594,OB,263,2274
2025-26,Y02605,OB,628,3064
2025-26,Y02606,OB,769,4534
2025-26,Y02611,OB,1401,13182
2025-26,Y02622,OB,674,15066
2025-26,Y02625,OB,257,1171
2025-26,Y02626,OB,522,3375
2025-26,Y02627,OB,1699,8372
2025-26,Y02633,OB,794,4887
2025-26,Y02636,OB,790,4952
2025-26,Y02639,OB,931,6892
2025-26,Y02646,OB,1203,7627
2025-26,Y02653,OB,840,3236
2025-26,Y02657,OB,986,6132
2025-26,Y02663,OB,433,3193
2025-26,Y02669,OB,707,4114
2025-26,Y02671,OB,1844,13693
2025-26,Y02672,OB,1100,10314
2025-26,Y02674,OB,62,507
2025-26,Y02676,OB,605,8517
2025-26,Y02684,OB,334,2807
2025-26,Y02686,OB,793,7569
2025-26,Y02692,OB,1309,12472
2025-26,Y02701,OB,1013,5940
2025-26,Y02707,OB,797,5405
2025-26,Y02713,OB,529,3370
2025-26,Y02718,OB,830,3503
2025-26,Y02720,OB,823,3308
2025-26,Y02721,OB,857,3531
2025-26,Y02736,OB,1061,4929
2025-26,Y02751,OB,1045,9319
2025-26,Y02753,OB,1035,4463
2025-26,Y02755,OB,991,6705
2025-26,Y02757,OB,2172,9531
2025-26,Y02767,OB,673,5124
2025-26,Y02769,OB,751,6159
2025-26,Y02790,OB,1095,5146
2025-26,Y02794,OB,1345,7733
2025-26,Y02795,OB,714,3944
2025-26,Y02807,OB,1179,9238
2025-26,Y02827,OB,838,3554
2025-26,Y02842,OB,804,7673
2025-26,Y02847,OB,791,10009
2025-26,Y02849,OB,780,14285
2025-26,Y02867,OB,571,3600
2025-26,Y02875,OB,660,3517
2025-26,Y02885,OB,580,3088
2025-26,Y02886,OB,587,3566
2025-26,Y02890,OB,637,5023
2025-26,Y02893,OB,4047,16215
2025-26,Y02900,OB,1494,15720
2025-26,Y02906,OB,541,7760
2025-26,Y02928,OB,2236,19498
2025-26,Y02933,OB,1537,6322
2025-26,Y02936,OB,325,2552
2025-26,Y02946,OB,544,7353
2025-26,Y02960,OB,668,4901
2025-26,Y02973,OB,794,6501
2025-26,Y02974,OB,1561,9240
2025-26,Y02986,OB,450,4226
2025-26,Y02987,OB,3092,24941
2025-26,Y03023,OB,2887,25461
2025-26,Y03035,OB,1680,17352
2025-26,Y03049,OB,2118,12968
2025-26,Y03052,OB,1323,11352
2025-26,Y03063,OB,644,6859
2025-26,Y03079,OB,1971,12337
2025-26,Y03103,OB,19,285
2025-26,Y03124,OB,828,4090
2025-26,Y03135,OB,780,8091
2025-26,Y03222,OB,1373,5597
2025-26,Y03366,OB,733,3969
2025-26,Y03402,OB,2404,14082
2025-26,Y03441,OB,390,8554
2025-26,Y03595,OB,927,5519
2025-26,Y03597,OB,1238,5327
2025-26,Y03602,OB,655,5166
2025-26,Y03663,OB,805,7329
2025-26,Y03664,OB,793,6562
2025-26,Y03755,OB,867,11635
2025-26,Y04225,OB,248,1171
2025-26,Y04266,OB,495,3082
2025-26,Y04273,OB,1759,17042
2025-26,Y04662,OB,593,4330
2025-26,Y04664,OB,309,3622
2025-26,Y04809,OB,299,1949
2025-26,Y04882,OB,397,2880
2025-26,Y04884,OB,280,2729
2025-26,Y04925,OB,542,6113
2025-26,Y04957,OB,5217,26820
2025-26,Y04965,OB,1976,16013
2025-26,Y04969,OB,507,3440
2025-26,Y04977,OB,885,4472
2025-26,Y04995,OB,3179,15033
2025-26,Y05023,OB,505,3912
2025-26,Y05080,OB,414,2472
2025-26,Y05167,OB,991,9902
2025-26,Y05212,OB,674,4491
2025-26,Y05248,OB,472,2677
2025-26,Y05286,OB,2083,12482
2025-26,Y05317,OB,802,5807
2025-26,Y05318,OB,804,4476
2025-26,Y05330,OB,461,3949
2025-26,Y05346,OB,421,2758
2025-26,Y05349,OB,426,4905
2025-26,Y05363,OB,404,2458
2025-26,Y05364,OB,573,2763
2025-26,Y05369,OB,905,5386
2025-26,Y05622,OB,610,3774
2025-26,Y05690,OB,702,5274
2025-26,Y05733,OB,751,4774
2025-26,Y05750,OB,23,124
2025-26,Y05826,OB,657,4442
2025-26,Y06007,OB,1055,6822
2025-26,Y06113,OB,93,461
2025-26,Y06218,OB,667,7342
2025-26,Y06275,OB,948,4885
2025-26,Y06345,OB,140,1459
2025-26,Y06356,OB,1156,7134
2025-26,Y06378,OB,647,4577
2025-26,Y06443,OB,1882,10194
2025-26,Y06545,OB,27,215
2025-26,Y06592,OB,17,217
2025-26,Y06659,OB,271,2626
2025-26,Y06792,OB,453,5453
2025-26,Y06810,OB,1565,12000
2025-26,Y07014,OB,1876,10957
2025-26,Y07020,OB,21,254
2025-26,Y07025,OB,1110,6344
2025-26,Y07057,OB,1825,9374
2025-26,Y07059,OB,2146,14888
2025-26,Y07060,OB,2497,19148
2025-26,Y07275,OB,408,2263
2025-26,Y07697,OB,13,140
2025-26,Y08371,OB,522,3349
2025-26,Y08411,OB,38,313
